models,delta,spacing,onvg,hypervolume,time,c_Prufer,c_NetKeys,c_Prim,c_Kruskal,c_GPrim,score
Prufer,0.9100395428885997,0.01251086313435554,6,0.4767062914475658,26.068164587020874,0.0,0.0,0.0,0.0,0.0,0
NetKeys,0.8825962324650579,0.015003742963119725,6,0.5652196624977331,39.773170709609985,1.0,0.0,0.1111111111111111,0.14285714285714285,0.0,1
Prim,0.8826713689149671,0.01069874936925027,9,0.5722332100376482,28.367709159851074,1.0,0.8333333333333334,0.0,0.14285714285714285,0.0,2
Kruskal,0.9029958862658808,0.010947107825794876,7,0.5482833424689595,34.59210681915283,1.0,0.5,0.3333333333333333,0.0,0.0,3
GPrim,0.5657849191523405,0.028144552599714785,35,0.7776207926634242,43.06881618499756,1.0,1.0,1.0,1.0,0.0,4
