models,delta,spacing,onvg,hypervolume,time,c_A,c_B,c_C,c_D,c_E,score
A,0.9028224733668038,0.02383877521732301,6,0.1191150121853358,29.063706636428833,0.0,0.0,0.0,0.0,0.0,0
B,0.9101971194891639,0.016270279222076883,7,0.11942000928102527,40.87724304199219,0.8333333333333334,0.0,0.0,0.0,0.0,1
C,0.9129469436201795,0.009345944695821123,7,0.07945414019038777,29.675108194351196,0.8333333333333334,0.7142857142857143,0.0,0.2857142857142857,0.02857142857142857,2
D,0.9194739513375272,0.0008598519279056361,7,0.09272645970941475,36.30825591087341,1.0,0.8571428571428571,0.5714285714285714,0.0,0.0,3
E,0.7869243975371585,0.0883111633842975,35,0.8179274404956179,44.696945667266846,1.0,1.0,0.8571428571428571,1.0,0.0,4
