models,delta,spacing,onvg,hypervolume,time,c_Prufer,c_NetKeys,c_Prim,c_Kruskal,c_GPrim,score
Prufer,0.9028224733668038,0.02383877521732301,6,0.6531173052341208,29.063706636428833,0.0,0.0,0.0,0.0,0.0,0
NetKeys,0.9101971194891639,0.016270279222076883,7,0.6771758186543089,40.87724304199219,0.8333333333333334,0.0,0.0,0.0,0.0,1
Prim,0.9129469436201795,0.009345944695821123,7,0.6130936517349488,29.675108194351196,0.8333333333333334,0.7142857142857143,0.0,0.2857142857142857,0.02857142857142857,2
Kruskal,0.9194739513375272,0.0008598519279056361,7,0.6595613786943907,36.30825591087341,1.0,0.8571428571428571,0.5714285714285714,0.0,0.0,3
GPrim,0.7869243975371585,0.0883111633842975,35,0.8725854476696855,44.696945667266846,1.0,1.0,0.8571428571428571,1.0,0.0,4
