models,delta,spacing,onvg,hypervolume,time,c_A,c_B,c_C,c_D,c_E,score
A,0.9404750865851063,0.011331534181333348,10,0.0826552383574618,654.0890970230103,0.0,0.0,0.0,0.0,0.0,0
B,1.0199900017928027,0.039990709504146967,7,0.06724697508616863,1416.2860596179962,1.0,0.0,0.0,0.5555555555555556,0.0,2
C,0.981464775246096,0.001694184379191905,7,0.021714556748165546,292.11056900024414,1.0,0.14285714285714285,0.0,0.0,0.0,2
D,0.9651957473199142,0.008667025193580778,9,0.056683065543632144,468.2126386165619,1.0,0.14285714285714285,0.42857142857142855,0.0,0.0,2
E,0.9398342249880314,0.0024692528361362396,26,0.099128818647925,502.896213054657,1.0,1.0,1.0,1.0,0.0,4
