models,delta,spacing,onvg,hypervolume,time,c_Prufer,c_NetKeys,c_Prim,c_Kruskal,c_GPrim,score
Prufer,0.9519572287361837,0.02753102356770556,8,0.5186881717610696,628.4600918292999,0.0,0.0,0.0,0.0,0.0,0
NetKeys,0.9747625993201209,0.006069401709824143,13,0.6691576784054921,1412.5313003063202,1.0,0.0,0.6666666666666666,0.5,0.0,3
Prim,0.9698910265333092,0.01698273993492452,3,0.5274337413408121,292.4205241203308,1.0,0.0,0.0,0.16666666666666666,0.0,2
Kruskal,0.9591844411010247,0.044144907605200255,6,0.6186581624997876,467.6286175251007,0.375,0.15384615384615385,0.0,0.0,0.0,1
GPrim,0.937239523476778,0.002320272406272522,24,0.7812905992258014,479.40714621543884,1.0,1.0,1.0,1.0,0.0,4
