models,delta,spacing,onvg,hypervolume,c_A,c_B,c_C,c_D,c_E,score
A,0.9774322948597342,0.010741966702687207,7,0.03253623675723866,0.0,0.0,0.0,0.0,0.0,0
B,1.0199900017928027,0.039990709504146967,7,0.06724697508616863,1.0,0.0,0.0,0.0,0.0,1
C,0.981464775246096,0.001694184379191905,7,0.021714556748165546,1.0,0.14285714285714285,0.0,0.0,0.0,2
D,0.9934694587853694,0.059129290727271154,3,0.053906457701965324,1.0,0.8571428571428571,0.2857142857142857,0.0,0.0,3
E,0.9398342249880314,0.0024692528361362396,26,0.099128818647925,1.0,1.0,1.0,1.0,0.0,4
