models,delta,spacing,onvg,hypervolume,time,c_A,c_B,c_C,c_D,c_E,score
A,0.9748743681038489,0.7869267937487334,7,0.5186795417442485,170.4672348499298,0.0,0.0,0.0,0.0,0.0,0
B,1.0368509120732865,7.5594632124268255,7,1.0720241090457652,1416.2860596179962,1.0,0.0,0.0,0.0,0.0,1
C,0.9731993339295836,0.0001350400146128829,7,0.34616469099832836,292.11056900024414,1.0,0.14285714285714285,0.0,0.0,0.0,2
D,0.9899497511782032,10.969996345673184,3,0.8593549704758199,621.5480802059174,1.0,0.8571428571428571,0.2857142857142857,0.0,0.0,3
E,0.8926633641547155,0.49145694809536616,26,1.580271578842487,502.896213054657,1.0,1.0,1.0,1.0,0.0,4
