models,delta,spacing,onvg,hypervolume,c_A,c_B,c_C,c_D,c_E,score
A,0.8410256453905064,1.0955410240154895,6,0.05490257089579129,0.0,0.0,0.0,0.0,0.0,0
B,0.7762237843534763,0.2886455779268915,12,0.07997605065938015,1.0,0.0,0.2727272727272727,0.25,0.0,1
C,0.743589761373838,0.40460706391325657,11,0.07387587142499637,1.0,0.6666666666666666,0.0,0.5833333333333334,0.0,3
D,0.752913766739594,0.0001192653486405453,12,0.06675336732314735,1.0,0.5833333333333334,0.18181818181818182,0.0,0.0,2
E,0.376725908587546,4.251411070086703e-05,27,0.11881551258591061,1.0,1.0,1.0,1.0,0.0,4
