models,delta,spacing,onvg,hypervolume,c_A,c_B,c_C,c_D,c_E,score
A,0.9668341719936903,2.0412137167167024,6,0.35086967461308394,0.0,0.0,0.0,0.0,0.0,0
B,0.9427908543790586,1.368614564008502,14,1.339247606727835,0.5,0.0,0.16666666666666666,0.0,0.0,1
C,0.9648241202534116,2.160077038674764,6,0.34849381049524863,1.0,0.2857142857142857,0.0,0.06666666666666667,0.0,2
D,0.922469494271292,1.8696229313339459,15,0.8280827004906838,1.0,1.0,0.5,0.0,0.04,3
E,0.8505025193093276,0.5099114592647107,25,0.969379344426716,1.0,0.35714285714285715,1.0,0.2,0.0,4
