models,delta,spacing,onvg,hypervolume,c_A,c_B,c_C,c_D,c_E,score
A,0.9668341719936903,2.041213716716703,6,0.35086967461308394,0.0,0.0,0.0,0.0,0.0,0
B,1.0158484705282702,1.8693139633413267,14,1.0226616023657191,1.0,0.0,0.0,0.0,0.0,1
C,0.9585427153132619,0.5269622991089485,9,0.44989736212411047,1.0,0.5,0.0,0.3,0.0,3
D,0.9053160624760684,0.8751035319567638,20,1.1383695464444488,1.0,1.0,0.1111111111111111,0.0,0.0,2
E,0.5691123087524826,0.5047114156538756,76,2.7383595965717116,1.0,0.8571428571428571,1.0,0.3,0.0,4
