models,igd,delta,spacing,onvg,hypervolume,time,c_A,c_B,c_C,c_D,c_E,score
A,0.05406581761066679,0.8533993870050833,0.03930656327558368,5,0.1516488986359258,11.67366909980774,0.0,0.0,0.0,0.0,0.0,0
B,0.025393954476229032,0.7018847129442193,0.046560788455614975,12,0.41791532964880423,22.759362936019897,1.0,0.0,0.3076923076923077,0.0,0.0,1
C,0.03320508553219998,0.6482027945819798,0.02216886459156002,13,0.3359479758000325,16.2739474773407,1.0,0.5833333333333334,0.0,0.0,0.0,2
D,0.05755658052979633,0.8520716323675512,0.020612588301603597,6,0.1445458281576441,19.153599739074707,1.0,0.4166666666666667,0.5384615384615384,0.0,0.0,3
E,0.016802592896737058,0.6438433579137652,0.11777273833197432,20,0.8070217992086111,23.68259048461914,1.0,1.0,0.6153846153846154,0.8333333333333334,0.0,4
