models,igd,delta,spacing,onvg,hypervolume,c_A,c_B,c_C,c_D,c_E,c_F,score
A,0.6782330112071236,0.7578947465944845,0.4083747173060324,6,0.015036573499986024,0.0,0.0,0.0,0.0,0.0,0.0,0
B,0.8440971539702904,0.47368672395154676,0.0005874568569104161,11,0.04583084638002762,1.0,0.0,0.36363636363636365,0.23076923076923078,0.0,0.0,2
C,0.4609772392002083,0.47368424641082996,7.777888164813845e-05,11,0.02162287293960413,1.0,0.18181818181818182,0.0,0.07692307692307693,0.0,0.0,1
D,0.38729834705717303,0.36842111918106074,7.884987941094411e-05,13,0.028011618135986766,1.0,0.36363636363636365,0.8181818181818182,0.0,0.15,0.0,3
E,6.59215273826666e-05,6.328336350942881e-06,0.00045907762632174394,20,0.06295473973047051,1.0,0.8181818181818182,0.9090909090909091,0.38461538461538464,0.0,0.0,4
F,6.560202453286642e-05,6.546160462035068e-06,0.0004592019406071553,20,0.06294291455152878,1.0,0.9090909090909091,0.9090909090909091,0.5384615384615384,0.45,0.0,5
