models,igd,delta,spacing,onvg,hypervolume,c_A,c_B,c_C,c_D,c_E,score
A,0.047565481884318035,0.8390159037982834,0.05724601375554118,6,0.1927568134035743,0.0,0.0,0.0,0.0,0.0,0
B,0.04596612739795748,0.8221306278349921,0.15061451566772857,11,0.5875146956725928,1.0,0.0,0.36363636363636365,0.23076923076923078,0.0,2
C,0.038828203678449996,0.7109189413870747,0.01994125772949656,11,0.2771878902113133,1.0,0.18181818181818182,0.0,0.07692307692307693,0.0,1
D,0.031641118466685283,0.6673225583703236,0.02021584437773716,13,0.35908648005315824,1.0,0.36363636363636365,0.8181818181818182,0.0,0.0,3
E,0.016793480590932254,0.6408220234669828,0.11773201225698084,20,0.8068776862825451,1.0,0.9090909090909091,0.9090909090909091,0.5384615384615384,0.0,4
