models,igd,delta,spacing,onvg,hypervolume,time,c_Prufer,c_NetKeys,c_Prim,c_Kruskal,c_GPrim,score
Prufer,0.04955177394793108,0.79532572524941,0.014591634396626248,8,0.6571111770826263,15.938148975372314,0.0,0.3,0.14285714285714285,0.0,0.0,0
NetKeys,0.04519668990108787,0.7283144202512157,0.020898041723304086,10,0.7751301624929999,22.91845154762268,0.375,0.0,0.21428571428571427,0.0,0.0,1
Prim,0.02765214563951692,0.6664244193928315,0.044326277410050054,14,0.7333911413157157,16.024908304214478,0.625,0.4,0.0,0.08333333333333333,0.0,2
Kruskal,0.03625337540294076,0.6910260279803234,0.017595437419071307,12,0.7450356877698397,18.073487281799316,1.0,0.9,0.5,0.0,0.1,3
GPrim,0.0004522081235857481,0.5986286003264861,0.09307622638888106,20,0.8253720575982247,22.461207151412964,1.0,1.0,0.6428571428571429,0.6666666666666666,0.0,4
