models,igd,delta,spacing,onvg,hypervolume,time,c_Prufer,c_NetKeys,c_Prim,c_Kruskal,c_GPrim,score
Prufer,0.09574539422798614,0.812119086952529,0.037036504083324755,8,0.5911431271454215,15.938148975372314,0.0,0.3,0.14285714285714285,0.0,0.0,0
NetKeys,0.07732251085009482,0.6909825355695061,0.05304343479148559,10,0.6599696463646544,22.91845154762268,0.375,0.0,0.21428571428571427,0.0,0.0,1
Prim,0.06475687091819923,0.7607822794155015,0.10099056828653241,14,0.6309374164253883,16.024908304214478,0.625,0.4,0.0,0.08333333333333333,0.0,2
Kruskal,0.08328676624083384,0.6992056917172467,0.031940258704687974,12,0.6604936183266871,18.073487281799316,1.0,0.9,0.5,0.0,0.1,3
GPrim,0.0011477952065170023,0.9117136430215683,0.2362461904548053,20,2.486495160473406,22.461207151412964,1.0,1.0,0.6428571428571429,0.6666666666666666,0.0,4
