models,delta,spacing,onvg,hypervolume,time,c_Prufer,c_NetKeys,c_Prim,c_Kruskal,c_GPrim,score
Prufer,0.9664347998849729,0.017883397616701827,4,0.46149275772503057,57.670512676239014,0.0,0.0,0.0,0.0,0.0,0
NetKeys,0.9298725739159375,0.008849961672718452,11,0.6375058253779068,125.87689423561096,1.0,0.0,0.0,0.0,0.0,1
Prim,0.9478022275772807,0.004427304032195204,9,0.5969976933150799,64.59033060073853,1.0,0.6363636363636364,0.0,0.4,0.0,3
Kruskal,0.992635657654899,0.044898659364450075,5,0.6053668298741542,81.13366746902466,1.0,0.7272727272727273,0.3333333333333333,0.0,0.0,2
GPrim,0.8013417601177212,0.006851348138711903,40,0.8167680172291013,120.80587005615234,1.0,1.0,1.0,1.0,0.0,4
