models,delta,spacing,onvg,hypervolume,time,c_Prufer,c_NetKeys,c_Prim,c_Kruskal,c_GPrim,score
Prufer,0.9555354501707333,0.0,2,0.47738129214526576,60.718029499053955,0.0,0.0,0.0,0.0,0.0,0
NetKeys,0.9123866267450175,0.00929607071672348,13,0.6708288719564874,128.8207883834839,1.0,0.0,0.125,0.0,0.0,1
Prim,0.9658304446468163,0.003079523414544573,8,0.6144529686177885,66.02585220336914,1.0,0.5384615384615384,0.0,0.0,0.0,2
Kruskal,1.0024265873169533,0.00010820636803090527,6,0.5764186829497696,83.01019048690796,1.0,0.46153846153846156,0.25,0.0,0.0,3
GPrim,0.7203731981864139,0.0013522761603006312,53,0.7840333432133881,125.87689447402954,1.0,1.0,1.0,1.0,0.0,4
