models,delta,spacing,onvg,hypervolume,time,c_Prufer,c_NetKeys,c_Prim,c_Kruskal,c_GPrim,score
Prufer,0.9342315888274327,0.001169578958434333,3,0.4709189927214591,23.392947673797607,0.0,0.0,0.0,0.0,0.0,0
NetKeys,0.9686102927565806,0.007477643985389272,3,0.5938163294408061,24.646848678588867,1.0,0.0,0.3333333333333333,0.6,0.0,3
Prim,0.9236603601884172,0.007255207263942642,6,0.600445918964253,27.839999437332153,1.0,0.0,0.0,0.4,0.0,1
Kruskal,0.9377248593498962,0.002533907371013858,5,0.5751634012684105,32.62055158615112,1.0,0.0,0.5,0.0,0.0,2
GPrim,0.7987553576682249,0.011951590814504198,15,0.7164354129755265,42.222954511642456,1.0,1.0,1.0,1.0,0.0,4
