models,delta,spacing,onvg,hypervolume,time,c_Prufer,c_NetKeys,c_Prim,c_Kruskal,c_GPrim,score
Prufer,0.9443103859548877,0.02137477139968763,5,0.6085344625479259,23.466719388961792,0.0,0.0,0.0,0.0,0.0,0
NetKeys,0.9019126191466176,0.011569804616945747,8,0.6686947461451996,23.65962815284729,1.0,0.0,0.375,1.0,0.0,3
Prim,0.8942799164122812,0.011349352961013465,8,0.6274805359054775,27.769792318344116,1.0,0.25,0.0,0.0,0.0,1
Kruskal,0.9421491222984565,0.011805228825174229,5,0.6626708034985207,33.88624310493469,1.0,0.0,0.375,0.0,0.0,2
GPrim,0.7154852062698612,0.01426302571723506,22,0.8261843434983627,41.40925168991089,1.0,1.0,1.0,1.0,0.0,4
