models,delta,spacing,onvg,hypervolume,time,c_A,c_B,c_C,c_D,c_E,score
A,0.9110053406976941,0.04525739165872872,4,0.10157764717040796,17.475670337677002,0.0,0.0,0.0,0.0,0.0,0
B,0.8825330747104595,0.010144839941863288,9,0.1353589644526671,23.302515745162964,1.0,0.0,0.2,0.09090909090909091,0.0,1
C,0.8763649236361246,0.015330295334763535,10,0.14333590711022828,27.50436282157898,1.0,0.5555555555555556,0.0,0.09090909090909091,0.0,2
D,0.8482178438636317,0.012478187750906105,11,0.17737009412144533,34.72170853614807,1.0,0.3333333333333333,0.3,0.0,0.038461538461538464,3
E,0.8782293919947302,0.10210493237855088,26,0.7053997211784293,41.44308042526245,1.0,1.0,1.0,0.8181818181818182,0.0,4
