models,delta,spacing,onvg,hypervolume,c_A,c_B,c_C,c_D,c_E,score
A,0.962311558826619,1.1179956024639564,9,0.3814915206857614,0.0,0.0,0.0,0.0,0.0,0
B,0.9472361184286906,0.6796615839564034,21,1.7271146352944908,0.6666666666666666,0.0,0.0,0.0,0.0,1
C,0.9525404822100786,0.4215954824218322,10,0.3961156419238536,1.0,0.47619047619047616,0.0,0.11764705882352941,0.0,2
D,0.98994974864399,3.4181455477000924,17,1.0181229095898745,1.0,1.0,0.5,0.0,0.0,3
E,0.6016569623189941,0.6470977109694731,75,2.7901653834116824,1.0,1.0,1.0,0.9411764705882353,0.0,4
