models,delta,spacing,onvg,hypervolume,time,c_A,c_B,c_C,c_D,c_E,score
A,0.9723670530735392,0.007796829399701232,8,0.047608817286147714,119.78656482696533,0.0,0.0,0.0,0.0,0.0,0
B,0.9333718614083045,0.008531703798034088,17,0.17646568294616177,1173.8565485477448,1.0,0.0,0.0,0.0,0.0,1
C,0.975199393399692,0.008956075284005821,12,0.07693187205703247,191.57411241531372,1.0,0.29411764705882354,0.0,0.0,0.0,2
D,0.9541201492007959,0.0045396888669052855,12,0.10010240741498838,411.2638659477234,0.875,0.9411764705882353,0.3333333333333333,0.0,0.0,3
E,0.7308986143005834,0.0024720679513550985,98,0.39422658927261445,252.57898235321045,1.0,1.0,1.0,1.0,0.0,4
