models,delta,spacing,onvg,hypervolume,time,c_A,c_B,c_C,c_D,c_E,score
A,0.9626704964716316,1.3562302668914137,8,0.37995644899728753,119.78656482696533,0.0,0.0,0.0,0.0,0.0,0
B,0.9698492420513963,1.7404729878430425,17,1.4083373224567282,1173.8565485477448,1.0,0.0,0.0,0.0,0.0,1
C,0.965737781216583,1.6143541656591818,12,0.613977884512765,191.57411241531372,1.0,0.29411764705882354,0.0,0.0,0.0,2
D,0.9369575184729598,0.8659105567321429,12,0.7988972930975394,411.2638659477234,0.875,0.9411764705882353,0.3333333333333333,0.0,0.0,3
E,0.5281045416247067,0.4880198387154053,98,3.146243563666882,252.57898235321045,1.0,1.0,1.0,1.0,0.0,4
