models,delta,spacing,onvg,hypervolume,c_A,c_B,c_C,c_D,c_E,score
A,0.973095785265256,0.004119517218130677,7,0.030593583395019,0.0,0.0,0.0,0.0,0.0,0
B,0.9041045141711499,0.00792047833452053,17,0.1397307946657545,0.14285714285714285,0.0,0.0,0.0,0.0,1
C,0.962634738622695,0.008372501272204127,8,0.08292852617357582,1.0,0.6470588235294118,0.0,0.5,0.0,3
D,0.9335042732299962,0.007486845691759025,16,0.12670557159475765,1.0,1.0,0.125,0.0,0.0,2
E,0.740186014860628,0.0024436035646027135,99,0.40338550616465346,1.0,1.0,1.0,1.0,0.0,4
