models,delta,spacing,onvg,hypervolume,c_A,c_B,c_C,c_D,c_E,score
A,0.9597989964051825,0.9511437932435949,7,0.24393811210876398,0.0,0.0,0.0,0.0,0.0,0
B,0.8823529421011271,1.055831266181242,18,1.2531891996209001,0.0,0.0,0.0,0.0,0.0,0
C,0.9366834197801484,3.816690881001994,6,0.5492920247460633,1.0,0.4444444444444444,0.0,0.11764705882352941,0.0,2
D,0.9126884455261077,3.2414835624556675,17,1.2257170989866912,1.0,1.0,0.3333333333333333,0.0,0.0,3
E,0.8837042405148895,0.46819618278077124,29,0.907706669631988,1.0,0.5,1.0,0.23529411764705882,0.0,4
