models,delta,spacing,onvg,hypervolume,time,c_Prufer,c_NetKeys,c_Prim,c_Kruskal,c_GPrim,score
Prufer,0.9828099980927507,0.00800797361225798,6,0.4202028493214135,242.75630474090576,0.0,0.15,0.0,0.0,0.0,1
NetKeys,0.8986617744980542,0.008879940920206627,20,0.6029742459882081,1224.911464691162,0.0,0.0,0.0,0.0,0.0,0
Prim,0.9859103328668314,0.011951102781483917,9,0.5637740819193529,194.26418685913086,1.0,0.65,0.0,0.0,0.0,2
Kruskal,0.9857468089911715,0.005783243135618549,4,0.5442172833065042,349.72528648376465,1.0,0.55,0.5555555555555556,0.0,0.0,3
GPrim,0.7929367826016958,0.0009106778371108875,89,0.7392743872998608,296.8782513141632,1.0,1.0,1.0,1.0,0.0,4
