Instance,A-mean,A-std,B-mean,B-std,C-mean,C-std,D-mean,D-std,E-mean,E-std,F-mean,F-std
NIn10,0.03969367115616603,0.008156035332290045,0.05969219858935328,0.012193966864950561,0.06295384374889422,0.009073990694511251,0.08135154428134427,0.019824380054392958,0.25891369752207083,0.0002073552003861601,0.2590613925421038,0.00022574124025690143
NIn11,0.03458245304422549,0.01073727434718933,0.04409168484704763,0.006682925204158792,0.04633482493746724,0.009195527815071667,0.06867837207944258,0.018248226709597134,0.2097599394116723,0.02500586474446038,0.21889508521915726,0.0028767866882777305
NIn12,0.03265455393574692,0.010356468311860306,0.042618544267714865,0.008699589409616633,0.04013987311800388,0.010761040189394477,0.06900966854657081,0.007183589003354236,0.14161713178240545,0.02260047046533051,0.18547789981112073,0.03480718604680215
NIn13,0.12933646642644525,0.01721137304334207,0.22058176099593152,0.04119614903578372,0.20726946534581198,0.04366368111353498,0.40065602861350397,0.07049767598716017,1.4648725818945079,0.30842498637274496,1.658994897506852,0.034147467830096756
NIn14,0.1350264874292733,0.019922249530654714,0.1977673775804329,0.024509274626556648,0.15809517178440857,0.022753456278653886,0.3685796423484625,0.03386816839705261,1.5755205084853712,0.021697948900137248,1.571741123564753,0.032284682335022345
NIn15,0.1452047424623082,0.02091274928481182,0.23311880074159622,0.04326426910982569,0.17113158181815963,0.04318823051507865,0.4186860879078223,0.06768708433646395,1.496165065585523,0.23216301352830754,1.623152905472386,0.03598213210786791
NIn16,0.3373826963538933,0.042471232957110125,1.3174509259778895,0.19159867968227712,0.48698459418399664,0.1385738739244952,1.026543832669177,0.11699302142596156,2.8755838289922133,0.06236516681255841,3.146407466639276,0.07940441858180704
NIn17,0.38179389157939775,0.09372731501475412,1.246009461979378,0.17584140494389577,0.5716705834226057,0.07947992477911346,1.0767425259655548,0.22713124301777518,2.831280950820617,0.08962135973381052,3.1776064415975442,0.10027254165468708
NIn18,0.3045243347214327,0.11218786107950926,1.3559167976858775,0.2092629986027475,0.4407226588284134,0.11098234736064669,0.9436870008976064,0.15213763556602541,2.943787450134885,0.09260081781916767,3.1329174456491287,0.05802954077383281
