Instance,A-mean,A-std,B-mean,B-std,C-mean,C-std,D-mean,D-std,E-mean,E-std
NIn10,6.7,1.4177446878757827,10.6,2.4979991993593593,11.9,1.0440306508910548,13.6,2.2,35.0,0.0
NIn11,4.9,1.2206555615733703,8.8,1.0770329614269007,9.4,1.8547236990991407,11.8,2.315167380558045,23.4,0.66332495807108
NIn12,4.7,1.3453624047073711,8.8,1.6,9.0,2.32379000772445,11.7,1.676305461424021,22.2,0.6
NIn13,6.1,1.5132745950421556,10.5,1.5,9.5,1.3601470508735443,16.7,1.9519221295943137,72.7,2.5317977802344327
NIn14,6.4,1.4966629547095764,9.6,2.33238075793812,9.4,1.1135528725660042,16.3,3.1,64.5,1.8027756377319946
NIn15,5.8,1.16619037896906,12.2,2.6,9.9,2.7367864366808017,18.3,3.2264531609803355,69.3,3.4942810419312296
NIn16,6.5,1.3601470508735443,17.0,3.605551275463989,9.9,2.211334438749598,16.9,2.947880594596735,98.7,1.1874342087037917
NIn17,6.4,2.4979991993593593,16.1,2.3853720883753127,9.4,1.1135528725660044,16.2,3.6823905279043943,98.4,0.8
NIn18,6.0,1.7320508075688772,18.2,2.6381811916545836,8.7,1.5524174696260025,15.1,3.5623026261113755,98.4,0.6633249580710799
