Instance,A-mean,A-std,B-mean,B-std,C-mean,C-std,D-mean,D-std,E-mean,E-std
NIn10,0.9954816843405068,0.0008357991175127769,0.9940675376742701,0.0017145171663157383,0.9933045448768839,0.0007662334095436669,0.9924468921608014,0.00102855392254374,0.990786079728226,0.0001728168712569376
NIn11,0.9966838531135433,0.0007610191835099421,0.9954325911380902,0.0005395992905283196,0.9950732814786081,0.001245816897559297,0.9933520830583842,0.0012410853936239133,0.9957702857993185,0.00040558906788493274
NIn12,0.9962908841341441,0.0009792482039067613,0.995246908687052,0.0010631360858740899,0.9950443731516326,0.001405912609778618,0.9936939138358486,0.0009451211923073261,0.9944317994737281,0.0029851732668022967
NIn13,0.999219886656855,0.00019315854473364705,0.9990360318567927,0.0001915542517047825,0.9990015203920762,0.00013832290622448748,0.9981266261875537,0.0003880630135194622,0.9985743065918624,0.00030681056437931474
NIn14,0.9991453697826275,0.00016062988450705896,0.9990373630794002,0.0003230340925053371,0.9990619069588791,0.0002249991106480581,0.998188663579735,0.0003346283391897319,0.9992177744444823,0.00026025340348619146
NIn15,0.9991703537252258,0.0001757449220470149,0.9989661514334836,0.00021093882917972345,0.9991579566364381,0.00036388690085317104,0.9981886629184015,0.00038666160797813485,0.9988612828146636,0.0002954435639429339
NIn16,0.9997931753710191,7.894153650442504e-05,0.9995091974983945,0.0002613670083237182,0.9997700598479824,6.263363443105256e-05,0.9995374705542147,0.00011573580906334809,0.9977913559164968,9.476179256930821e-05
NIn17,0.9997440553057209,7.940457657719223e-05,0.9994399237438154,0.0002131667694933837,0.9997679579393781,0.00014127139943820907,0.9996322477500513,0.00014537372021830775,0.9978038681093787,0.0001249114884571893
NIn18,0.9997766410620834,7.360744107644116e-05,0.9993523634137148,0.00020991058926278107,0.9997821414780329,7.034714379482449e-05,0.9995757692290763,0.00016527793596381418,0.9978198817040571,9.229610591427904e-05
