Instance,A-mean,A-std,B-mean,B-std,C-mean,C-std,D-mean,D-std,E-mean,E-std
NIn10,0.8653235683011078,0.040089354495769926,0.7883850076661358,0.0667352604789216,0.7499073741224783,0.02994362582526169,0.7088415404693076,0.05509648448836822,0.12820701329518586,5.46340060085428e-07
NIn11,0.897863249073727,0.033349215167741635,0.8232845063859557,0.03411258347728616,0.805588126081161,0.05017941016912417,0.7429426351367034,0.06379246573343317,0.4375310526504215,0.025956989811016816
NIn12,0.899230766110349,0.04017721179244455,0.8189133211449862,0.04220146600683291,0.810178722662482,0.05525806769589552,0.7487197683337261,0.05221140233605918,0.47589634847994,0.03370846974602062
NIn13,0.9417316022429258,0.01783519861203417,0.9207631919403656,0.02240990022903253,0.9142361607167757,0.01488881530522229,0.861979247308172,0.02353086568487094,0.5269615529360913,0.03186155186677504
NIn14,0.9321885532790585,0.009580529489521329,0.9196871203253838,0.030695849963841847,0.9179030608166265,0.0182089820888298,0.8637556250495464,0.03155076479250557,0.5871932907749602,0.04035259089087108
NIn15,0.9303703722809031,0.022590958913433316,0.9158486624113792,0.028120600522330872,0.9254768005751217,0.036609084345722014,0.8535408022137713,0.03197337104244528,0.5658409401941038,0.042433291351652795
NIn16,0.9636372350105831,0.016353352790305444,0.9586178516798436,0.04360183133968856,0.9570782252442221,0.013118519204660575,0.9241906704723082,0.024467218241753002,0.5922794461694683,0.033380279141468266
NIn17,0.9544284206924557,0.01901375540351152,0.9354833481458191,0.03353603144024047,0.9585412650890499,0.02818580429236877,0.944096512546551,0.023522761694056604,0.6017486734846372,0.02536117113425226
NIn18,0.9620746601825125,0.016331935169661433,0.9345560972808101,0.036519470660075305,0.9610688379651355,0.013576960602611937,0.9257681567902868,0.03087322737882035,0.5923252993368096,0.03142013895680154
