models,delta,spacing,onvg,hypervolume,time,c_Prufer,c_NetKeys,c_Prim,c_Kruskal,c_GPrim,score
Prufer,0.9163071067485332,inf,8.325,0.6019105314692228,173.62716524402302,0.0,0.08018912347716696,0.031063889813889814,0.02858613484412717,0.0,0.19166666666666665
NetKeys,0.9171782809586521,inf,8.891666666666666,0.6360830859458467,426.1655512213708,0.790487197987198,0.0,0.32744227994227987,0.2525161511648589,0.0005066545674531155,1.6499999999999997
Prim,0.9227532471034735,inf,7.45,0.587658704443327,119.48400688171385,0.8609912541162541,0.31888833238018016,0.0,0.18606841272942864,0.000527940220922677,1.833333333333333
Kruskal,0.895561238446279,inf,10.158333333333335,0.6654129825552718,166.38166333635644,0.8040986790986793,0.4873252557627558,0.3664938533688533,0.0,0.004645573864418389,2.15
GPrim,0.9595565782473118,0.17535708775079548,40.766666666666666,2.21375273204382,186.49393708904583,0.9966666666666667,0.9975694444444444,0.9976851851851852,0.9799640048400396,0.0,4.0
