models,delta,spacing,onvg,hypervolume,time,c_Prufer,c_NetKeys,c_Prim,c_Kruskal,c_HMOEA,c_GPrim,score
Prufer,0.9375847296231119,inf,8.325,0.6791959649688665,173.62716524402302,0.0,0.08018912347716696,0.031063889813889814,0.02858613484412717,0.2784322390572391,0.0,0.65
NetKeys,0.9499702004799259,inf,8.891666666666666,0.7466345566759157,426.1655512213708,0.790487197987198,0.0,0.32744227994227987,0.2525161511648589,0.45351070226070217,0.0005066545674531155,2.4250000000000003
Prim,0.9461062001622861,inf,7.45,0.7013675868450321,119.48400688171385,0.8609912541162541,0.31888833238018016,0.0,0.18606841272942864,0.4103138528138528,0.000527940220922677,2.6583333333333337
Kruskal,0.9333521506363877,inf,10.158333333333335,0.7997714530594225,166.38166333635644,0.8040986790986793,0.4873252557627558,0.3664938533688533,0.0,0.5758676046176046,0.004645573864418389,2.983333333333334
HMOEA,0.8453698315025434,0.024556977029023753,7.324999999999999,0.8673295796739021,1282.317012063662,0.2998430967180967,0.17816678038145428,0.06634909072409072,0.16239424015962753,0.0,0.00030864197530864197,0.9083333333333332
GPrim,0.8400704378511783,0.038156431780165374,40.766666666666666,0.8910626222035637,186.49393708904583,0.9966666666666667,0.9975694444444444,0.9976851851851852,0.9799640048400396,0.8842914261664262,0.0,5.0
