models,delta,spacing,onvg,hypervolume,time,c_Prufer,c_NetKeys,c_Prim,c_Kruskal,c_GPrim,score
Prufer,0.937584729623112,inf,8.325,0.6791959649688665,173.627165244023,0.0,0.08018912347716696,0.031063889813889817,0.02858613484412717,0.0,0.19166666666666665
NetKeys,0.9499702004799254,inf,8.891666666666666,0.7466345566759157,426.1655512213708,0.790487197987198,0.0,0.3274422799422799,0.2525161511648589,0.0005066545674531155,1.6499999999999997
Prim,0.9461062001622862,inf,7.45,0.7013675868450323,119.48400688171387,0.8609912541162541,0.31888833238018016,0.0,0.18606841272942867,0.000527940220922677,1.833333333333333
Kruskal,0.9333521506363875,inf,10.158333333333333,0.7997714530594227,166.38166333635647,0.8040986790986792,0.48732525576275587,0.3664938533688534,0.0,0.004645573864418389,2.1500000000000004
GPrim,0.8400704378511782,0.038156431780165374,40.76666666666666,0.8910626222035637,186.49393708904583,0.9966666666666667,0.9975694444444446,0.9976851851851852,0.9799640048400396,0.0,4.0
