models,delta,spacing,onvg,hypervolume,c_A,c_B,c_C,c_D,c_E,score
A,0.9663299575697151,0.5767439740783881,4,0.11213954686055244,0.0,0.0,0.0,0.0,0.0,0
B,0.9272727325742589,0.3014909618062499,11,0.19452817005897502,1.0,0.0,0.3333333333333333,0.08,0.0,1
C,0.9318181828848602,0.3332978200182938,9,0.16084148438253704,1.0,0.5454545454545454,0.0,0.16,0.0,2
D,0.7946128059281597,0.33161055450425037,25,0.5115362187237773,1.0,0.6363636363636364,0.3333333333333333,0.0,0.0,3
E,0.6175390774217934,0.38270516860473003,45,0.6137920477023279,1.0,1.0,1.0,0.72,0.0,4
