models,delta,spacing,onvg,hypervolume,c_A,c_B,c_C,c_D,c_E,c_F,score
A,0.7368421163953686,0.00016045418333201638,6,0.012726499788714679,0.0,0.0,0.0,0.0,0.0,0.0,0
B,0.47368425705173045,0.00018602408452835013,11,0.026797603578707474,1.0,0.0,0.38461538461538464,0.2222222222222222,0.0625,0.0,2
C,0.3684210998533598,0.00012111451451429142,13,0.027679261578904206,1.0,0.36363636363636365,0.0,0.1111111111111111,0.0625,0.0,1
D,0.5789474042414587,0.00019044303184643705,9,0.020750741518532415,1.0,0.7272727272727273,0.6153846153846154,0.0,0.125,0.0,3
E,0.21052739688035976,7.521066515699449e-05,16,0.03092124757614874,1.0,0.6363636363636364,0.5384615384615384,0.5555555555555556,0.0,0.1,4
F,5.6266300914224836e-06,0.0004586639074381616,20,0.06299945112662123,1.0,0.9090909090909091,0.6923076923076923,0.7777777777777778,0.1875,0.0,5
