models,delta,spacing,onvg,hypervolume,c_A,c_B,c_C,c_D,c_E,c_F,score
A,0.7406421711549428,0.1605793967126415,6,1.991464261173304,0.0,0.0,0.0,0.0,0.0,0.0,0
B,0.625333276410405,0.1932863310728822,9,5.823503493752627,1.0,0.0,0.3333333333333333,0.25,0.1,0.05,2
C,0.28296946770713177,0.07026373210836308,15,-0.2265665728083066,1.0,0.2222222222222222,0.0,0.0,0.05,0.0,1
D,0.4586686102393946,0.1941255363935594,12,5.5858911763037895,1.0,0.5555555555555556,0.5333333333333333,0.0,0.2,0.1,4
E,0.2817675957258376,0.4516137966041522,20,26.146458485981483,1.0,0.6666666666666666,0.4666666666666667,0.16666666666666666,0.0,0.1,3
F,0.2819207398587432,0.45758746941177175,20,26.273573278810723,1.0,0.6666666666666666,0.4666666666666667,0.5,0.4,0.0,5
