models,delta,spacing,onvg,hypervolume,time,c_Prufer,c_NetKeys,c_Prim,c_Kruskal,c_GPrim,score
Prufer,0.9472679307355584,0.017839383047634837,10,0.5844636856492076,235.34528517723083,0.0,0.2777777777777778,0.0,0.0,0.0,1
NetKeys,0.9606456930129453,0.010738798935709178,18,0.6623292141156278,1175.4333996772766,0.1,0.0,0.0,0.0,0.0,0
Prim,0.9757157959562107,0.006804995954552079,7,0.5911173394919261,192.86513829231262,1.0,0.3333333333333333,0.0,0.2,0.0,3
Kruskal,0.9472769568063953,0.008863911026125392,20,0.7313566577647336,334.97031688690186,0.7,1.0,0.0,0.0,0.0,2
GPrim,0.7577570978105898,0.0026224464771805647,100,0.781613532106044,243.6517732143402,1.0,1.0,1.0,1.0,0.0,4
