models,igd,delta,spacing,onvg,hypervolume,time,c_Prufer,c_NetKeys,c_Prim,c_Kruskal,c_GPrim,score
Prufer,0.05109469604668293,0.7614901512385238,0.0220896973664265,9,0.6418903074660182,17.971198558807373,0.0,0.1,0.0,0.0,0.0,0
NetKeys,0.047085402890126984,0.7570590064870272,0.021196575980290632,10,0.6865061241098039,23.792890787124634,0.6666666666666666,0.0,0.16666666666666666,0.08333333333333333,0.0,1
Prim,0.04924810169679001,0.6822217572452308,0.00015553767118397813,12,0.6473063534210814,18.368233680725098,0.8888888888888888,0.7,0.0,0.25,0.0,2
Kruskal,0.04542656392248321,0.6835573093504949,0.01397785990776761,12,0.6868579649317549,19.91427731513977,0.8888888888888888,0.8,0.25,0.0,0.0,2
GPrim,0.00018617153116909255,0.6434386384163272,0.11770326895203068,20,0.7941509958334048,25.745951652526855,1.0,1.0,0.5,0.6666666666666666,0.0,4
