models,delta,spacing,onvg,hypervolume,time,c_Prufer,c_NetKeys,c_Prim,c_Kruskal,c_GPrim,score
Prufer,0.9760729680613218,0.01050454314857494,4,0.4253947616432228,239.68741750717163,0.0,0.13636363636363635,0.0,0.0,0.0,0
NetKeys,0.880923212803303,0.006794239779268239,22,0.5892251225532054,1182.6066935062408,0.25,0.0,0.0,0.0,0.0,1
Prim,1.00716691549404,9.664626087671877e-05,8,0.5570925524074576,187.46161818504333,1.0,0.6363636363636364,0.0,0.0,0.0,2
Kruskal,1.0041962927955492,9.32817618302967e-06,4,0.5669486160200654,350.2949216365814,1.0,0.7272727272727273,0.75,0.0,0.0,3
GPrim,0.7867772767059871,0.0015253994233488755,85,0.714136813912221,292.7202036380768,1.0,1.0,1.0,1.0,0.0,4
