models,igd,delta,spacing,onvg,hypervolume,c_A,c_B,c_C,c_D,c_E,c_F,score
A,0.8602325422333346,0.8157894723247543,9.198239741118092e-05,5,0.013004256110114,0.0,0.0,0.0,0.0,0.0,0.0,0
B,0.2958040196323837,0.31578953706824986,0.00011663581348358018,14,0.03070614060447209,1.0,0.0,0.18181818181818182,0.16666666666666666,0.0,0.0,1
C,0.4609772554971955,0.4736842498721169,4.116639344421266e-06,11,0.0202830926486173,1.0,0.42857142857142855,0.0,0.16666666666666666,0.0,0.0,2
D,0.5937171135044237,0.4210527088977082,0.00024131459746340494,12,0.03229537084473196,1.0,0.5,0.45454545454545453,0.0,0.05,0.05,3
E,4.340125436584469e-05,6.556575498533656e-06,0.0004579539999514645,20,0.06287822218997102,1.0,0.6428571428571429,0.5454545454545454,0.6666666666666666,0.0,0.05,4
F,4.3134858523821584e-05,6.523608212879933e-06,0.0004585981291031695,20,0.06290782888685752,1.0,0.6428571428571429,0.6363636363636364,0.8333333333333334,0.25,0.0,5
