models,igd,delta,spacing,onvg,hypervolume,c_A,c_B,c_C,c_D,c_E,score
A,0.8602325422333346,0.8157894723247543,9.198239741118094e-05,5,0.013004256110114,0.0,0.0,0.0,0.0,0.0,0
B,0.5123475575183606,0.47368424970473183,0.00018189533637101937,11,0.025077095291203493,0.8,0.0,0.1111111111111111,0.0,0.0,1
C,0.5522680789104178,0.6184210781188858,6.236876966303263e-05,9,0.01783783955424466,1.0,0.6363636363636364,0.0,0.23076923076923078,0.05263157894736842,2
D,0.38729835546751357,0.3684211078879913,0.00016927202490400224,13,0.03044138976052336,1.0,0.8181818181818182,0.5555555555555556,0.0,0.0,3
E,0.050000118721503464,0.052632942363718904,0.0001618884183842066,19,0.04384636855655144,1.0,1.0,0.8888888888888888,1.0,0.0,4
