models,delta,spacing,onvg,hypervolume,time,c_Prufer,c_NetKeys,c_Prim,c_Kruskal,c_GPrim,score
Prufer,0.8625238028885516,0.026047131448753143,10,0.650010729493433,27.79532241821289,0.0,0.09090909090909091,0.0,0.0,0.0,0
NetKeys,0.8381239397694293,0.01142247651474902,11,0.6813647329172238,40.676254987716675,0.8,0.0,0.0,0.0,0.0,1
Prim,0.8688655001864267,0.01005664120909915,9,0.6530688405986167,30.258658170700073,0.9,0.8181818181818182,0.0,0.35714285714285715,0.02631578947368421,2
Kruskal,0.7933955508341219,0.024000347501682315,14,0.7331616811667552,33.87403893470764,1.0,1.0,0.4444444444444444,0.0,0.0,3
GPrim,1.0243611678142461,0.17235164622668375,38,2.850452345501696,42.30033993721008,1.0,1.0,0.8888888888888888,1.0,0.0,4
