models,delta,spacing,onvg,hypervolume,time,c_Prufer,c_NetKeys,c_Prim,c_Kruskal,c_GPrim,score
Prufer,0.8543383051426977,0.02440223415152507,10,0.19836459833573095,28.844637155532837,0.0,0.07692307692307693,0.16666666666666666,0.0,0.0,0
NetKeys,0.8149941025831675,0.01439207223489245,13,0.23796503552206752,39.857537031173706,0.7,0.0,0.25,0.13333333333333333,0.0,1
Prim,0.8453275196691015,0.009996528757172999,12,0.17339906384787712,28.595170736312866,0.8,0.5384615384615384,0.0,0.2,0.0,2
Kruskal,0.8065813664466436,0.025184610587431638,15,0.2882983317694328,34.817413330078125,0.9,0.6153846153846154,0.4166666666666667,0.0,0.0,3
GPrim,0.7828578256336312,0.08803313655072796,35,0.8183446816549786,43.326143741607666,1.0,1.0,1.0,1.0,0.0,4
