models,delta,spacing,onvg,hypervolume,time,c_A,c_B,c_C,c_D,c_E,score
A,0.8632478682908612,0.37792574137489604,7,0.03561520666444124,18.576777696609497,0.0,0.0,0.0,0.0,0.0,0
B,0.7264957495357475,0.2773238170677838,13,0.07520456610611004,39.857537031173706,1.0,0.0,0.25,0.2,0.0,1
C,0.7389277565823863,7.898057440469517e-05,12,0.0547996529459723,28.595170736312866,1.0,0.5384615384615384,0.0,0.2,0.0,2
D,0.7977208176022688,9.489789760912326e-05,10,0.05461887875757111,36.5791552066803,1.0,0.5384615384615384,0.5,0.0,0.02857142857142857,3
E,0.12820764926349432,0.0006955322052599967,35,0.2586231064327862,43.326143741607666,1.0,1.0,1.0,0.8,0.0,4
