models,igd,delta,spacing,onvg,hypervolume,c_A,c_B,c_C,c_D,c_E,score
A,0.0666483746573531,0.9094608358775749,0.0010884924224972066,3,0.07866389667611995,0.0,0.0,0.0,0.0,0.0,0
B,0.03399058745432212,0.7812791989154696,0.13473307616535757,13,0.6322966670478677,1.0,0.0,0.07142857142857142,0.15384615384615385,0.0,1
C,0.03442185131137764,0.635106015503367,0.02079677676230004,14,0.36946444507644727,1.0,0.5384615384615384,0.0,0.23076923076923078,0.0,3
D,0.02490898336839186,0.6682160214143473,0.06035747106556624,13,0.46211261510061563,1.0,0.7692307692307693,0.14285714285714285,0.0,0.1,2
E,0.01684520495455613,0.643129819132015,0.11755579797197678,20,0.8065444130389368,1.0,1.0,0.42857142857142855,0.5384615384615384,0.0,4
