models,igd,delta,spacing,onvg,hypervolume,c_A,c_B,c_C,c_D,c_E,c_F,score
A,1.0920164936727126,0.8947368450610339,0.5772419198959731,3,0.006136413251910763,0.0,0.0,0.0,0.0,0.0,0.0,0
B,0.5916079829605533,0.3684240409235504,0.0005255128902753718,13,0.04932419840307006,1.0,0.0,0.07142857142857142,0.15384615384615385,0.0,0.0,1
C,0.28284273962396783,0.36032392618586995,8.111574808367043e-05,14,0.028821182431523495,1.0,0.5384615384615384,0.0,0.23076923076923078,0.05,0.0,3
D,0.3774917273390744,0.4122807437114822,0.27731749702260633,13,0.03604848087876883,1.0,0.7692307692307693,0.14285714285714285,0.0,0.15,0.1,2
E,6.583332775283022e-05,6.489296825807355e-06,0.00045833453093707926,20,0.06292315320089004,1.0,0.9230769230769231,0.35714285714285715,0.5384615384615384,0.0,0.1,4
F,6.5798711401824e-05,6.546261990705196e-06,0.0004585146344099004,20,0.06291691657234139,1.0,1.0,0.42857142857142855,0.5384615384615384,0.25,0.0,5
