models,igd,delta,spacing,onvg,hypervolume,time,c_A,c_B,c_C,c_D,c_E,score
A,0.0538691366274728,0.8883730270866964,0.04305708546010891,5,0.1482737318401725,11.669599533081055,0.0,0.0,0.0,0.0,0.0,0
B,0.04343755735890342,0.7621369826245505,0.051147168179336226,9,0.2841115088444024,24.16166377067566,1.0,0.0,0.42857142857142855,0.1111111111111111,0.0,2
C,0.034527729363488927,0.628127234438,0.014535571375515057,14,0.3448805319814523,16.279921531677246,1.0,0.1111111111111111,0.0,0.1111111111111111,0.0,1
D,0.04583470981891513,0.7679401845411454,0.016460524952938416,9,0.21554896339684698,19.20793390274048,1.0,0.4444444444444444,0.42857142857142855,0.0,0.0,3
E,0.016780031649009326,0.643997585025929,0.11782281091705771,20,0.8070610260318742,23.7638258934021,1.0,0.8888888888888888,0.5714285714285714,0.4444444444444444,0.0,4
