models,igd,delta,spacing,onvg,hypervolume,c_A,c_B,c_C,c_D,c_E,score
A,0.8602325397692525,0.8157894811600057,0.4471972582632191,5,0.009619134473336465,0.0,0.0,0.0,0.0,0.0,0
B,0.593717111037481,0.4641172070075518,0.2885869137741647,12,0.0479258192821077,1.0,0.0,0.1111111111111111,0.25,0.0,1
C,0.6041523145156895,0.5789473943159473,2.053261332413092e-06,9,0.016170496300547753,1.0,0.5,0.0,0.4166666666666667,0.0,3
D,0.39051249736260696,0.4641148787298421,8.556189357360991e-05,12,0.0274154279399517,1.0,0.4166666666666667,0.2222222222222222,0.0,0.0,2
E,6.600366626808549e-05,6.4883841542911e-06,0.000457080558946898,20,0.06289373665671374,1.0,1.0,0.7777777777777778,0.8333333333333334,0.0,4
