models,igd,delta,spacing,onvg,hypervolume,time,c_Prufer,c_NetKeys,c_Prim,c_Kruskal,c_GPrim,score
Prufer,0.051803559388613606,0.7764602167230843,0.025958045977375326,8,0.6493596029060047,16.75421452522278,0.0,0.5555555555555556,0.35714285714285715,0.2,0.0,1
NetKeys,0.04849738736093604,0.7621369826245505,0.051147168179336226,9,0.720654453367854,24.16166377067566,0.25,0.0,0.42857142857142855,0.4,0.0,1
Prim,0.0434276823031878,0.628127234438,0.014535571375515057,14,0.6841620508832634,16.279921531677246,0.375,0.1111111111111111,0.0,0.3,0.0,1
Kruskal,0.04937219147389865,0.7387763765877449,0.020782557245277365,10,0.686653568541788,19.545555591583252,0.375,0.5555555555555556,0.5,0.0,0.0,3
GPrim,9.083024330755995e-06,0.643997585025929,0.11782281091705771,20,0.7945114375156307,23.7638258934021,0.875,0.8888888888888888,0.5714285714285714,1.0,0.0,4
