models,igd,delta,spacing,onvg,hypervolume,time,c_Prufer,c_NetKeys,c_Prim,c_Kruskal,c_GPrim,score
Prufer,0.05203361356099414,0.8205299300930639,0.015168238177272152,7,0.6117818954953841,16.03648090362549,0.0,0.25,0.1,0.09090909090909091,0.0,0
NetKeys,0.04757273483115085,0.8031598509605138,0.025733217614681052,8,0.7401954391538118,21.783461809158325,0.2857142857142857,0.0,0.2,0.09090909090909091,0.0,1
Prim,0.04468781356404861,0.7402623806760122,0.0015724308387181733,10,0.7033984203150395,16.03598427772522,0.8571428571428571,0.625,0.0,0.6363636363636364,0.05,3
Kruskal,0.03986675886664294,0.7090498130943483,0.015783915926749954,11,0.7013863682642284,18.196731567382812,0.7142857142857143,0.375,0.2,0.0,0.0,2
GPrim,0.0002162442616215606,0.6011099969809135,0.093529578366689,20,0.8259990577855146,22.678718328475952,1.0,1.0,0.8,1.0,0.0,4
