models,igd,delta,spacing,onvg,hypervolume,time,c_Prufer,c_NetKeys,c_Prim,c_Kruskal,c_GPrim,score
Prufer,0.09770556488585572,0.8330092828846029,0.03850004049712699,7,0.5529980938889099,16.03648090362549,0.0,0.25,0.1,0.09090909090909091,0.0,0
NetKeys,0.08443296826987527,0.8041849382614799,0.06531608409018112,8,0.6482080934321443,21.783461809158325,0.2857142857142857,0.0,0.2,0.09090909090909091,0.0,1
Prim,0.09354006260577444,0.7546500703511816,0.003991145857683787,10,0.631719659808966,16.03598427772522,0.8571428571428571,0.625,0.0,0.6363636363636364,0.05,3
Kruskal,0.08559637807751794,0.7294049796294967,0.04006275450590316,11,0.626612666858748,18.196731567382812,0.7142857142857143,0.375,0.2,0.0,0.0,2
GPrim,0.0005488714465320126,0.9141086705130801,0.2373968889934933,20,2.4880866131075376,22.678718328475952,1.0,1.0,0.8,1.0,0.0,4
