models,igd,delta,spacing,onvg,hypervolume,c_A,c_B,c_C,c_D,c_E,c_F,score
A,0.7000000054204906,0.7192982565482092,0.3780318629771211,7,0.01376586371328775,0.0,0.0,0.0,0.0,0.0,0.0,0
B,0.7228416252565834,0.5263158499827488,0.00038453156259181636,10,0.03003233494910101,1.0,0.0,0.2,0.07692307692307693,0.0,0.0,1
C,0.2179449583710707,0.2631579569404985,5.2857919527620454e-05,15,0.030015537257248606,1.0,0.5,0.0,0.3076923076923077,0.05,0.0,2
D,0.5916079918590428,0.3684242904040644,0.000556591410997109,13,0.04967494287078478,1.0,0.8,0.4,0.0,0.15,0.1,3
E,0.00012428281096092244,6.407028197252116e-06,0.00045773286420420616,20,0.0629016475952569,1.0,1.0,0.5333333333333333,0.6153846153846154,0.0,0.1,4
F,0.00012408245682851222,6.541221245245487e-06,0.0004574981149183129,20,0.06288262570594892,1.0,0.9,0.6,0.6923076923076923,0.25,0.0,5
