models,delta,spacing,onvg,hypervolume,c_A,c_B,c_C,c_D,c_E,c_F,score
A,0.7192982565666081,0.3780316330088932,7,0.01376403842317624,0.0,0.0,0.0,0.0,0.0,0.0,0
B,0.3157895404234075,0.00011137985492424883,14,0.030972944176615023,1.0,0.0,0.15384615384615385,0.07142857142857142,0.0,0.0,1
C,0.36842109564446085,5.452932457081603e-05,13,0.025191748529404707,1.0,0.5714285714285714,0.0,0.2857142857142857,0.05,0.05,2
D,0.3157895426911681,0.0001603693032527103,14,0.031336979564010915,1.0,0.7142857142857143,0.3076923076923077,0.0,0.05,0.0,3
E,6.376139096160624e-06,0.00045502398990707605,20,0.06271342049981507,1.0,0.9285714285714286,0.38461538461538464,0.6428571428571429,0.0,0.05,4
F,6.407450757185326e-06,0.0004578969559263105,20,0.06289923444882597,1.0,0.9285714285714286,0.38461538461538464,0.6428571428571429,0.2,0.0,5
