models,igd,delta,spacing,onvg,hypervolume,time,c_Prufer,c_NetKeys,c_Prim,c_Kruskal,c_GPrim,score
Prufer,0.039991306249355374,0.7719216409481013,0.025540195490696846,8,0.9250165928306253,16.626732110977173,0.0,0.0,0.0,0.0,0.0,0
NetKeys,0.039686758337036915,0.7970957374030019,0.017367326186990398,8,0.8745745617476389,22.37808632850647,1.0,0.0,0.26666666666666666,0.21428571428571427,0.05,2
Prim,0.02609468683324232,0.598170471535275,0.01686486265519907,15,0.9534152802858096,16.63349723815918,0.875,0.375,0.0,0.21428571428571427,0.0,2
Kruskal,0.026495620760389166,0.6235190726693796,0.01284814496026468,14,0.9315739043992022,19.233767986297607,1.0,0.125,0.3333333333333333,0.0,0.0,2
GPrim,0.012228148188213026,0.6422297645589202,0.11748664763819411,20,1.4400833153034927,23.38419270515442,1.0,0.875,0.3333333333333333,0.5,0.0,4
