models,igd,delta,spacing,onvg,hypervolume,time,c_A,c_B,c_C,c_D,c_E,score
A,0.04558572535378071,0.8449458140895357,0.024795244870052725,5,0.16001348384307407,11.681147575378418,0.0,0.0,0.0,0.0,0.0,0
B,0.039686758337036915,0.7970957374030019,0.017367326186990398,8,0.19057734813589206,22.37808632850647,1.0,0.0,0.26666666666666666,0.25,0.05,1
C,0.02609468683324232,0.598170471535275,0.01686486265519907,15,0.3562787216036566,16.63349723815918,1.0,0.375,0.0,0.08333333333333333,0.0,2
D,0.028023710808755015,0.6797879390288634,0.01344156989844523,12,0.28536480052285623,19.08228063583374,1.0,0.5,0.26666666666666666,0.0,0.0,3
E,0.012228148188213026,0.6422297645589202,0.11748664763819411,20,0.8063175467042991,23.38419270515442,1.0,0.875,0.3333333333333333,0.3333333333333333,0.0,4
