models,igd,delta,spacing,onvg,hypervolume,c_A,c_B,c_C,c_D,c_E,score
A,0.04136705357909398,0.8255866061989143,0.036179273947940044,7,0.1764673330079959,0.0,0.0,0.0,0.0,0.0,0
B,0.039177913288847885,0.8056386877869455,0.09858772500046753,10,0.38499044904498264,1.0,0.0,0.2,0.07692307692307693,0.0,1
C,0.02018409054919417,0.6192324932072286,0.013551922758588908,15,0.3847751161066634,1.0,0.5,0.0,0.3076923076923077,0.0,2
D,0.03271784092910242,0.7833909429012637,0.14270111039820252,13,0.6367929298377701,1.0,0.8,0.4,0.0,0.1,3
E,0.012205587692306171,0.6417194857035597,0.11729517867868007,20,0.8061048316319983,1.0,0.9,0.6,0.6923076923076923,0.0,4
