models,igd,delta,spacing,onvg,hypervolume,time,c_Prufer,c_NetKeys,c_Prim,c_Kruskal,c_GPrim,score
Prufer,0.04891167750694115,0.7907068468356215,0.013136613069214242,8,0.6110693904333262,15.806440830230713,0.0,0.0,0.0,0.0,0.0,0
NetKeys,0.047883681818982296,0.7705657319739547,0.0014262953434821593,9,0.7009027576399705,21.432615756988525,1.0,0.0,0.07142857142857142,0.5,0.05,2
Prim,0.03254650173387736,0.6258639510572169,0.017241436235853662,14,0.7408951692970646,16.222667932510376,1.0,0.7777777777777778,0.0,0.8,0.1,3
Kruskal,0.044008095052931365,0.7362751014833295,0.011830923386275225,10,0.6592726250804897,18.39016628265381,1.0,0.3333333333333333,0.07142857142857142,0.0,0.0,1
GPrim,0.0005907833621027149,0.5990468992088477,0.09328613811724007,20,0.8244580092877648,22.61963963508606,1.0,0.8888888888888888,0.35714285714285715,0.9,0.0,4
