models,delta,spacing,onvg,hypervolume,c_A,c_B,c_C,c_D,c_E,score
A,0.9639976850043258,0.004237990325846285,5,0.03319938011757159,0.0,0.0,0.0,0.0,0.0,0
B,0.9715822134641758,0.0038489610574132123,16,0.13696113516490566,1.0,0.0,0.0,0.07142857142857142,0.0,1
C,0.9860146191989213,0.011941564470992826,4,0.02856896133550421,1.0,0.625,0.0,0.2857142857142857,0.0,3
D,0.9532494409654119,0.009818193225784987,14,0.1103084907715902,1.0,0.875,0.0,0.0,0.0,2
E,0.7518824504862842,0.002224566363541031,100,0.3785276233864507,1.0,1.0,1.0,1.0,0.0,4
