models,delta,spacing,onvg,hypervolume,time,c_Prufer,c_NetKeys,c_Prim,c_Kruskal,c_GPrim,score
Prufer,0.9870081064903162,0.001282610411701616,3,0.42050757948214396,236.3873691558838,0.0,0.1111111111111111,0.0,0.0,0.0,0
NetKeys,0.8856256020838257,0.02597917193865419,18,0.586540473901338,1222.4967522621155,0.3333333333333333,0.0,0.0,0.0,0.0,1
Prim,0.9619350698962456,0.006120810219044923,11,0.5619629723963185,192.08239555358887,1.0,0.7777777777777778,0.0,0.0,0.0,2
Kruskal,0.9834087470098108,0.015257612973296244,3,0.5284259251627224,341.4484062194824,1.0,0.6111111111111112,0.45454545454545453,0.0,0.0,3
GPrim,0.7690132734510456,0.0005175913738849516,93,0.6804112721636584,291.1293489933014,1.0,1.0,1.0,1.0,0.0,4
