models,delta,spacing,onvg,hypervolume,time,c_A,c_B,c_C,c_D,c_E,score
A,0.8974359018345314,1.6431763672109438,5,0.03665618436510032,17.568646907806396,0.0,0.0,0.0,0.0,0.0,0
B,0.8871794928470055,0.00012630860369419562,6,0.0316162093699072,23.416183471679688,1.0,0.0,0.45454545454545453,0.4,0.0,3
C,0.7743589941635459,0.301661833754898,11,0.05695493975198852,28.116145849227905,1.0,0.16666666666666666,0.0,0.1,0.0,1
D,0.7692307946863592,3.449713824407044e-05,10,0.0456381113404923,33.87012004852295,1.0,0.3333333333333333,0.6363636363636364,0.0,0.0,2
E,0.40811995268236056,0.0008205960262580101,25,0.2218538996785881,41.18427491188049,1.0,1.0,1.0,1.0,0.0,4
