models,delta,spacing,onvg,hypervolume,time,c_A,c_B,c_C,c_D,c_E,score
A,0.9111496587341229,0.01469769582178805,6,0.10371686828471607,23.50941228866577,0.0,0.0,0.0,0.0,0.0,0
B,0.9220666070652538,0.01598681192970514,6,0.10004116472353179,23.416183471679688,1.0,0.0,0.45454545454545453,0.3333333333333333,0.0,2
C,0.8718024895397282,0.027004553801064164,11,0.1802189010985866,28.116145849227905,1.0,0.16666666666666666,0.0,0.0,0.0,1
D,0.8545961052824161,0.002059499481524126,12,0.16732934303416316,31.662089586257935,1.0,0.5,0.7272727272727273,0.0,0.04,3
E,0.871629054229951,0.10386239700511257,25,0.701998214353572,41.18427491188049,1.0,1.0,1.0,0.9166666666666666,0.0,4
