models,delta,spacing,onvg,hypervolume,c_A,c_B,c_C,c_D,c_E,score
A,0.9342730411426565,0.04218489681938922,5,0.1159888377287753,0.0,0.0,0.0,0.0,0.0,0
B,0.9220666070652538,0.01598681192970514,6,0.10004116472353179,1.0,0.0,0.45454545454545453,0.4,0.0,3
C,0.8718024895397282,0.027004553801064164,11,0.1802189010985866,1.0,0.16666666666666666,0.0,0.1,0.0,1
D,0.879192225522375,0.004366284204645595,10,0.14440977920113252,1.0,0.3333333333333333,0.6363636363636364,0.0,0.0,2
E,0.871629054229951,0.10386239700511257,25,0.701998214353572,1.0,1.0,1.0,1.0,0.0,4
