models,delta,spacing,onvg,hypervolume,c_A,c_B,c_C,c_D,c_E,c_F,score
A,0.7846666190730162,0.9078544738043703,5,1.3079471119217754,0.0,0.0,0.0,0.0,0.0,0.0,0
B,0.34395381003804204,0.11236226329208632,14,1.9999010035028597,1.0,0.0,0.2,0.125,0.05,0.25,1
C,0.31003587917252223,0.21024385645963659,15,4.643355012930378,1.0,0.7142857142857143,0.0,0.4375,0.05,0.25,4
D,0.24481720096360685,0.06764430892348569,16,1.2140657487206319,1.0,0.5,0.2,0.0,0.1,0.25,2
E,0.28230779378768306,0.4593845751952845,20,26.32827088136251,1.0,0.8571428571428571,0.3333333333333333,0.5625,0.0,0.5,5
F,0.2833107164713028,0.45327525255346734,20,25.992162228604272,1.0,0.5714285714285714,0.2,0.3125,0.0,0.0,3
