models,delta,spacing,onvg,hypervolume,c_A,c_B,c_C,c_D,c_E,c_F,score
A,0.789473684637958,0.8944195696505641,5,0.01634436564192178,0.0,0.0,0.0,0.0,0.0,0.0,0
B,0.42105269236317266,0.00012149401251335287,12,0.025943287075598342,1.0,0.0,0.2222222222222222,0.15384615384615385,0.125,0.10526315789473684,1
C,0.5789473969117233,8.651161547441204e-05,9,0.017754974016628323,1.0,0.5833333333333334,0.0,0.46153846153846156,0.0625,0.10526315789473684,3
D,0.3684211057368688,0.0001072215131649188,13,0.02668281281849992,1.0,0.5,0.3333333333333333,0.0,0.25,0.15789473684210525,2
E,0.21052736542107786,7.549368793949296e-05,16,0.030730620884806888,1.0,0.6666666666666666,0.3333333333333333,0.46153846153846156,0.0,0.10526315789473684,4
F,0.0526328967740777,0.00020037013231591523,19,0.04558487298778972,1.0,0.8333333333333334,0.5555555555555556,0.6153846153846154,0.25,0.0,5
