models,delta,spacing,onvg,hypervolume,c_A,c_B,c_C,c_D,c_E,score
A,0.9597989961390662,1.2149031755538378,7,0.3206440429393582,0.0,0.0,0.0,0.0,0.0,0
B,0.8509212726847635,1.739885872430917,13,1.4869486643969096,0.2857142857142857,0.0,0.0,0.0,0.0,1
C,0.9396984932489184,0.7678971235682925,13,0.49558127960918696,1.0,0.5384615384615384,0.0,0.14285714285714285,0.0,2
D,0.8824893758042084,1.311347562547621,14,0.9911037833523229,1.0,0.9230769230769231,0.6153846153846154,0.0,0.0,3
E,0.8837042408427797,0.576638978569358,29,0.907827562766083,1.0,0.5384615384615384,1.0,0.5,0.0,4
