models,delta,spacing,onvg,hypervolume,c_A,c_B,c_C,c_D,c_E,score
A,0.9597989963090795,1.2150008537491417,7,0.32110555054132994,0.0,0.0,0.0,0.0,0.0,0
B,0.8767169031390597,1.9651730702575378,16,1.4070682927120675,1.0,0.0,0.0,0.0,0.0,1
C,0.9849246237249374,6.265579818609989e-05,9,0.365136053170638,1.0,0.4375,0.0,0.26666666666666666,0.0,3
D,0.869346742732916,1.597609983084772,15,1.1414322451854015,1.0,1.0,0.0,0.0,0.0,2
E,0.5439167938924084,0.5550641285541968,72,2.627380589614992,1.0,0.75,1.0,0.4666666666666667,0.0,4
