models,delta,spacing,onvg,hypervolume,c_A,c_B,c_C,c_D,c_E,c_F,score
A,0.7269296614088554,0.13203053992073707,7,0.6553907211453183,0.0,0.0,0.0,0.0,0.0,0.0,0
B,0.6733252791673044,0.09852770404204275,8,1.0421814689627702,1.0,0.0,0.42857142857142855,0.7142857142857143,0.07142857142857142,0.05555555555555555,3
C,0.7221891741618504,0.35855990873815363,7,9.624870103716713,1.0,0.125,0.0,0.14285714285714285,0.0,0.0,1
D,0.6993214479472066,0.13052568746811968,7,4.5986489812408395,1.0,0.0,0.7142857142857143,0.0,0.07142857142857142,0.05555555555555555,2
E,0.6479569518130055,1.0582916037563899,14,50.2690898065895,1.0,0.875,1.0,0.8571428571428571,0.0,0.3888888888888889,5
F,0.5342235470483492,0.9567454371408708,18,48.749565380832195,1.0,0.75,1.0,0.8571428571428571,0.21428571428571427,0.0,4
