models,delta,spacing,onvg,hypervolume,c_A,c_B,c_C,c_D,c_E,score
A,0.7269296614088554,0.13203053992073707,7,0.6553907211453183,0.0,0.0,0.0,0.0,0.0,0
B,0.5939374709974703,0.13984205388401047,9,1.7215372571811685,1.0,0.0,0.7142857142857143,0.16666666666666666,0.0,2
C,0.7295776481478918,0.4508486728381743,7,6.943748710126169,1.0,0.2222222222222222,0.0,0.16666666666666666,0.0,1
D,0.7616688218093536,0.49166211817574773,6,6.580461064427777,1.0,0.3333333333333333,0.5714285714285714,0.0,0.0,3
E,0.6199567294359096,1.000025113858555,15,49.043830513201236,1.0,1.0,1.0,1.0,0.0,4
