models,delta,spacing,onvg,hypervolume,time,c_Prufer,c_NetKeys,c_Prim,c_Kruskal,c_GPrim,score
Prufer,0.9320671688460198,0.007282208748406118,11,0.5204356037605846,589.9718427658081,0.0,0.0,0.0,0.0,0.0,0
NetKeys,0.9480729120143119,0.0058197746138794575,11,0.700045000495268,1406.7558126449585,1.0,0.0,1.0,1.0,0.0,3
Prim,0.9701385416623236,0.021619978272380228,7,0.5602775039018323,287.4473502635956,0.6363636363636364,0.0,0.0,0.5,0.0,2
Kruskal,0.9581553429128453,0.030359200433021795,8,0.6134992331033553,436.52512860298157,0.5454545454545454,0.0,0.14285714285714285,0.0,0.0,1
GPrim,0.9206230989279087,0.002840357153601857,24,0.8061318232845739,464.5426664352417,1.0,1.0,1.0,1.0,0.0,4
