models,delta,spacing,onvg,hypervolume,time,c_Prufer,c_NetKeys,c_Prim,c_Kruskal,c_GPrim,score
Prufer,0.9515809307953353,0.008227333679330795,8,0.5457416717134789,533.6023406982422,0.0,0.0,0.0,0.0,0.0,0
NetKeys,0.9532892905155953,0.0,2,0.5751224538745371,1438.4846014976501,0.5,0.0,0.0,0.0,0.0,1
Prim,0.9932203130429886,0.011571341177871348,3,0.6028406941139164,286.8774025440216,0.625,1.0,0.0,0.0,0.0,2
Kruskal,0.9838991688121396,0.0,2,0.6410780378077922,463.96152424812317,0.625,1.0,1.0,0.0,0.0,3
GPrim,0.9507939172587165,0.0018391736195954977,21,0.8092507816297528,580.0587403774261,1.0,1.0,1.0,1.0,0.0,4
