models,delta,spacing,onvg,hypervolume,time,c_A,c_B,c_C,c_D,c_E,score
A,0.8461538501043584,0.9760021704682617,7,0.04864391042095648,17.262600660324097,0.0,0.0,0.0,0.0,0.0,0
B,0.743589767305751,5.852007547750231e-05,11,0.04693705769492203,25.099779844284058,1.0,0.0,0.3333333333333333,0.08333333333333333,0.0,1
C,0.7948718089473727,0.00012695100820971422,9,0.04045178903362653,27.475169897079468,1.0,0.45454545454545453,0.0,0.0,0.0,2
D,0.7389277690510806,0.28863813672499605,12,0.0787901695317168,34.29666590690613,1.0,0.7272727272727273,0.6666666666666666,0.0,0.041666666666666664,3
E,0.43366786943694574,0.00030191987498089334,24,0.14723127688239268,43.23370432853699,1.0,1.0,1.0,0.9166666666666666,0.0,4
