models,delta,spacing,onvg,hypervolume,c_A,c_B,c_C,c_D,c_E,score
A,0.8461538503065834,0.5344826547515672,7,0.040277622920403246,0.0,0.0,0.0,0.0,0.0,0
B,0.8141025761769553,8.228990552755906e-05,9,0.04342546960956401,1.0,0.0,0.38461538461538464,0.2222222222222222,0.0,2
C,0.713675233130919,0.27733973462168365,13,0.06198488579231674,1.0,0.3333333333333333,0.0,0.2222222222222222,0.0,1
D,0.6138763154124047,0.23566177157464469,18,0.13002214963155792,1.0,0.3333333333333333,0.6153846153846154,0.0,0.0,3
E,0.12820753642162278,0.0006979953247686674,35,0.25894309175210045,1.0,1.0,1.0,1.0,0.0,4
