models,delta,spacing,onvg,hypervolume,c_A,c_B,c_C,c_D,c_E,score
A,0.8461538511023764,0.5345134097423763,7,0.039456876386558745,0.0,0.0,0.0,0.0,0.0,0
B,0.8205128318164536,0.44094001205609995,9,0.042735659274820106,1.0,0.0,0.6,0.14285714285714285,0.0,2
C,0.7891737991018472,9.457822350729847e-05,10,0.044126335159969964,1.0,0.3333333333333333,0.0,0.07142857142857142,0.0,1
D,0.735700202417943,0.5344964341865728,14,0.09594431671613046,1.0,0.3333333333333333,0.7,0.0,0.0,3
E,0.35700203587863477,0.00010725718087730298,27,0.12043740557050062,1.0,1.0,1.0,1.0,0.0,4
