models,delta,spacing,onvg,hypervolume,c_A,c_B,c_C,c_D,c_E,c_F,score
A,0.7684210808320872,0.8366136651388829,6,0.0291766722963599,0.0,0.0,0.0,0.0,0.0,0.0,0
B,0.3684211998838775,0.0002218017190434288,13,0.05369233536401245,1.0,0.0,0.25,0.2857142857142857,0.0,0.0,1
C,0.6691729784136208,0.000199685143453829,8,0.03488882824607277,1.0,0.46153846153846156,0.0,0.42857142857142855,0.0,0.0,3
D,0.7192982337263308,0.0005089326230331476,7,0.03550286896700642,1.0,0.6153846153846154,0.375,0.0,0.07142857142857142,0.0,2
E,0.31579042988359174,0.00010977512771545265,14,0.051759980675220384,1.0,0.8461538461538461,1.0,0.5714285714285714,0.0,0.15789473684210525,4
F,0.09942057833417275,0.0009280873618822351,19,0.12679082850683554,1.0,1.0,0.875,0.8571428571428571,0.21428571428571427,0.0,5
