models,delta,spacing,onvg,hypervolume,c_A,c_B,c_C,c_D,c_E,c_F,score
A,0.7710815644668848,0.7950394319100221,6,-3.9934044236401007,0.0,0.0,0.0,0.0,0.0,0.0,0
B,0.4629871758792284,0.3127766986276705,13,4.7240448697692194,1.0,0.0,0.0,0.1,0.0,0.0,1
C,0.5516027827994928,0.5346739966563581,11,-0.13945223625179182,1.0,0.7692307692307693,0.0,0.5,0.05,0.05,3
D,0.6082952725745303,0.45304524177571204,10,10.41706499551833,1.0,0.6153846153846154,0.2727272727272727,0.0,0.0,0.05,2
E,0.4788517360541539,0.8761355878489808,20,53.392154492570754,1.0,1.0,0.9090909090909091,0.8,0.0,0.5,5
F,0.47879869021893323,0.8760904438619164,20,53.58548205990776,1.0,1.0,0.9090909090909091,0.7,0.15,0.0,4
