models,delta,spacing,nds,c_1.2.1.0.1.0,c_1.2.1.0.1.1,c_1.2.1.0.1.2,c_1.2.1.0.1.3,score
1.2.1.0.1.0,1.111111109601695,1.1546550395784996,4,0.0,0.0,0.5714285714285714,0.8571428571428571,2
1.2.1.0.1.1,0.0,0.0,2,0.75,0.0,0.7142857142857143,0.8571428571428571,3
1.2.1.0.1.2,0.9444444237052263,1.4636629434461312,7,0.5,0.0,0.0,0.8571428571428571,1
1.2.1.0.1.3,2.9495878517415974e-08,0.00016145896853847358,7,0.5,0.0,0.2857142857142857,0.0,0
