models,delta,spacing,onvg,hypervolume,c_A,c_B,c_C,c_D,c_E,score
A,0.9715242888581841,1.4960571361184334,7,0.29231292838606004,0.0,0.0,0.0,0.0,0.0,0
B,1.0170854153014224,2.242530692369435,16,1.4735855354844776,0.8571428571428571,0.0,0.0,0.0,0.0,1
C,0.9673366849756154,0.5000016524198886,9,0.36524669571683943,1.0,0.375,0.0,0.1875,0.0,3
D,0.9276381914344509,0.8061476908724814,16,1.069958510671682,1.0,1.0,0.0,0.0,0.0,2
E,0.5054218834241916,0.639598336456693,77,2.9355632876729585,1.0,0.75,1.0,0.75,0.0,4
