models,delta,spacing,onvg,hypervolume,c_A,c_B,c_C,c_D,c_E,score
A,0.9715242888511616,1.4959885223790468,7,0.2832218466347986,0.0,0.0,0.0,0.0,0.0,0
B,0.8708927614084258,1.5040397941561414,14,1.7586482860725574,0.5714285714285714,0.0,0.0,0.0,0.0,1
C,0.9463986620310484,1.2292658418468234,10,0.45196509676290453,1.0,0.42857142857142855,0.0,0.06666666666666667,0.0,2
D,0.8837042415503604,1.8438929270095221,15,0.9842869440500029,1.0,0.9285714285714286,0.4,0.0,0.0,3
E,0.8968756870041276,0.6079115241923837,24,0.858964892683056,1.0,0.5,1.0,0.26666666666666666,0.0,4
