models,delta,spacing,onvg,hypervolume,time,c_Prufer,c_NetKeys,c_Prim,c_Kruskal,c_GPrim,score
Prufer,0.9705717401321803,0.00797930418874209,5.8,0.6417774134646202,240.00673549175264,0.0,0.0,0.0,0.0,0.0,0.0
NetKeys,0.9863787375094472,inf,3.2,0.767911158014749,487.58304204940794,1.0,0.0,0.675,0.4833333333333334,0.0,2.4
Prim,0.9717492398095782,0.006100768242672776,4.8,0.7174571886822868,219.0333861589432,1.0,0.05,0.0,0.18333333333333332,0.0,1.5
Kruskal,0.9837813392053416,inf,2.1,0.7757646712427695,261.87589583396914,0.6044444444444445,0.03333333333333333,0.12499999999999997,0.0,0.0,1.3
GPrim,0.9533194252366239,0.01481558167085974,12.2,0.9772714881434915,441.26634695529935,1.0,1.0,1.0,1.0,0.0,4.0
