models,igd,delta,spacing,onvg,hypervolume,time,c_Prufer,c_NetKeys,c_Prim,c_Kruskal,c_GPrim,score
Prufer,0.08541465491699209,0.7621186664243549,0.04667164355050499,10,0.6165915667692666,17.66935634613037,0.0,0.1,0.3,0.0,0.0,0
NetKeys,0.08497738717220009,0.6955800434293135,0.03540914303809962,10,0.6219794564586861,23.520593643188477,0.7,0.0,0.3,0.25,0.0,1
Prim,0.07930201357495674,0.7398166733030527,0.06757788929474619,10,0.6213104498025568,17.307804584503174,0.7,0.7,0.0,0.125,0.0,2
Kruskal,0.09534352911913917,0.7960809836333397,0.02147002222268582,8,0.6273437621937027,20.132513523101807,1.0,0.7,0.8,0.0,0.0,3
GPrim,0.0008795545493002224,0.9135185436397391,0.239787721793149,20,2.5055602517250724,24.54416799545288,1.0,0.8,1.0,0.625,0.0,4
