models,igd,delta,spacing,onvg,hypervolume,time,c_Prufer,c_NetKeys,c_Prim,c_Kruskal,c_GPrim,score
Prufer,0.039919682166409245,0.7465780854485958,0.01838768469741309,10,0.6974382572754391,17.66935634613037,0.0,0.1,0.3,0.0,0.0,0
NetKeys,0.038140105283689066,0.7281352874042561,0.022373876446432444,10,0.699560976966814,23.520593643188477,0.7,0.0,0.3,0.25,0.0,1
Prim,0.037887974081389726,0.7365231215179168,0.026624323172245244,10,0.6992974018595852,17.307804584503174,0.7,0.7,0.0,0.125,0.0,2
Kruskal,0.0481335919574386,0.7987530847565447,0.020163792517235463,8,0.701674405056598,20.132513523101807,1.0,0.7,0.8,0.0,0.0,3
GPrim,0.0003465267236455146,0.6005329448243991,0.09447151819010081,20,0.8255296083966965,24.54416799545288,1.0,0.8,1.0,0.625,0.0,4
