models,igd,delta,spacing,onvg,hypervolume,time,c_A,c_B,c_C,c_D,c_E,score
A,0.05135997840657626,0.8301595628823956,0.023253439210931384,6,0.15908917056010596,12.645613193511963,0.0,0.0,0.0,0.0,0.0,0
B,0.03138147498893824,0.6992815041401282,0.039115824068658565,12,0.3496566555276442,24.604125022888184,1.0,0.0,0.0,0.23076923076923078,0.0,1
C,0.04236254106306025,0.7390714821079696,0.01490207926207416,10,0.2384001885689659,18.340856790542603,1.0,0.8333333333333334,0.0,0.23076923076923078,0.0,3
D,0.037049588284856626,0.6585402591940329,0.0008651366892122605,13,0.30564847325792216,21.21198081970215,1.0,0.6666666666666666,0.2,0.0,0.0,2
E,0.01695110414304529,0.6421110765078942,0.11779953283254013,20,0.8070610014924284,25.85320544242859,1.0,1.0,0.7,0.46153846153846156,0.0,4
