models,igd,delta,spacing,onvg,hypervolume,time,c_A,c_B,c_C,c_D,c_E,score
A,0.04711314985578822,0.7948491292396999,0.035343950575673924,8,0.21894733119846266,17.346553564071655,0.0,0.3333333333333333,0.0,0.07692307692307693,0.0,0
B,0.03138147498893824,0.6992815041401282,0.039115824068658565,12,0.3496566555276442,24.604125022888184,0.625,0.0,0.0,0.07692307692307693,0.0,1
C,0.04236254106306025,0.7390714821079696,0.01490207926207416,10,0.2384001885689659,18.340856790542603,0.875,0.8333333333333334,0.0,0.15384615384615385,0.0,2
D,0.035873550852037014,0.6673419205476124,0.02705197495741787,13,0.32584169361862125,22.156024932861328,0.75,0.6666666666666666,0.3,0.0,0.0,3
E,0.01695110414304529,0.6421110765078942,0.11779953283254013,20,0.8070610014924284,25.85320544242859,1.0,1.0,0.7,0.3076923076923077,0.0,4
