models,igd,delta,spacing,onvg,hypervolume,time,c_Prufer,c_NetKeys,c_Prim,c_Kruskal,c_GPrim,score
Prufer,0.05377215062028612,0.7948491292396999,0.035343950575673924,8,0.6811572845957146,17.346553564071655,0.0,0.3333333333333333,0.0,0.07692307692307693,0.0,0
NetKeys,0.0395493142422842,0.6992815041401282,0.039115824068658565,12,0.7525682569398225,24.604125022888184,0.625,0.0,0.0,0.07692307692307693,0.0,1
Prim,0.051704063321803606,0.7390714821079696,0.01490207926207416,10,0.649584984307791,18.340856790542603,0.875,0.8333333333333334,0.0,0.15384615384615385,0.0,2
Kruskal,0.04542921285470256,0.6673419205476124,0.02705197495741787,13,0.6471289953706324,22.156024932861328,0.75,0.6666666666666666,0.3,0.0,0.0,3
GPrim,5.681899199840157e-05,0.6421110765078942,0.11779953283254013,20,0.7942938973796669,25.85320544242859,1.0,1.0,0.7,0.3076923076923077,0.0,4
