models,delta,spacing,onvg,hypervolume,c_A,c_B,c_C,c_D,c_E,score
A,0.960804021486671,3.2506092172428316,6,0.4285539284808151,0.0,0.0,0.0,0.0,0.0,0
B,0.8932160654579976,1.9646716423671404,17,1.4010462865992037,0.3333333333333333,0.0,0.0,0.0,0.0,1
C,0.9863603735773722,0.9160692336999922,8,0.6403872191814513,1.0,0.47058823529411764,0.0,0.06666666666666667,0.0,2
D,0.8994974901963884,0.9903659288310789,15,0.9085465051502971,1.0,1.0,0.375,0.0,0.0,3
E,0.9280613625432517,0.7591548079922966,20,1.0177946425287596,1.0,0.5882352941176471,1.0,0.3333333333333333,0.0,4
