models,delta,spacing,onvg,hypervolume,time,c_A,c_B,c_C,c_D,c_E,score
A,0.9874371760513033,0.44699239825025816,5,0.5844197838489489,168.7708191871643,0.0,0.0,0.0,0.0,0.0,0
B,1.0206588149758653,0.316124702688183,10,1.657213278743469,1366.4836156368256,1.0,0.0,0.0,0.4,0.0,2
C,0.969849250169899,1.1337730816531104,7,0.49128235615521665,285.89006519317627,1.0,0.3,0.0,0.0,0.0,2
D,0.9497487529218245,2.881103217700129,5,0.9597384917887581,615.2596509456635,1.0,0.1,0.14285714285714285,0.0,0.0,2
E,0.9034647329882097,0.8885230002719423,20,1.6836441596072895,473.47223234176636,1.0,1.0,1.0,1.0,0.0,4
