models,igd,delta,spacing,onvg,hypervolume,c_A,c_B,c_C,c_D,c_E,score
A,0.7467384353348818,0.7770175486039914,0.40554739975125936,5.7,0.01414325279841965,0.0,0.02,0.0,0.0125,0.0,0.0
B,0.6036169132460646,0.5528070418640073,0.10551566117980977,10.0,0.02583494064580174,0.975,0.0,0.233023088023088,0.18424963924963927,0.005882352941176471,1.3
C,0.5973701743263344,0.6230952585375245,0.21915327169619325,8.7,0.019947298464419692,0.975,0.4793939393939394,0.0,0.4146897546897548,0.011437908496732027,2.2
D,0.6298314159074565,0.5561741206430483,0.09728725430846925,9.9,0.026327163760839562,0.975,0.6411111111111112,0.4161219336219335,0.0,0.021145510835913314,2.4
E,0.044922115572773064,0.04210898672493786,0.0003008485002008841,19.2,0.05196743262022137,1.0,0.9818181818181818,0.8781313131313132,0.9003968253968255,0.0,4.0
