models,igd,delta,spacing,onvg,hypervolume,c_A,c_B,c_C,c_D,c_E,score
A,0.04905425634751821,0.8260824126028309,0.038280193449516796,5.9,0.18231360959203924,0.0,0.016666666666666666,0.0,0.0,0.0,0.0
B,0.037127883365193584,0.7194904949386847,0.040898957528454204,10.8,0.335195173532005,0.9800000000000001,0.0,0.23957833832833836,0.21832334332334336,0.01,1.6
C,0.0319742404580783,0.6652928599537284,0.022224881704682092,13.2,0.35319893075671166,1.0,0.4169480519480519,0.0,0.21791930291930295,0.015000000000000003,2.0
D,0.03427505105904471,0.7081712425289067,0.055538704494113876,11.9,0.3959432164984385,1.0,0.5775252525252526,0.3995317182817183,0.0,0.01,2.2
E,0.01697488938937831,0.6441325098655227,0.11770177472001349,20.0,0.8067911700076932,1.0,0.865844155844156,0.5818960206460206,0.658011988011988,0.0,4.0
