models,igd,delta,spacing,onvg,hypervolume,time,c_A,c_B,c_C,c_D,c_E,score
A,0.04195013910355212,0.7684251812003536,0.033012532728900194,8.9,0.24931532755393312,18.33568263053894,0.0,0.22694444444444445,0.07676948051948052,0.09403651903651904,0.0,0.2
B,0.04113731199029615,0.7585076477853686,0.03769148645094258,9.4,0.28573015020223164,23.699784636497498,0.5907828282828282,0.0,0.1518831168831169,0.1889801864801865,0.01,0.9
C,0.03913480807960028,0.7155908447800174,0.023147741990168835,11.0,0.2840985925631473,17.881879091262817,0.8014646464646464,0.5375,0.0,0.3111829836829837,0.015000000000000003,2.3
D,0.040050016516145384,0.7300507179990211,0.018889937168350676,10.4,0.27292906332478545,21.255373692512514,0.8042424242424243,0.5438888888888889,0.35,0.0,0.015000000000000003,2.5
E,0.016989315633481748,0.6435596684694462,0.1175775568584927,20.0,0.8066965450807946,25.535519313812255,1.0,0.8605555555555556,0.568474025974026,0.588552836052836,0.0,4.0
