models,igd,delta,spacing,onvg,hypervolume,time,c_Prufer,c_NetKeys,c_Prim,c_Kruskal,c_GPrim,score
Prufer,0.08835860825266,0.7822254520060973,0.04759711109886984,8.0,0.6044164616610255,17.23366904258728,0.0,0.14345238095238094,0.09724025974025974,0.09714646464646463,0.0,0.2
NetKeys,0.08380247586828839,0.7373524928658373,0.051638153889147144,8.4,0.6464701420242623,22.586646556854248,0.5898809523809524,0.0,0.26970418470418467,0.2345707070707071,0.02,1.3
Prim,0.08735170826398128,0.7681787929676235,0.042949697025862224,9.3,0.6301471366203725,17.427920746803284,0.7912698412698413,0.5196428571428572,0.0,0.438989898989899,0.02,2.4
Kruskal,0.0907597799440121,0.7670753685455235,0.02339245771810376,9.3,0.6275080577608563,19.828081917762756,0.7718253968253969,0.4798809523809524,0.2865981240981241,0.0,0.015000000000000003,2.1
GPrim,0.0011284341371596192,0.9106327913618179,0.23617735974210108,20.0,2.4757242944823963,24.35380873680115,0.9875,0.8634126984126984,0.6481204906204907,0.7561363636363636,0.0,4.0
