models,delta,spacing,onvg,hypervolume,c_A,c_B,c_C,c_D,c_E,score
A,0.9562289579829724,5.834792020415933e-05,7,0.12286419376969607,0.0,0.0,0.0,0.0,0.0,0
B,0.8874458951450381,0.5605815312142417,15,0.2626751486202539,1.0,0.0,0.4,0.3333333333333333,0.0,2
C,0.9001122383487138,1.269271856828134,10,0.18609488346533617,1.0,0.3333333333333333,0.0,0.16666666666666666,0.0,1
D,0.8550207943376904,0.9582727648107491,18,0.44736869574591076,1.0,0.3333333333333333,0.4,0.0,0.0,2
E,0.7856341333602673,0.9449100188452155,28,0.397749527127746,1.0,0.7333333333333333,1.0,0.4444444444444444,0.0,4
