models,delta,spacing,onvg,hypervolume,c_A,c_B,c_C,c_D,c_E,score
A,0.9686634971295691,0.002979716228125256,7,0.06193839683885852,0.0,0.0,0.0,0.0,0.0,0
B,0.9445241424604925,0.01427273167491305,12,0.13156528902522377,1.0,0.0,0.0,0.125,0.0,1
C,0.9576812457944777,0.015259819330752308,10,0.08891766215817347,1.0,0.4166666666666667,0.0,0.1875,0.0,2
D,0.9215480164217262,0.014865929973266056,16,0.20504672017919312,1.0,0.75,0.4,0.0,0.0,3
E,0.9400189323039407,0.06264226892758913,72,0.8100911551007788,1.0,1.0,1.0,1.0,0.0,4
