models,delta,spacing,onvg,hypervolume,time,c_Prufer,c_NetKeys,c_Prim,c_Kruskal,c_GPrim,score
Prufer,0.951142070084068,0.008448871067852252,11.0,0.5798571221551633,242.8840375185013,0.0,0.32798196471571084,0.0,0.00625,0.0,0.7
NetKeys,0.9271756265903075,0.013274706640516245,15.0,0.6768991550244883,1141.7107623577117,0.1788044308632544,0.0,0.009090909090909092,0.010526315789473684,0.0,0.3
Prim,0.9681748091080227,0.01015331942586715,10.0,0.6024890734810883,191.1817576408386,0.9511111111111111,0.41993046341343554,0.0,0.1944388544891641,0.0,2.4
Kruskal,0.9361450160125451,0.009986124747145737,16.1,0.7410753369769132,346.3820431470871,0.8885115864527628,0.9718045112781954,0.3050213675213675,0.0,0.0,2.6
GPrim,0.748735092771359,0.0027649914666663727,97.8,0.7829076033102254,248.09988641738892,1.0,1.0,1.0,0.9659442724458206,0.0,4.0
