models,delta,spacing,onvg,hypervolume,time,c_Prufer,c_NetKeys,c_Prim,c_Kruskal,c_GPrim,score
Prufer,0.9408222864937581,0.010581755426562851,11.7,0.723345451525031,131.49927694797515,0.0,0.02857142857142857,0.06196581196581197,0.07737303617099014,0.0,0.2
NetKeys,0.9618249496011172,0.008389759570340945,11.0,0.7597264401108741,379.16492121219636,0.9272727272727274,0.0,0.3435236985236986,0.3749786871270247,0.0,2.4
Prim,0.9596782762431875,0.011473956613053334,10.3,0.7099393273967926,158.2687974214554,0.6702991452991454,0.2893351093351093,0.0,0.2225367900783502,0.0,2.1
Kruskal,0.9032427874857077,0.01841193568135894,19.2,0.8473754943129146,199.3875314950943,0.6479409479409479,0.08824397824397824,0.1264102564102564,0.0,0.0,1.3
GPrim,0.7893014198928643,0.006211131730971252,94.6,0.9179044989290999,215.1283394575119,1.0,1.0,1.0,0.981128364389234,0.0,4.0
