models,delta,spacing,nds,c_1.2.7.0.0.0,c_1.2.7.0.0.1,c_1.2.7.0.0.2,c_1.2.7.0.0.3,score
1.2.7.0.0.0,1.2000008509508255,1.0351258837206931,6,0.0,0.6666666666666666,0.2,0.16666666666666666,2
1.2.7.0.0.1,0.4999999169943623,0.5771231983214061,3,0.0,0.0,0.0,0.0,0
1.2.7.0.0.2,0.7499999104118055,0.5475681087765392,5,0.16666666666666666,1.0,0.0,0.8333333333333334,2
1.2.7.0.0.3,0.48000011960026273,0.5162500776137995,6,0.16666666666666666,0.6666666666666666,0.0,0.0,1
