models,igd,delta,spacing,onvg,hypervolume,c_A,c_B,c_C,c_D,c_E,score
A,0.7632168868354599,0.7894736916260803,0.5477903352115272,5,0.013215873441739094,0.0,0.0,0.0,0.0,0.0,0
B,0.5545268360143327,0.6766917207934067,0.0003602675497021589,8,0.023502483788020133,1.0,0.0,0.0,0.1,0.0,1
C,0.6538348511757277,0.6691729447127205,0.3535239290812243,8,0.01896852649285065,1.0,1.0,0.0,0.7,0.0,3
D,0.6204836908176411,0.5263158238116706,0.00013347423053335067,10,0.0220916127927009,1.0,0.875,0.125,0.0,0.0,2
E,0.11180343067359728,0.1052643133372385,0.00014663524174700265,18,0.03904004589237778,1.0,1.0,0.875,1.0,0.0,4
