models,igd,delta,spacing,onvg,hypervolume,c_A,c_B,c_C,c_D,c_E,c_F,score
A,0.9273618665503573,0.789473693191936,8.118600748112209e-05,5,0.008934667906404837,0.0,0.0,0.0,0.0,0.0,0.0,0
B,0.37749173651925666,0.41228074390226505,0.2773223285909069,13,0.03579699145182358,1.0,0.0,0.15384615384615385,0.14285714285714285,0.1,0.05,1
C,0.3774917619430252,0.41228073456389597,5.929028993271172e-06,13,0.025852483885356006,1.0,0.3076923076923077,0.0,0.21428571428571427,0.0,0.0,2
D,0.2958040405045597,0.31578952504275604,3.3582273241838357e-06,14,0.025635371119558742,1.0,0.5384615384615384,0.23076923076923078,0.0,0.05,0.05,3
E,4.3588989435406745e-05,6.522962300522362e-06,0.00045726003440268927,20,0.06286739978038917,1.0,0.8461538461538461,0.46153846153846156,0.42857142857142855,0.0,0.05,4
F,4.3375113772600394e-05,6.556529053296803e-06,0.0004575368996983021,20,0.062880627584048,1.0,0.9230769230769231,0.46153846153846156,0.42857142857142855,0.35,0.0,5
