models,delta,spacing,onvg,hypervolume,c_A,c_B,c_C,c_D,c_E,score
A,0.9396984948156201,2.3804573103190485,4,0.36156354128962565,0.0,0.125,0.0,0.0,0.0,0
B,0.8884421582695149,1.3885508355128509,16,1.5198196974044438,0.5,0.0,0.0,0.0,0.0,1
C,0.9417085450931532,0.8090557526830304,11,0.430944306221122,1.0,0.375,0.0,0.07692307692307693,0.0,2
D,0.9313232868237545,3.312726640492535,13,1.0921012141481454,1.0,1.0,0.5454545454545454,0.0,0.0,3
E,0.8711740578851216,0.727772865122709,23,0.8487745338745522,1.0,0.5,1.0,0.15384615384615385,0.0,4
