models,delta,spacing,onvg,hypervolume,c_A,c_B,c_C,c_D,c_E,score
A,0.9396984948156094,2.3804595196387464,4,0.3617754149712098,0.0,0.13333333333333333,0.0,0.0,0.0,0
B,0.9583632461941848,1.8847460856141987,15,1.1243522310239715,0.5,0.0,0.0,0.0,0.0,1
C,0.9735038842615038,0.2886705855174816,12,0.5697040044067192,1.0,0.4,0.0,0.0,0.0,2
D,0.9412853790518171,0.30777314388936516,20,0.9199130832577738,0.75,1.0,0.08333333333333333,0.0,0.0,3
E,0.6097631281949193,0.631177731640159,71,2.7510448149629707,1.0,1.0,1.0,0.65,0.0,4
