models,igd,delta,spacing,onvg,hypervolume,time,c_A,c_B,c_C,c_D,c_E,score
A,0.036628512752087665,0.8155736531491857,0.046806900428028195,7,0.21593373043325365,11.355923652648926,0.0,0.0,0.0,0.0,0.0,0
B,0.034092880512225435,0.7802286800250331,0.09466980678636051,10,0.405167998926647,21.14018988609314,1.0,0.0,0.1,0.1111111111111111,0.0,1
C,0.032591163603685205,0.7381344123330617,0.015097425857389109,10,0.25112743261988807,16.357156991958618,1.0,0.7,0.0,0.3333333333333333,0.0,3
D,0.03696829612029062,0.7663565944789437,0.01749964036323694,9,0.22827525381741598,19.554914236068726,1.0,0.7,0.1,0.0,0.0,2
E,0.012179861086170234,0.6434840433213747,0.11746276673700372,20,0.8061862478629388,23.56008791923523,1.0,1.0,0.5,0.6666666666666666,0.0,4
