models,igd,delta,spacing,onvg,hypervolume,c_A,c_B,c_C,c_D,c_E,score
A,0.7017834472827322,0.7578947463439403,0.40828253172744605,6,0.014892196086197934,0.0,0.0,0.0,0.0,0.0,0
B,0.7399324337990504,0.669172946492115,9.894694065052103e-05,8,0.01988518828416546,1.0,0.0,0.2222222222222222,0.4,0.0,1
C,0.6519202457652471,0.5789473980329299,0.00019832190190467955,9,0.020387170363547084,1.0,0.625,0.0,0.3,0.0,2
D,0.5147815142244365,0.5672514775120008,0.31619206641005937,10,0.025413424924465404,1.0,0.5,0.4444444444444444,0.0,0.0,3
E,0.00012422743307836283,6.5407260249515774e-06,0.00045683708289803775,20,0.06286420037124907,1.0,0.875,1.0,1.0,0.0,4
