models,delta,spacing,onvg,hypervolume,c_A,c_B,c_C,c_D,c_E,c_F,score
A,0.7574994934933138,0.45067457231381736,6,-0.14422244380206628,0.0,0.0,0.0,0.0,0.0,0.0,0
B,0.3227618470390118,0.1382378721263867,15,-0.20955136929634754,1.0,0.0,0.0,0.06666666666666667,0.05,0.05,1
C,0.6359522943841048,0.004897244412949218,8,-0.2680567201667987,1.0,0.5333333333333333,0.0,0.13333333333333333,0.1,0.1,2
D,0.28551162791235424,0.09909049857532772,15,0.11820429622646422,1.0,0.5333333333333333,0.375,0.0,0.1,0.05,3
E,0.2819903329329697,0.457428245103662,20,26.275514752857667,1.0,0.6,0.375,0.3333333333333333,0.0,0.15,4
F,0.282094573348083,0.4551841604214251,20,26.074534263090662,1.0,0.5333333333333333,0.5,0.3333333333333333,0.3,0.0,5
