models,igd,delta,spacing,onvg,hypervolume,time,c_Prufer,c_NetKeys,c_Prim,c_Kruskal,c_GPrim,score
Prufer,0.08872215770356671,0.7686773972816087,0.02931047291110137,9,0.6195910728394218,15.799384832382202,0.0,0.1111111111111111,0.0,0.1111111111111111,0.0,0
NetKeys,0.08836187321315639,0.7752265098747182,0.043619541048249076,9,0.624943430075057,21.312821626663208,0.7777777777777778,0.0,0.1111111111111111,0.0,0.05,1
Prim,0.09465582746815518,0.7858585548352884,0.0040230357374506425,9,0.6305732660971596,16.151746034622192,1.0,0.6666666666666666,0.0,0.1111111111111111,0.0,2
Kruskal,0.08663923519578497,0.780824733979223,0.04585320485987917,9,0.6216428466321824,18.290330410003662,0.7777777777777778,0.7777777777777778,0.3333333333333333,0.0,0.05,3
GPrim,0.000564639098357278,0.9142434960223923,0.23564153817352956,20,2.4732231138875145,22.6163809299469,1.0,0.8888888888888888,0.5555555555555556,0.2222222222222222,0.0,4
