models,igd,delta,spacing,onvg,hypervolume,c_A,c_B,c_C,c_D,c_E,c_F,score
A,0.7017834472827322,0.7578947463439403,0.40828253172744605,6,0.014892196086197934,0.0,0.0,0.0,0.0,0.0,0.0,0
B,0.6020797329085266,0.47368426553509857,0.00012777008813875487,11,0.024050879448300443,1.0,0.0,0.0,0.21428571428571427,0.0,0.0,1
C,0.764852930553182,0.6315789750399494,2.979187628354648e-06,8,0.014735923263615553,1.0,0.7272727272727273,0.0,0.21428571428571427,0.0,0.05,2
D,0.37416575185268364,0.3157895517571095,0.00022893503281021263,14,0.037373039533903654,1.0,0.7272727272727273,0.625,0.0,0.0,0.0,3
E,0.00012400531234656376,6.541758937633129e-06,0.0004581792522559274,20,0.06288450501032587,1.0,0.9090909090909091,0.75,0.5714285714285714,0.0,0.2,5
F,0.00012412088960293797,6.408001305711002e-06,0.0004585996147922112,20,0.06290604091083095,1.0,0.9090909090909091,0.75,0.5714285714285714,0.15,0.0,4
