models,igd,delta,spacing,onvg,hypervolume,c_A,c_B,c_C,c_D,c_E,score
A,1.0307764165614355,0.8421052701231089,1.9092642542635355e-06,4,0.006220347163543725,0.0,0.0,0.0,0.0,0.0,0
B,0.5522680643002627,0.6184210742319958,7.922832720652581e-05,9,0.01914282983310486,1.0,0.0,0.2,0.0,0.0,1
C,0.34278275149986104,0.6140351088224437,0.3162148627289147,10,0.024751670552952756,1.0,0.7777777777777778,0.0,0.3,0.058823529411764705,2
D,0.7228416206594553,0.5263158310417854,0.0001399407098634126,10,0.023399063380547147,1.0,1.0,0.3,0.0,0.11764705882352941,2
E,0.18708289839772582,0.15789591499299385,0.00010292704680105855,17,0.034242997932572766,1.0,1.0,0.9,0.7,0.0,4
