models,igd,delta,spacing,onvg,hypervolume,c_A,c_B,c_C,c_D,c_E,score
A,0.046350347931310126,0.8232736950168584,0.03716246484354058,6,0.2100553853181398,0.0,0.0,0.0,0.0,0.0,0
B,0.04952692409430431,0.7621159353151264,0.0361780602253438,9,0.2613870917407056,1.0,0.0,0.15384615384615385,0.09090909090909091,0.0,1
C,0.03191147782041827,0.6509497321807246,0.02248996283674704,13,0.35345328072043597,1.0,0.7777777777777778,0.0,0.45454545454545453,0.05,3
D,0.038925565958031386,0.769956929258499,0.09346718345821792,11,0.43677474005158695,1.0,0.7777777777777778,0.3076923076923077,0.0,0.1,2
E,0.016813412838039696,0.6429945318443623,0.1176665974172365,20,0.8067736695658351,1.0,0.8888888888888888,0.38461538461538464,0.7272727272727273,0.0,4
