models,igd,delta,spacing,onvg,hypervolume,time,c_Prufer,c_NetKeys,c_Prim,c_Kruskal,c_GPrim,score
Prufer,0.0886881456477677,0.7726980717046505,0.031952712578015734,9,0.6149900116815531,16.03609824180603,0.0,0.14285714285714285,0.1,0.0,0.0,0
NetKeys,0.09216987245286795,0.8036717832027767,0.03609271953545027,7,0.6434901506718893,22.51041889190674,0.6666666666666666,0.0,0.1,0.14285714285714285,0.05,1
Prim,0.08073518340229892,0.7781667658777575,0.06560823026915354,10,0.6531132645434391,16.547157526016235,0.8888888888888888,0.8571428571428571,0.0,0.42857142857142855,0.0,2
Kruskal,0.09387802347122683,0.8101312187241736,0.03735099359550909,7,0.6214962352403212,18.318583011627197,0.8888888888888888,0.7142857142857143,0.5,0.0,0.0,3
GPrim,0.001124064648861345,0.9029013298390198,0.2370743806630769,20,2.4776264287165577,22.838690042495728,1.0,0.8571428571428571,1.0,0.8571428571428571,0.0,4
