models,igd,delta,spacing,onvg,hypervolume,c_A,c_B,c_C,c_D,c_E,score
A,0.7035623740621803,0.7894736923962596,0.5481153107825321,5,0.017688066925438686,0.0,0.0,0.0,0.0,0.0,0
B,0.7245688432688849,0.6184210692470528,0.00016285912161659503,9,0.02453714363059723,1.0,0.0,0.3,0.2,0.0,1
C,0.342782747172273,0.6140351069572364,0.6748999083812772,10,0.02724537547448068,1.0,0.5555555555555556,0.0,0.4,0.0,2
D,0.5147815196087311,0.5672514905919748,0.31621594509535467,10,0.022433464312888028,1.0,0.6666666666666666,0.6,0.0,0.0,3
E,6.593981251623369e-05,6.5032229452221636e-06,0.00045774149248959756,20,0.06290350132388431,1.0,1.0,0.9,1.0,0.0,4
