models,igd,delta,spacing,onvg,hypervolume,time,c_Prufer,c_NetKeys,c_Prim,c_Kruskal,c_GPrim,score
Prufer,0.0461263481866673,0.7649341056626464,0.012588723246393197,9,0.6968072769255281,16.03609824180603,0.0,0.14285714285714285,0.1,0.0,0.0,0
NetKeys,0.053904438772999955,0.8237012710720624,0.014219802351118218,7,0.7383366650182462,22.51041889190674,0.6666666666666666,0.0,0.1,0.14285714285714285,0.05,1
Prim,0.042743371050785114,0.7477951402864595,0.02584831730725317,10,0.742127977477296,16.547157526016235,0.8888888888888888,0.8571428571428571,0.0,0.42857142857142855,0.0,2
Kruskal,0.05511043516956739,0.819792005978459,0.014715536911103392,7,0.699370597568823,18.318583011627197,0.8888888888888888,0.7142857142857143,0.5,0.0,0.0,3
GPrim,0.00044285876327462414,0.5938850785426236,0.09340251659982476,20,0.8259875623975048,22.838690042495728,1.0,0.8571428571428571,1.0,0.8571428571428571,0.0,4
