models,igd,delta,spacing,onvg,hypervolume,time,c_Prufer,c_NetKeys,c_Prim,c_Kruskal,c_GPrim,score
Prufer,0.03916662047812665,0.7595465966837924,0.03566129774332553,9,0.8706689297354102,16.66285800933838,0.0,0.15384615384615385,0.0,0.0,0.0,0
NetKeys,0.028964410177633383,0.7821660376127011,0.11441325069924577,13,1.4020020124305712,22.11353373527527,0.4444444444444444,0.0,0.0,0.2857142857142857,0.0,1
Prim,0.043441811646596544,0.7401751970219895,0.016084228137694716,10,0.8998713184806921,16.391592741012573,1.0,0.6923076923076923,0.0,0.42857142857142855,0.05,3
Kruskal,0.05302640802533418,0.8248052037283927,0.018655436583232255,7,0.8525255881527298,19.350090265274048,0.6666666666666666,0.46153846153846156,0.2,0.0,0.0,2
GPrim,0.016784747218802312,0.6432856723381729,0.11779259963277332,20,1.4290654316479177,23.814293146133423,1.0,1.0,0.3,0.42857142857142855,0.0,4
