models,delta,spacing,onvg,hypervolume,time,c_Prufer,c_NetKeys,c_Prim,c_Kruskal,c_GPrim,score
Prufer,0.9622985409811307,0.007404545136125039,8,0.5292584919433775,641.2692947387695,0.0,0.0,0.0,0.0,0.0,0
NetKeys,0.9777301507234017,0.002640213315010627,8,0.6942765958050903,1479.6701567173004,1.0,0.0,1.0,1.0,0.0,3
Prim,0.9793189627333988,0.0015494476817015557,3,0.5560782097883992,306.1546332836151,0.75,0.0,0.0,0.0,0.0,1
Kruskal,0.9747737827797925,0.010950875437645223,4,0.6170693937062288,605.5424687862396,1.0,0.0,1.0,0.0,0.0,2
GPrim,0.9394791970297017,0.00270320635853703,25,0.7978972287697537,504.50618743896484,1.0,1.0,1.0,1.0,0.0,4
