models,delta,spacing,onvg,hypervolume,c_A,c_B,c_C,c_D,c_E,score
A,0.9486408503028544,0.010769880865137768,5,0.05888488296960556,0.0,0.0,0.0,0.0,0.0,0
B,0.9373736121565907,0.004735201335772712,12,0.10238787210746936,1.0,0.0,0.375,0.2857142857142857,0.0,2
C,0.9631554155308872,0.010383599347733072,8,0.060913846094876184,1.0,0.16666666666666666,0.0,0.21428571428571427,0.0,2
D,0.9012480654775245,0.009443492562778296,14,0.1704779900451822,1.0,0.5,0.125,0.0,0.0,2
E,0.9339358550528334,0.06617439221087675,64,0.8096330975524573,1.0,1.0,1.0,1.0,0.0,4
