models,delta,spacing,onvg,hypervolume,c_A,c_B,c_C,c_D,c_E,score
A,0.9191919230326396,0.44730480954672236,5,0.11622848117843815,0.0,0.0,0.0,0.0,0.0,0
B,0.8585858679014865,0.9244293517592571,11,0.26686049851221916,1.0,0.0,0.125,0.08333333333333333,0.0,1
C,0.9466089468912064,0.7070477674401772,8,0.1373231332615149,1.0,0.6363636363636364,0.0,0.25,0.0,2
D,0.9017447168408299,0.6215232278278496,12,0.3223116351309998,1.0,0.7272727272727273,0.25,0.0,0.0,2
E,0.7887970757780217,0.421733981921968,23,0.3473531751515535,1.0,0.8181818181818182,1.0,0.4166666666666667,0.0,4
