models,delta,spacing,onvg,hypervolume,time,c_Prufer,c_NetKeys,c_Prim,c_Kruskal,c_GPrim,score
Prufer,0.7992818102143531,0.031012682346411403,11,0.6649160255544564,27.47292184829712,0.0,0.0,0.0,0.0,0.0,0
NetKeys,0.8888976235185974,0.06031506170119685,8,0.676675261246127,38.49529814720154,0.9090909090909091,0.0,0.5,0.3333333333333333,0.0,2
Prim,0.847533444860171,0.030704215245813526,12,0.7073030358228158,29.189488172531128,0.9090909090909091,0.25,0.0,0.3333333333333333,0.0,1
Kruskal,0.7797593060662762,0.045885203327877135,15,0.7389206514576688,34.49579834938049,1.0,0.375,0.5,0.0,0.0,3
GPrim,1.0299019452431644,0.17263665733895708,38,2.740578616852394,42.376479387283325,1.0,1.0,1.0,1.0,0.0,4
