models,delta,spacing,onvg,hypervolume,time,c_Prufer,c_NetKeys,c_Prim,c_Kruskal,c_GPrim,score
Prufer,0.968066029888814,0.004078566084967803,5,0.4203722036942388,236.77328896522522,0.0,0.11538461538461539,0.0,0.0,0.0,1
NetKeys,0.9244701710951716,0.006337654737881599,26,0.6002302305850523,1202.8946425914764,0.0,0.0,0.0,0.0,0.0,0
Prim,0.9911511667376965,0.007389205147307728,6,0.549216057559796,192.97531270980835,1.0,0.6153846153846154,0.0,0.0,0.0,2
Kruskal,0.9939467183611513,0.0,2,0.5689564860852553,342.98254203796387,1.0,0.7307692307692307,0.5,0.0,0.0,3
GPrim,0.793833976557593,0.0011894924047009298,84,0.6753788469846994,279.61694526672363,1.0,1.0,1.0,1.0,0.0,4
