models,delta,spacing,onvg,hypervolume,time,c_Prufer,c_NetKeys,c_Prim,c_Kruskal,c_GPrim,score
Prufer,0.9624581171788479,0.017144630515988326,17,0.574030519378622,242.95472979545593,0.0,0.6,0.0,0.0,0.0,1
NetKeys,0.9058998015253488,0.015957704074223415,10,0.6557587630339747,1144.801655292511,0.058823529411764705,0.0,0.0,0.0,0.0,0
Prim,0.9668373027903165,0.008290566939680355,8,0.5857471667525287,189.44180607795715,1.0,0.7,0.0,0.058823529411764705,0.0,2
Kruskal,0.9474967031108595,0.012763881754219757,17,0.7493250833089152,344.5778737068176,0.9411764705882353,1.0,0.125,0.0,0.0,3
GPrim,0.7533758836098499,0.002302504727407709,98,0.7433484159868888,243.85810470581055,1.0,1.0,1.0,0.7647058823529411,0.0,4
