models,delta,spacing,onvg,hypervolume,time,c_Prufer,c_NetKeys,c_Prim,c_Kruskal,c_GPrim,score
Prufer,0.9584018389852508,0.01281938548074653,4,0.35228430379677966,116.96647834777832,0.0,1.0,0.5,0.0,0.0,2
NetKeys,0.9925374238856558,0.0,2,0.3294455396763139,147.1667320728302,0.0,0.0,0.0,0.0,0.0,0
Prim,0.716282367429056,0.0,2,0.4216279943642642,102.8531723022461,0.0,0.0,0.0,0.0,0.0,0
Kruskal,0.9598909306854476,0.0,2,0.4297276009916891,121.7840929031372,1.0,1.0,1.0,0.0,0.0,3
GPrim,0.9369419509944211,0.47502796692952315,6,3.3959636271408034,225.24081993103027,1.0,1.0,1.0,1.0,0.0,4
