models,delta,spacing,onvg,hypervolume,time,c_Prufer,c_NetKeys,c_Prim,c_Kruskal,c_GPrim,score
Prufer,0.7533797879108431,0.04616367313063345,11,0.583788036830514,22.861562967300415,0.0,0.0,0.0,0.0,0.0,0
NetKeys,0.8108754046972114,0.024496905926310483,11,0.6340818119046724,22.75362777709961,1.0,0.0,0.25,0.14285714285714285,0.0,1
Prim,0.8270347320170524,0.02332750158191416,12,0.6403839349703827,28.15962839126587,0.9090909090909091,0.6363636363636364,0.0,0.35714285714285715,0.037037037037037035,3
Kruskal,0.7954916428665204,0.06426811278087864,14,0.6785265019323933,31.467079877853394,1.0,0.7272727272727273,0.3333333333333333,0.0,0.14814814814814814,2
GPrim,1.0472590533799278,0.21567736707563992,27,3.3172715329827214,40.042991638183594,1.0,1.0,0.9166666666666666,0.6428571428571429,0.0,4
