models,delta,spacing,onvg,hypervolume,time,c_Prufer,c_NetKeys,c_Prim,c_Kruskal,c_GPrim,score
Prufer,0.9766672193141956,0.02403530426620375,4,0.6451605556672947,63.028483629226685,0.0,0.0,0.0,0.0,0.0,0
NetKeys,0.9605755826286381,0.004281478380540023,6,0.7220888277766565,134.9605119228363,1.0,0.0,0.14285714285714285,0.0,0.0,1
Prim,0.9533023640968336,0.012303224863001507,7,0.7041439879838797,67.7601797580719,1.0,0.5,0.0,0.1111111111111111,0.0,2
Kruskal,0.9544355090884294,0.004225985857713165,9,0.7505064271772645,83.89044094085693,0.75,0.8333333333333334,0.42857142857142855,0.0,0.0,3
GPrim,0.7445421971788753,0.023064690772829556,69,0.9392591660448245,106.30397439002991,1.0,1.0,1.0,1.0,0.0,4
