models,delta,spacing,onvg,hypervolume,time,c_Prufer,c_NetKeys,c_Prim,c_Kruskal,c_GPrim,score
Prufer,0.9623628326162612,0.02076479920350054,5,0.4962186061271734,60.049062728881836,0.0,0.0,0.0,0.0,0.0,0
NetKeys,0.9757232025747336,0.041403256968632535,8,0.6418855357591617,128.91186666488647,1.0,0.0,0.0,0.1111111111111111,0.0,1
Prim,0.9113775660307568,0.003800345158323304,17,0.6155117420373287,68.20567083358765,1.0,0.75,0.0,0.7777777777777778,0.0,3
Kruskal,0.9536252977762957,0.004791561842776067,9,0.5946039099413255,83.73806023597717,1.0,0.375,0.23529411764705882,0.0,0.0,2
GPrim,0.7581269141559681,0.002882151675984977,47,0.8583887309592158,124.23401212692261,1.0,1.0,1.0,1.0,0.0,4
