models,delta,spacing,onvg,hypervolume,time,c_Prufer,c_NetKeys,c_Prim,c_Kruskal,c_GPrim,score
Prufer,0.9730927510550601,0.0,2,0.28501143053005307,35.931642055511475,0.0,0.0,0.0,0.0,0.0,0
NetKeys,0.884871527305474,0.0,2,0.35165582042819754,55.85686230659485,1.0,0.0,1.0,0.0,0.0,2
Prim,0.8269691966791485,0.06222926704727048,3,0.33152048929913286,39.950629472732544,0.5,0.0,0.0,0.0,0.0,1
Kruskal,0.6838955175969623,0.0,2,0.6843855118200497,46.64052987098694,1.0,0.5,1.0,0.0,0.0,3
GPrim,0.8832228271735785,0.4373331073136135,4,2.4556474449495456,79.28138136863708,1.0,1.0,1.0,1.0,0.0,4
