models,delta,spacing,onvg,hypervolume,time,c_Prufer,c_NetKeys,c_Prim,c_Kruskal,c_GPrim,score
Prufer,0.9656326563354726,0.23470926395959615,3,0.6193447232300922,40.20385503768921,0.0,0.0,0.0,0.0,0.0,0
NetKeys,0.8375187244213051,0.0,2,0.6502214921472418,58.86923050880432,1.0,0.0,1.0,0.0,0.0,2
Prim,1.0,inf,1,0.6193717067783471,45.67944836616516,0.6666666666666666,0.0,0.0,0.0,0.0,1
Kruskal,0.9448707561512588,0.0,2,0.6653412476732853,55.85041856765747,1.0,0.5,0.0,0.0,0.0,2
GPrim,0.8564492787467919,0.20362947997087322,4,0.7054739207977039,78.33028030395508,1.0,1.0,1.0,1.0,0.0,4
