models,delta,spacing,onvg,hypervolume,time,c_Prufer,c_NetKeys,c_Prim,c_Kruskal,c_GPrim,score
Prufer,0.9517309954004608,0.002323504542073917,5,0.7198090528060935,149.24693179130554,0.0,0.0,0.0,0.0,0.0,0
NetKeys,0.9592748927406208,0.0057677734490159055,8,0.7961018042866437,156.89959740638733,1.0,0.0,1.0,0.0,0.0,2
Prim,0.9693962005652673,0.004524332025913486,7,0.7567065171982366,118.5000696182251,1.0,0.0,0.0,0.0,0.0,1
Kruskal,0.9779052388210608,0.0034631005096926897,5,0.8323082474537605,126.08288955688477,1.0,0.375,0.42857142857142855,0.0,0.0,3
GPrim,0.9903328961350149,0.05396293364602135,21,0.9560489233679758,209.3371958732605,1.0,1.0,1.0,1.0,0.0,4
