models,igd,delta,spacing,onvg,hypervolume,c_A,c_B,c_C,c_D,c_E,c_F,score
A,0.6800735376509476,0.7894736916124746,0.8944855203802675,5,0.014949701444837354,0.0,0.0,0.0,0.0,0.0,0.0,0
B,0.8455767292787163,0.5263158443872896,0.0002024444828983089,10,0.02820883981766712,1.0,0.0,0.08333333333333333,0.0,0.05,0.0,1
C,0.38729835299112864,0.42105267134603797,5.701282233747499e-05,12,0.02327960785198429,1.0,0.5,0.0,0.18181818181818182,0.1,0.05,3
D,0.6020797353272287,0.47368426420475485,0.0001806105129519219,11,0.02580019319656708,1.0,0.7,0.16666666666666666,0.0,0.2,0.05,2
E,6.669378021542771e-05,6.500393069688086e-06,0.0004571777893255445,20,0.06290523841905536,1.0,0.8,0.25,0.45454545454545453,0.0,0.0,4
F,6.64198677617559e-05,6.552277779498407e-06,0.0004588961367053378,20,0.06292781157971049,1.0,1.0,0.3333333333333333,0.5454545454545454,0.4,0.0,5
