models,igd,delta,spacing,onvg,hypervolume,time,c_Prufer,c_NetKeys,c_Prim,c_Kruskal,c_GPrim,score
Prufer,0.045049952784010326,0.7944552498136711,0.016540164875624905,8,0.8962738056143821,17.718931198120117,0.0,0.5,0.2,0.23076923076923078,0.0,1
NetKeys,0.036053902157200106,0.803951133421648,0.09511895141210384,10,1.0307452313029297,25.84214472770691,0.0,0.0,0.1,0.07692307692307693,0.0,0
Prim,0.038651205391319055,0.7462189379378142,0.03362170559926232,10,0.966899923645219,17.7477285861969,0.5,0.8,0.0,0.23076923076923078,0.0,2
Kruskal,0.03846280009143242,0.6501456970433573,0.012882149753766121,13,0.9286864571183586,21.82574987411499,0.625,0.7,0.4,0.0,0.0,3
GPrim,0.01698622720651749,0.642435171897469,0.11760488283163517,20,1.4347824444016852,25.661879301071167,1.0,1.0,0.8,0.46153846153846156,0.0,4
