models,igd,delta,spacing,onvg,hypervolume,c_A,c_B,c_C,c_D,c_E,score
A,0.047204822357139874,0.8469589450822361,0.06294194503719643,5,0.19164318332526598,0.0,0.0,0.0,0.0,0.0,0
B,0.045399989257166845,0.7147534406612178,0.051903518331030456,10,0.36161470384661987,1.0,0.0,0.08333333333333333,0.0,0.0,1
C,0.035841466826219644,0.6838791009053616,0.014617173196966622,12,0.2984259031379384,1.0,0.5,0.0,0.18181818181818182,0.05,3
D,0.03721056863505874,0.722572100072103,0.04630563864011159,11,0.33073778582410884,1.0,0.7,0.16666666666666666,0.0,0.05,2
E,0.016984423908772188,0.6438595830834717,0.11765360904145936,20,0.8066840782959503,1.0,1.0,0.3333333333333333,0.5454545454545454,0.0,4
