models,igd,delta,spacing,onvg,hypervolume,time,c_A,c_B,c_C,c_D,c_E,score
A,0.05665675776686071,0.8744683976097798,0.026307248822640582,5,0.12356729140927324,13.160172700881958,0.0,0.0,0.0,0.0,0.0,0
B,0.036053902157200106,0.803951133421648,0.09511895141210384,10,0.3569438941340346,25.84214472770691,1.0,0.0,0.1,0.0,0.0,1
C,0.038651205391319055,0.7462189379378142,0.03362170559926232,10,0.2714355686663072,17.7477285861969,1.0,0.8,0.0,0.16666666666666666,0.0,2
D,0.039382690411986374,0.6816319686530338,0.00028593634428993145,12,0.28068818531885414,20.55503487586975,1.0,0.7,0.5,0.0,0.0,3
E,0.01698622720651749,0.642435171897469,0.11760488283163517,20,0.8065804823113987,25.661879301071167,1.0,1.0,0.8,0.3333333333333333,0.0,4
