models,delta,spacing,onvg,hypervolume,time,c_Prufer,c_NetKeys,c_Prim,c_Kruskal,c_GPrim,score
Prufer,0.9620885616802528,0.010118464915709436,8,0.5789789396293906,235.7017297744751,0.0,0.3076923076923077,0.0,0.0,0.0,0
NetKeys,0.9676912436335965,0.007625288485037859,13,0.6524509082207917,1154.160643339157,0.375,0.0,0.0,0.07142857142857142,0.0,1
Prim,0.9601821052995451,0.009372006275830035,14,0.594001155962682,198.51205706596375,0.875,0.3076923076923077,0.0,0.21428571428571427,0.0,3
Kruskal,0.974944148629311,0.011417687248894809,14,0.697609564253631,336.43899273872375,0.875,0.9230769230769231,0.14285714285714285,0.0,0.0,2
GPrim,0.7535780449791359,0.0023354403644891266,100,0.7863368996220358,252.42803955078125,1.0,1.0,1.0,1.0,0.0,4
