models,delta,spacing,nds,hypervolume,c_guided prim,c_guided prim2,c_kruskal,c_netkeys,c_prim,c_prufer,score
guided prim,5.90575556915139e-06,0.002273576048434346,8,4.999114671746636,0.0,0.6,1.0,1.0,1.0,1.0,5
guided prim2,2.5737787436370182e-06,0.0014874330378399521,10,5.637978839718222,0.125,0.0,1.0,1.0,1.0,1.0,4
kruskal,inf,inf,1,,0.0,0.0,0.0,0.0,0.0,0.0,0
netkeys,0.3749998045425299,0.0005698711625748645,5,2.724492518660094,0.0,0.0,1.0,0.0,0.0,1.0,2
prim,0.5000000804210409,0.5777246036644927,3,1.5875586605194218,0.0,0.0,1.0,1.0,0.0,1.0,3
prufer,inf,inf,1,,0.0,0.0,0.0,0.0,0.0,0.0,0
