models,delta,spacing,onvg,hypervolume,time,c_A,c_B,c_C,c_D,c_E,score
A,0.9643901220760133,0.012764959727932913,3,0.03629558705915949,37.85952043533325,0.0,0.0,0.0,0.0,0.0,0
B,1.0,inf,1,0.0,55.45258688926697,1.0,0.0,1.0,1.0,0.0,3
C,0.8109818479463675,0.0,2,0.13167733554445682,41.57572269439697,1.0,0.0,0.0,0.0,0.0,1
D,1.0,inf,1,0.0,48.66963005065918,1.0,0.0,0.0,0.0,0.0,1
E,0.8605579216232521,0.20591017877524348,4,0.37408776284256645,76.42547392845154,1.0,1.0,1.0,1.0,0.0,4
