models,delta,spacing,onvg,hypervolume,time,c_A,c_B,c_C,c_D,c_E,score
A,0.8556467849028445,0.05183765164934907,4,0.14480891522711759,24.25810432434082,0.0,0.0,0.0,0.0,0.0,0
B,1.0,inf,1,0.0,55.45258688926697,1.0,0.0,1.0,0.0,0.0,2
C,0.8109818479463675,0.0,2,0.13167733554445682,41.57572269439697,1.0,0.0,0.0,0.0,0.0,1
D,0.8371272901943015,0.0,2,0.12300592033308723,53.934319734573364,0.75,0.0,0.5,0.0,0.0,2
E,0.8605579216232521,0.20591017877524348,4,0.37408776284256645,76.42547392845154,1.0,1.0,1.0,1.0,0.0,4
