models,delta,spacing,onvg,hypervolume,time,c_Prufer,c_NetKeys,c_Prim,c_Kruskal,c_GPrim,score
Prufer,0.990538291451066,0.0028902675249905924,4,0.48581131147093154,587.0653808116913,0.0,0.0,0.0,0.0,0.0,0
NetKeys,1.0,inf,1,0.5761276679265385,1500.185101032257,1.0,0.0,0.6666666666666666,0.0,0.0,2
Prim,0.9875338695355843,0.0014276140519470324,3,0.5720912509231828,289.6214418411255,1.0,0.0,0.0,0.0,0.0,1
Kruskal,0.9910305733799604,0.0002581085399726592,4,0.6854196237900305,478.8129060268402,1.0,0.0,1.0,0.0,0.0,2
GPrim,0.9407201996284679,0.00904946043677951,21,0.7684516924557785,712.0402865409851,1.0,1.0,1.0,1.0,0.0,4
