models,delta,spacing,onvg,hypervolume,time,c_A,c_B,c_C,c_D,c_E,score
A,0.9230769012129807,0.0,2,0.04981034897824703,22.448611736297607,0.0,0.0,0.0,0.0,0.0,0
B,0.9487179585670358,0.5772926885856245,3,0.022575902311020482,51.09501671791077,1.0,0.0,0.0,0.0,0.0,1
C,0.9572648076857928,1.9996703409557581,4,0.09053579801958395,40.33229207992554,1.0,1.0,0.0,0.0,0.0,2
D,0.9487179638085054,0.00047774772056016947,3,0.030411384432648854,53.746480226516724,0.5,0.0,0.5,0.0,0.0,2
E,0.8205130024254059,0.0008597151223149986,8,0.15535098135009182,69.37308883666992,1.0,1.0,1.0,1.0,0.0,4
