models,delta,spacing,onvg,hypervolume,c_A,c_B,c_C,c_D,c_E,c_F,score
A,0.6707451394609826,0.41346321564593436,8,0.6564597912830443,0.0,0.0,0.0,0.0,0.0,0.0,0
B,0.43506156941125407,0.08821871873720337,12,1.0998066503154398,1.0,0.0,0.18181818181818182,0.0,0.05,0.0,1
C,0.4823340127277441,0.07981182455830357,11,0.16947396847294804,1.0,0.6666666666666666,0.0,0.25,0.2,0.0,2
D,0.4516810594812183,0.17330742247020797,12,3.995428123437124,1.0,1.0,0.36363636363636365,0.0,0.2,0.15789473684210525,3
E,0.28190947816441775,0.45753965279340225,20,26.25593773985014,1.0,0.8333333333333334,0.2727272727272727,0.25,0.0,0.15789473684210525,4
F,0.34114238210653225,0.46675973648303554,19,26.354516398649437,1.0,0.8333333333333334,0.36363636363636365,0.3333333333333333,0.25,0.0,5
