models,igd,delta,spacing,onvg,hypervolume,time,c_A,c_B,c_C,c_D,c_E,score
A,0.03719092581690202,0.76672499617499,0.026771417602811723,8,0.22913176288149417,11.583519458770752,0.0,0.0,0.0,0.0,0.0,0
B,0.03286772508298213,0.7272635676132435,0.02384690258614687,10,0.26394585605943854,21.051352500915527,1.0,0.0,0.21428571428571427,0.15384615384615385,0.0,1
C,0.02289241904630057,0.6265409468167923,0.01770048478974394,14,0.34541156936013484,16.381393671035767,1.0,0.7,0.0,0.3076923076923077,0.0,3
D,0.02644666187824641,0.6478355818591985,0.018292519851225233,13,0.32058993154008575,19.58319664001465,1.0,0.5,0.14285714285714285,0.0,0.0,2
E,0.012254919257141858,0.6423748384052596,0.11746779758629887,20,0.8062412285848821,23.895323038101196,1.0,1.0,0.5714285714285714,0.46153846153846156,0.0,4
