models,delta,spacing,onvg,hypervolume,c_A,c_B,c_C,c_D,c_E,c_F,score
A,0.6691729444004433,0.35360310164300934,8,0.017840938111283042,0.0,0.0,0.0,0.0,0.0,0.0,0
B,0.4736842518900557,9.132395849276527e-05,11,0.02287528141367244,1.0,0.0,0.25,0.0,0.05263157894736842,0.05,1
C,0.6315789720744235,9.034288387918313e-05,8,0.0160774229169715,1.0,0.45454545454545453,0.0,0.0,0.05263157894736842,0.1,2
D,0.47368429615224045,0.00041644428950347244,11,0.03216890259997301,1.0,1.0,0.875,0.0,0.2631578947368421,0.2,3
E,0.05263291866804499,0.0001614634390692675,19,0.04353769685775488,1.0,0.8181818181818182,0.875,0.45454545454545453,0.0,0.2,4
F,6.539742406197561e-06,0.0004553136768995508,20,0.0628393641575698,1.0,0.8181818181818182,0.75,0.45454545454545453,0.2631578947368421,0.0,5
