models,igd,delta,spacing,onvg,hypervolume,c_A,c_B,c_C,c_D,c_E,c_F,score
A,0.6062177895923353,0.6691729444020997,0.35360297226703796,8,0.017838742528168826,0.0,0.0,0.0,0.0,0.0,0.0,0
B,0.4183300190636504,0.5157895074042549,7.958037758245015e-05,11,0.024418082606177213,1.0,0.0,0.07692307692307693,0.0,0.0,0.0,1
C,0.33166248820444755,0.3684210956163265,0.0001669540242914211,13,0.028067652617087428,1.0,0.7272727272727273,0.0,0.4,0.0,0.0,3
D,0.8455767315740692,0.5263158533039451,0.00030846262984591345,10,0.030312743152954222,1.0,0.8181818181818182,0.23076923076923078,0.0,0.1,0.0,2
E,0.00012423471822432211,6.40756784317827e-06,0.000457771863505782,20,0.06289191433084151,1.0,1.0,0.3076923076923077,0.8,0.0,0.0,4
F,0.00012396196984573125,6.54172521244171e-06,0.00045821021704918734,20,0.062896297487853,1.0,1.0,0.46153846153846156,0.9,0.4,0.0,5
