models,igd,delta,spacing,onvg,hypervolume,c_A,c_B,c_C,c_D,c_E,score
A,0.6062177895944788,0.6691729444004433,0.35360310164300934,8,0.017840938111283042,0.0,0.0,0.0,0.0,0.0,0
B,0.512347543340974,0.4736842518083761,7.913634041762033e-05,11,0.02244774282857582,0.875,0.0,0.42857142857142855,0.09090909090909091,0.0,1
C,0.6082762575872873,0.7192982572509551,0.3779406997819772,7,0.01750795540635522,1.0,0.45454545454545453,0.0,0.18181818181818182,0.0,2
D,0.7158910602570807,0.47368428203820967,0.0002997220994785429,11,0.031684118926491076,1.0,0.6363636363636364,0.42857142857142855,0.0,0.0,3
E,0.0001247616632484218,6.152551116853722e-06,0.00045706310477064535,20,0.06290385517020475,1.0,1.0,0.7142857142857143,1.0,0.0,4
