models,igd,delta,spacing,onvg,hypervolume,time,c_A,c_B,c_C,c_D,c_E,score
A,0.02879466796932851,0.720165386854773,0.030569469233828507,11,0.2912795897466012,16.776704788208008,0.0,0.5,0.14285714285714285,0.0,0.0,1
B,0.03286772508298213,0.7272635676132435,0.02384690258614687,10,0.26394585605943854,21.051352500915527,0.2727272727272727,0.0,0.21428571428571427,0.0,0.0,0
C,0.02289241904630057,0.6265409468167923,0.01770048478974394,14,0.34541156936013484,16.381393671035767,0.7272727272727273,0.7,0.0,0.4166666666666667,0.0,3
D,0.02676492011514065,0.6808404875244538,0.017953556291451216,12,0.3131518299827917,19.47098994255066,0.45454545454545453,0.7,0.35714285714285715,0.0,0.05,2
E,0.012254919257141858,0.6423748384052596,0.11746779758629887,20,0.8062412285848821,23.895323038101196,0.8181818181818182,1.0,0.5714285714285714,0.75,0.0,4
