models,igd,delta,spacing,onvg,hypervolume,time,c_Prufer,c_NetKeys,c_Prim,c_Kruskal,c_GPrim,score
Prufer,0.08595584291022094,0.7782816155548542,0.04607672651294769,9,0.6141631810544744,17.292683362960815,0.0,0.3333333333333333,0.0,0.125,0.0,0
NetKeys,0.09459496107218163,0.7855787591651584,0.0038706830486250334,9,0.620170077639029,20.588449001312256,0.5555555555555556,0.0,0.125,0.125,0.0,1
Prim,0.08905192298604314,0.758222454292318,0.04533832779301015,8,0.6266080144813566,16.074873208999634,1.0,0.7777777777777778,0.0,0.5,0.15,3
Kruskal,0.0965700326033975,0.8075744399493914,0.03158615503349669,8,0.5966399092861351,18.437852144241333,0.7777777777777778,0.7777777777777778,0.125,0.0,0.0,2
GPrim,0.0011243615035075399,0.9161572775760182,0.23660905618097086,20,2.4965370575517998,22.42027449607849,1.0,1.0,0.625,0.875,0.0,4
