models,delta,spacing,onvg,hypervolume,c_guided prim3,c_guided prim2,c_kruskal,c_netkeys,c_prim,c_prufer,score
guided prim3,0.9813304127150482,5.038483455675179,14,1725.9177156645696,0.0,0.4444444444444444,1.0,1.0,1.0,1.0,5
guided prim2,0.9235001795409518,0.9632222794562901,9,275.36246889161646,0.35714285714285715,0.0,1.0,1.0,1.0,1.0,4
kruskal,1.0,inf,1,,0.0,0.0,0.0,0.0,0.0,0.0,0
netkeys,1.0,inf,1,,0.0,0.0,0.0,0.0,0.0,0.0,0
prim,0.9702698037832881,0.10091574199990695,4,16.341324532538124,0.0,0.0,1.0,1.0,0.0,1.0,3
prufer,1.0,inf,1,,0.0,0.0,0.0,0.0,0.0,0.0,0
