models,delta,spacing,onvg,hypervolume,time,c_HMOEA,c_Prufer,c_NetKeys,c_Prim,c_Kruskal,c_GPrim,score
HMOEA,0.8233278519017959,0.04905733014146106,8,0.7583427857078446,105.67296552658081,0.0,0.4,0.0,0.0,0.0,0.0,0
Prufer,0.9003123692949844,0.009586840603294655,5,0.655399244852282,37.647892475128174,0.625,0.0,0.0,0.0,0.0,0.0,1
NetKeys,0.9619698520377508,0.04134301515137037,5,0.7560394761261634,52.07304787635803,0.75,1.0,0.0,0.6666666666666666,0.42857142857142855,0.0,4
Prim,0.9195052523631772,0.014963760514791731,6,0.7150547838989115,41.40333604812622,0.625,1.0,0.0,0.0,0.0,0.0,2
Kruskal,0.9198954351066475,0.05469783320114118,7,0.8140917100993417,46.98857927322388,1.0,1.0,0.2,0.3333333333333333,0.0,0.0,3
GPrim,0.9154851713111242,0.06806828177223692,9,0.8907000384455216,73.67359113693237,1.0,1.0,1.0,1.0,1.0,0.0,5
