models,delta,spacing,onvg,hypervolume,time,c_Prufer,c_NetKeys,c_Prim,c_Kruskal,c_GPrim,score
Prufer,0.9382810190985195,0.03246897455844496,3,0.6432578332613228,42.077468395233154,0.0,0.0,0.0,0.0,0.0,0
NetKeys,0.9615580536525176,0.005555008541957462,3,0.7053733171907586,55.31308031082153,1.0,0.0,1.0,0.16666666666666666,0.0,2
Prim,0.9399654696071229,0.04325111172564128,5,0.6929422060451795,43.23089790344238,1.0,0.0,0.0,0.0,0.0,1
Kruskal,0.8985183776598016,0.034400639118759346,6,0.7567677079662247,45.352640867233276,1.0,0.3333333333333333,0.6,0.0,0.0,3
GPrim,0.9526780181976576,0.15362796941499726,10,0.8405667326641691,75.87798190116882,1.0,1.0,1.0,1.0,0.0,4
