models,delta,spacing,onvg,hypervolume,time,c_Prufer,c_NetKeys,c_Prim,c_Kruskal,c_GPrim,score
Prufer,0.9850331808793884,0.03911921752730286,5,1.0005937857162128,37.647892475128174,0.0,0.0,0.0,0.0,0.0,0
NetKeys,1.0370269138351806,0.1935816952133956,5,0.49159758347857563,52.07304787635803,1.0,0.0,0.6666666666666666,0.42857142857142855,0.0,3
Prim,0.8991490398747582,0.06895011148811143,6,0.48444699273881886,41.40333604812622,1.0,0.0,0.0,0.0,0.0,1
Kruskal,0.9211434036906668,0.25611337820448,7,1.7242630179090452,46.98857927322388,1.0,0.2,0.3333333333333333,0.0,0.0,2
GPrim,0.9509841950592545,0.3187182484753035,9,3.052810401047941,73.67359113693237,1.0,1.0,1.0,1.0,0.0,4
