models,igd,delta,spacing,onvg,hypervolume,c_A,c_B,c_C,c_D,c_E,score
A,0.701783507107918,0.7578947648817892,0.00030516647602744007,6,0.03734702082661277,0.0,0.0,0.0,0.0,0.0,0
B,0.769740247650035,0.7894737138295934,0.8942541322112546,5,0.03199887904866863,1.0,0.0,0.8333333333333334,0.16666666666666666,0.0,2
C,1.0185774620939736,0.7368421773706736,0.00040183098141909236,6,0.029734586367596384,1.0,0.2,0.0,0.0,0.0,1
D,0.888819473450793,0.7684211078098738,0.00016346919589387864,6,0.025962765665078325,1.0,0.6,1.0,0.0,0.0,3
E,0.3708099468451202,0.26316221254155087,0.0010351478630321877,15,0.1079650537380107,1.0,1.0,1.0,1.0,0.0,4
