models,delta,spacing,onvg,hypervolume,c_A,c_B,c_C,c_D,c_E,c_F,score
A,0.7936937936744985,0.09751471782458257,6,7.716938375696742,0.0,0.0,0.0,0.0,0.0,0.0,0
B,0.7684117158342413,0.376869125937403,6,1.142286791308031,1.0,0.0,0.36363636363636365,0.375,0.0,0.0,3
C,0.5039849001003942,0.08287669575041101,11,1.0359774348216142,1.0,0.3333333333333333,0.0,0.375,0.0,0.0,2
D,0.6932916957700961,0.39998825652961945,8,3.7363930355488506,1.0,0.3333333333333333,0.36363636363636365,0.0,0.0,0.0,1
E,0.5623354113323786,0.9818176446163631,17,48.90670113100432,1.0,1.0,1.0,1.0,0.0,0.29411764705882354,4
F,0.5621978866486989,0.9804342021974701,17,49.10314359793688,1.0,1.0,1.0,1.0,0.4117647058823529,0.0,5
