models,delta,spacing,onvg,hypervolume,c_A,c_B,c_C,c_D,c_E,score
A,0.9660679982716437,0.011679891683085522,7,0.06582410653684481,0.0,0.0,0.0,0.0,0.0,0
B,0.9521015298710473,0.01336770669470627,9,0.08958432796255617,1.0,0.0,0.6666666666666666,0.4444444444444444,0.0,3
C,0.941551808948774,0.020652174118027205,9,0.11890301034551612,1.0,0.0,0.0,0.2777777777777778,0.0,2
D,0.8846468772543044,0.01473313182212471,18,0.22656762887726048,1.0,0.1111111111111111,0.1111111111111111,0.0,0.0,1
E,0.9271720991776632,0.061362569140476726,75,0.8386839756149083,1.0,1.0,1.0,1.0,0.0,4
