models,delta,spacing,onvg,hypervolume,c_A,c_B,c_C,c_D,c_E,score
A,0.9595959606366574,1.1338688453102277,7,0.1310031368296285,0.0,0.0,0.0,0.0,0.0,0
B,0.9343434363663815,0.44096239494064765,9,0.1782907295110793,1.0,0.0,0.6666666666666666,0.4444444444444444,0.0,3
C,0.9267676736685777,1.3333341022429521,9,0.23664077118964622,1.0,0.0,0.0,0.2777777777777778,0.0,2
D,0.8377896802222795,0.6690409795483955,18,0.4509148949915238,1.0,0.1111111111111111,0.1111111111111111,0.0,0.0,1
E,0.5559441102320111,0.431857018994854,53,0.6537222787726987,1.0,1.0,1.0,0.6666666666666666,0.0,4
