models,delta,spacing,onvg,hypervolume,time,c_A,c_B,c_C,c_D,c_E,score
A,0.9730820632981609,2.024105328297156,4.5,0.5761204400780372,169.66829402446746,0.0,0.0,0.0,0.0,0.0,0.0
B,0.9807705187086846,1.618300940096938,9.1,1.4142513537820256,1397.2322030305863,1.0,0.0,0.23476190476190473,0.35003968253968254,0.0,1.9
C,0.9797319956993897,inf,4.7,0.4632881200841596,286.73711800575256,1.0,0.2695238095238095,0.0,0.22103174603174605,0.0,1.9
D,0.9628926021850399,2.2954174233463944,7.7,1.0977683371201175,608.4442742586136,1.0,0.3873473748473749,0.21261904761904757,0.0,0.0,2.0
E,0.8985530224640488,0.41067519568192556,25.1,1.621136757552474,474.5348621845245,1.0,1.0,1.0,1.0,0.0,4.0
