models,delta,spacing,onvg,hypervolume,time,c_A,c_B,c_C,c_D,c_E,score
A,0.9679074176917954,0.009654900179462338,4.5,0.036139445515871636,169.66829402446746,0.0,0.0,0.0,0.0,0.0,0.0
B,0.9813343299101854,0.01077872029146287,9.1,0.0887145398605024,1397.2322030305863,1.0,0.0,0.23476190476190473,0.35003968253968254,0.0,1.9
C,0.9844154958984921,inf,4.7,0.029061589572597347,286.73711800575256,1.0,0.2695238095238095,0.0,0.22103174603174605,0.0,1.9
D,0.966956866688849,0.014245006232781705,7.7,0.06886188416267211,608.4442742586136,1.0,0.3873473748473749,0.21261904761904757,0.0,0.0,2.0
E,0.9431102912827587,0.002284853376182189,25.1,0.10169224948069652,474.5348621845245,1.0,1.0,1.0,1.0,0.0,4.0
