models,delta,spacing,onvg,hypervolume,time,c_A,c_B,c_C,c_D,c_E,score
A,0.9569023465842624,inf,2.6,0.14301514754097114,52.05679113864899,0.0,0.0,0.0,0.0,0.0,0.0
B,0.9595959632293413,inf,1.8,0.14992164050316098,155.91725859642028,1.0,0.0,0.18333333333333332,0.03333333333333333,0.0,1.4
C,0.9724578972246738,inf,2.8,0.1674883949784973,102.90253994464874,1.0,0.6666666666666667,0.0,0.1,0.0,1.9
D,0.9818181772151873,inf,1.8,0.17584239560193576,154.21240177154542,1.0,0.7166666666666667,0.7,0.0,0.0,2.6
E,0.9464656133816819,0.007236161915504059,6.3,1.6888681499458618,222.1842731952667,1.0,1.0,1.0,1.0,0.0,4.0
