models,delta,spacing,onvg,hypervolume,c_A,c_B,c_C,c_D,c_E,score
A,0.9449008050157195,inf,2.6,0.03602035552631529,0.0,0.0,0.0,0.0,0.0,0.0
B,0.9663438784277562,inf,1.8,0.037759851909849075,1.0,0.0,0.18333333333333332,0.03333333333333333,0.0,1.4
C,0.9713938901201666,inf,2.8,0.042184283534924524,1.0,0.6666666666666667,0.0,0.1,0.0,1.9
D,0.9720000027413163,inf,1.8,0.04428835487070458,1.0,0.7166666666666667,0.7,0.0,0.0,2.6
E,0.923656735787221,0.1822528098065749,6.3,0.4253649508048971,1.0,1.0,1.0,1.0,0.0,4.0
