models,igd,delta,spacing,onvg,hypervolume,c_A,c_B,c_C,c_D,c_E,score
A,0.055199712003336676,0.8457095075221428,0.02008790322052342,6,0.13819820461858595,0.0,0.0,0.0,0.0,0.0,0
B,0.034669264047373825,0.6611106883331369,0.04545688196454105,12,0.3907169375278247,1.0,0.0,0.09090909090909091,0.2857142857142857,0.0,1
C,0.03923803086593269,0.7162622177095926,0.015130478704648821,11,0.2769586632334726,1.0,0.75,0.0,0.5,0.1,3
D,0.022681582841859657,0.5987906674052973,0.038449254808658344,14,0.45979900711670885,1.0,0.4166666666666667,0.0,0.0,0.0,2
E,0.016954248478566292,0.6444521465834472,0.11749851395216952,20,0.8060008877057542,1.0,0.9166666666666666,0.36363636363636365,0.5714285714285714,0.0,4
