models,igd,delta,spacing,onvg,hypervolume,c_A,c_B,c_C,c_D,c_E,score
A,0.7599342197142162,0.6842105412899979,0.0001474041317000539,7,0.013717617141315325,0.0,0.0,0.0,0.0,0.0,0
B,0.595818771487972,0.5157895184937864,0.00016528688911255003,11,0.02880789687488086,1.0,0.0,0.1111111111111111,0.1,0.0,1
C,0.7382411599862418,0.5789473982478947,0.00014189433078352312,9,0.020367208380969955,1.0,0.7272727272727273,0.0,0.5,0.0,3
D,0.3968627073693295,0.6140351118718611,0.6749305882216607,10,0.028853126495373214,1.0,0.8181818181818182,0.3333333333333333,0.0,0.0,2
E,0.11180343686583183,0.10526441865165267,0.00010639350085108239,18,0.03748842222167034,1.0,0.9090909090909091,1.0,1.0,0.0,4
