models,delta,spacing,onvg,hypervolume,time,c_Prufer,c_NetKeys,c_Prim,c_Kruskal,c_GPrim,score
Prufer,0.954257573663342,0.04794940442755501,3,0.2398174340591529,38.92678952217102,0.0,0.0,0.0,0.0,0.0,0
NetKeys,0.9367359970503554,0.37579625047215837,6,2.0456670345683325,50.34127449989319,1.0,0.0,0.0,0.0,0.0,1
Prim,0.9798544139204621,0.0,2,0.4487457219390766,42.50785708427429,1.0,0.5,0.0,0.0,0.0,2
Kruskal,0.7631007673921283,0.0,2,0.3801204547884893,46.35313057899475,1.0,0.6666666666666666,0.0,0.0,0.0,2
GPrim,1.0939457535158623,0.6586487441919198,10,5.2106322412174135,77.07490110397339,1.0,1.0,1.0,1.0,0.0,4
