models,igd,delta,spacing,onvg,hypervolume,c_A,c_B,c_C,c_D,c_E,score
A,0.04975385690355479,0.8719132846141517,0.07030298242606184,5,0.1740929787814131,0.0,0.0,0.0,0.0,0.0,0
B,0.04787431750402389,0.7641358800083278,0.0513195613784461,9,0.2835230479816149,0.8,0.0,0.4444444444444444,0.09090909090909091,0.1,2
C,0.0457887723698274,0.7582030431308863,0.02469707745044234,9,0.24530524196065914,0.8,0.3333333333333333,0.0,0.18181818181818182,0.05,1
D,0.038634715694199115,0.7185662810334822,0.03284312695245674,11,0.3111464737168685,1.0,0.6666666666666666,0.6666666666666666,0.0,0.15,3
E,0.016961900693110266,0.6421878839940703,0.11764769760173804,20,0.8068002757281292,1.0,0.6666666666666666,0.5555555555555556,0.5454545454545454,0.0,4
