models,igd,delta,spacing,onvg,hypervolume,c_A,c_B,c_C,c_D,c_E,score
A,0.7632168871000146,0.8421052636649333,0.894468519732426,5,0.013564282313686261,0.0,0.0,0.0,0.0,0.0,0
B,0.6062177892582011,0.6315789691862553,0.00017292682149584762,9,0.025399926162015085,1.0,0.0,0.4,0.36363636363636365,0.058823529411764705,2
C,0.6204836923545853,0.5263158266837957,8.059943759426226e-05,10,0.020377889972474125,1.0,0.3333333333333333,0.0,0.45454545454545453,0.0,2
D,0.6020797368760082,0.4736842580956781,9.219899240222538e-05,11,0.024819687658257573,1.0,0.4444444444444444,0.4,0.0,0.058823529411764705,2
E,0.18708290458604587,0.15789581444587114,6.264429418751538e-05,17,0.032817520525031604,1.0,0.7777777777777778,1.0,0.8181818181818182,0.0,4
