models,igd,delta,spacing,onvg,hypervolume,c_A,c_B,c_C,c_D,c_E,c_F,score
A,0.8396427928762747,0.8070175495813343,0.5772929498106271,4,0.01065242537611309,0.0,0.0,0.0,0.0,0.0,0.0,0
B,0.7382411616336064,0.5789474010405943,8.164442982723166e-05,9,0.018886971577772527,1.0,0.0,0.2727272727272727,0.3,0.0,0.0,1
C,0.6020797372808389,0.47368426358496674,9.923791403788374e-05,11,0.024023663752091955,1.0,0.4444444444444444,0.0,0.3,0.1,0.05,2
D,0.6041523069821161,0.5672514977972937,0.31620616797736173,10,0.024042314694818816,1.0,0.6666666666666666,0.45454545454545453,0.0,0.15,0.1,3
E,6.595452979136461e-05,6.297773532949975e-06,0.00045787924410141786,20,0.06295190396945277,1.0,0.8888888888888888,0.6363636363636364,0.5,0.0,0.05,4
F,6.56765260434163e-05,6.54623150466756e-06,0.0004589529318801997,20,0.06293365946894597,1.0,0.8888888888888888,0.7272727272727273,0.6,0.3,0.0,5
