models,igd,delta,spacing,onvg,hypervolume,time,c_Prufer,c_NetKeys,c_Prim,c_Kruskal,c_GPrim,score
Prufer,0.09185075121809493,0.8073662777821109,0.05077138014553359,7,0.5812724477910747,17.30365300178528,0.0,0.1111111111111111,0.0,0.0,0.0,0
NetKeys,0.08402316065823474,0.7444687768902547,0.04737426800659482,9,0.6437679606270548,22.425549268722534,0.7142857142857143,0.0,0.0,0.25,0.0,1
Prim,0.09300798629615384,0.773717082915684,0.03371037093938564,9,0.5977068808665208,16.042523860931396,1.0,0.5555555555555556,0.0,0.6666666666666666,0.0,3
Kruskal,0.08399837631132591,0.7068412316661872,0.028843747079077876,12,0.6119578606846615,18.374284267425537,1.0,0.5555555555555556,0.1111111111111111,0.0,0.05,2
GPrim,0.000705082433183573,0.9121952565473869,0.23782339896999424,20,2.485309469711859,22.567625284194946,1.0,0.8888888888888888,0.4444444444444444,0.75,0.0,4
