models,igd,delta,spacing,onvg,hypervolume,c_A,c_B,c_C,c_D,c_E,score
A,0.8396427928793351,0.8070175496860128,0.5772971591869092,4,0.010645134110685807,0.0,0.0,0.0,0.0,0.0,0
B,0.738241161918579,0.5789474010086209,8.195829251446121e-05,9,0.0186261064366327,1.0,0.0,0.2727272727272727,0.18181818181818182,0.0,1
C,0.5123475494192197,0.47368424910587786,0.00012179743650568591,11,0.023676724327192915,1.0,0.5555555555555556,0.0,0.2727272727272727,0.0,2
D,0.3201562242262789,0.6000000187922633,0.904500511966429,11,0.032334986694982144,1.0,0.6666666666666666,0.45454545454545453,0.0,0.05263157894736842,3
E,0.05000003556089829,0.052632930154064846,0.00020071751271064935,19,0.04563108191433554,1.0,1.0,1.0,0.9090909090909091,0.0,4
