models,igd,delta,spacing,onvg,hypervolume,time,c_A,c_B,c_C,c_D,c_E,score
A,0.05687238288824983,0.8569567653598685,0.0427261531425305,5,0.14557664326679098,11.60002851486206,0.0,0.0,0.0,0.0,0.0,0
B,0.043243656086183885,0.7717572373786069,0.03352355660663827,9,0.2434817541587952,23.071397304534912,1.0,0.0,0.2,0.0,0.0,1
C,0.03377270953807559,0.6009496886048078,0.021707454345848004,15,0.3971938462672767,16.28664255142212,0.8,0.5555555555555556,0.0,0.125,0.0,2
D,0.047541639786801905,0.7955709554631382,0.037630699363287605,8,0.2243368180486199,19.32397985458374,1.0,1.0,0.4,0.0,0.05,3
E,0.01684834607534027,0.6423004696194052,0.11749778113773444,20,0.8067032843018132,23.571126461029053,1.0,1.0,0.5333333333333333,0.625,0.0,4
