models,igd,delta,spacing,onvg,hypervolume,c_A,c_B,c_C,c_D,c_E,score
A,0.055130202440295005,0.8505179680106852,0.022898168884164054,4,0.13655555040653636,0.0,0.0,0.0,0.0,0.0,0
B,0.04657658836250224,0.7575461182453941,0.020932322281608254,9,0.24211582886079025,1.0,0.0,0.2727272727272727,0.3,0.0,1
C,0.039337122303898533,0.6998929733297159,0.025443009444642985,11,0.3079641030675309,1.0,0.4444444444444444,0.0,0.3,0.05,2
D,0.03941617451158808,0.7215684516198512,0.02572293623298543,10,0.30820319319581085,1.0,0.6666666666666666,0.45454545454545453,0.0,0.1,3
E,0.016812402403944923,0.6421449415855646,0.11766817041334121,20,0.8067590435461232,1.0,0.8888888888888888,0.7272727272727273,0.6,0.0,4
