models,igd,delta,spacing,onvg,hypervolume,time,c_A,c_B,c_C,c_D,c_E,score
A,0.035521819381952514,0.7471137828665055,0.04290764466168797,10,0.3161172796576205,16.74330496788025,0.0,0.1111111111111111,0.13333333333333333,0.0,0.0,0
B,0.043243656086183885,0.7717572373786069,0.03352355660663827,9,0.2434817541587952,23.071397304534912,0.8,0.0,0.2,0.08333333333333333,0.0,1
C,0.03377270953807559,0.6009496886048078,0.021707454345848004,15,0.3971938462672767,16.28664255142212,0.6,0.5555555555555556,0.0,0.16666666666666666,0.0,2
D,0.03751899345997868,0.6901226606304491,0.0009262599271604074,12,0.2953341511433218,19.294865131378174,1.0,0.7777777777777778,0.3333333333333333,0.0,0.05,3
E,0.01684834607534027,0.6423004696194052,0.11749778113773444,20,0.8067032843018132,23.571126461029053,1.0,1.0,0.5333333333333333,0.4166666666666667,0.0,4
