models,delta,spacing,onvg,hypervolume,time,c_Prufer,c_NetKeys,c_Prim,c_Kruskal,c_GPrim,score
Prufer,0.7784280011096145,0.0,2,0.42371471558368434,76.67350268363953,0.0,0.0,0.0,0.0,0.0,0
NetKeys,0.9258307511194264,0.008682071970527576,9,0.5908743118882386,73.50410270690918,1.0,0.0,0.0,0.0,0.0,1
Prim,1.0,inf,1,0.5338149112954629,109.7634346485138,1.0,0.2222222222222222,0.0,0.0,0.0,2
Kruskal,1.0,inf,1,0.2998052783894464,111.0168387889862,0.5,0.0,0.0,0.0,0.0,1
GPrim,0.9333893090743869,0.07478851364863694,4,0.8103646615465661,182.68876838684082,1.0,1.0,1.0,1.0,0.0,4
