models,delta,spacing,onvg,hypervolume,time,c_Prufer,c_NetKeys,c_Prim,c_Kruskal,c_GPrim,score
Prufer,0.9145517074120629,0.022532483730733566,10.9,0.690489340198088,57.945245361328126,0.0,0.051515151515151514,0.026666666666666665,0.004347826086956522,0.0,0.0
NetKeys,0.9150607756981033,0.021373712795679276,11.1,0.7447947653642703,110.15825769901275,0.8043714618714619,0.0,0.20409090909090905,0.15547196796338675,0.0,1.1
Prim,0.9285648806684392,0.012998678999170548,10.3,0.7063411522385181,69.04683449268342,0.9367016317016319,0.46794372294372294,0.0,0.20661168319349094,0.0,2.4
Kruskal,0.8895805219544176,0.03991212661637704,17.7,0.814318459296514,80.93557562828065,0.8830944055944057,0.5157738095238095,0.26755050505050504,0.0,0.0,2.5
GPrim,1.132155291534571,0.12968181728687872,69.6,3.0561709103144787,97.30936074256897,1.0,1.0,1.0,1.0,0.0,4.0
