models,delta,spacing,onvg,hypervolume,c_A,c_B,c_C,c_D,c_E,score
A,0.9350649282466906,0.35342207077490156,8,0.14763660200804027,0.0,0.0,0.0,0.0,0.0,0
B,0.9081726284401767,0.5772806583640236,12,0.2388949307730984,1.0,0.0,0.38461538461538464,0.5625,0.0,3
C,0.8855218910126391,0.506413403617107,13,0.3062246911125278,1.0,0.3333333333333333,0.0,0.3125,0.0,2
D,0.8558922655299488,0.8061984738477337,16,0.3053917755037934,1.0,0.25,0.3076923076923077,0.0,0.0,1
E,0.8138528269856634,0.501119211823012,22,0.4021018962142828,1.0,1.0,1.0,0.6875,0.0,4
