models,delta,spacing,onvg,hypervolume,c_A,c_B,c_C,c_D,c_E,score
A,0.939393938871095,0.8366824674684107,5,0.12006151228282103,0.0,0.0,0.0,0.0,0.0,0
B,0.9191919254636219,0.5000002838488263,9,0.15881763416851097,1.0,0.0,0.5555555555555556,0.3,0.0,2
C,0.9292929337093162,0.4409398162892714,9,0.149077247410346,1.0,0.2222222222222222,0.0,0.3,0.0,1
D,0.87028178144434,0.8013228461813964,20,0.42366471036590675,1.0,0.4444444444444444,0.5555555555555556,0.0,0.0,3
E,0.47748627184876336,0.18096804184171061,60,1.6130545979209772,1.0,1.0,1.0,1.0,0.0,4
