models,igd,delta,spacing,onvg,hypervolume,time,c_Prufer,c_NetKeys,c_Prim,c_Kruskal,c_GPrim,score
Prufer,0.09191405765348684,0.8062295273478584,0.048014422907086525,7,0.5807279403448423,16.878676414489746,0.0,0.0,0.0,0.0,0.0,0
NetKeys,0.09389395228053511,0.854876627611885,0.0018543702511100043,7,0.6199743291530456,22.26241970062256,0.8571428571428571,0.0,0.0,0.2857142857142857,0.0,2
Prim,0.09593464316769133,0.8139068996639115,0.03816368565029425,8,0.5974944378753743,17.13886022567749,1.0,0.5714285714285714,0.0,0.5714285714285714,0.05,3
Kruskal,0.0980571845844089,0.8331728975400366,0.0029127850291267823,7,0.5914671345197918,19.813047170639038,1.0,0.14285714285714285,0.125,0.0,0.0,1
GPrim,0.001025731361108655,0.9082517367149404,0.23666367470879132,20,2.475229624726004,24.418643951416016,1.0,0.8571428571428571,0.375,0.7142857142857143,0.0,4
