models,igd,delta,spacing,onvg,hypervolume,time,c_Prufer,c_NetKeys,c_Prim,c_Kruskal,c_GPrim,score
Prufer,0.05186113459000682,0.8158470062681974,0.01891671263705054,7,0.6530078038910124,16.878676414489746,0.0,0.0,0.0,0.0,0.0,0
NetKeys,0.055059896749425075,0.8316317308891081,0.0007305844169120603,7,0.6987709973160141,22.26241970062256,0.8571428571428571,0.0,0.0,0.2857142857142857,0.0,2
Prim,0.04957959939844227,0.7958569922248344,0.015035721162667437,8,0.6596134652009201,17.13886022567749,1.0,0.5714285714285714,0.0,0.5714285714285714,0.05,3
Kruskal,0.05350748570227136,0.8233339628656572,0.0011475784573339574,7,0.657238829442525,19.813047170639038,1.0,0.14285714285714285,0.125,0.0,0.0,1
GPrim,0.0004041174344311299,0.596579692622824,0.09324070675092623,20,0.8254907015697226,24.418643951416016,1.0,0.8571428571428571,0.375,0.7142857142857143,0.0,4
