models,igd,delta,spacing,onvg,hypervolume,time,c_A,c_B,c_C,c_D,c_E,score
A,0.06241415906268022,0.8529296802605151,0.027191506256775813,5,0.13562584847961073,12.99135684967041,0.0,0.0,0.0,0.0,0.0,0
B,0.020953812952931146,0.7346848573872132,0.12003416073032483,15,0.6036528331496711,22.54481840133667,1.0,0.0,0.0,0.125,0.0,1
C,0.05522774636866758,0.7338318964268382,0.0007663448497485062,10,0.22355794204860527,18.056787729263306,1.0,0.4666666666666667,0.0,0.25,0.0,2
D,0.05670176065672643,0.7973603143099304,0.00042076867622128363,8,0.18847004512160043,20.850494146347046,1.0,0.4666666666666667,0.3,0.0,0.0,3
E,0.011046027619202821,0.643244939547616,0.11756650482834026,20,0.8067351178903714,25.38612389564514,1.0,1.0,0.6,0.625,0.0,4
