models,igd,delta,spacing,onvg,hypervolume,time,c_A,c_B,c_C,c_D,c_E,score
A,0.049012980706215126,0.7520333801270076,0.03631939252388805,9,0.25749497680800554,18.811374187469482,0.0,0.13333333333333333,0.0,0.0,0.0,0
B,0.020953812952931146,0.7346848573872132,0.12003416073032483,15,0.6036528331496711,22.54481840133667,0.7777777777777778,0.0,0.0,0.0,0.0,1
C,0.05522774636866758,0.7338318964268382,0.0007663448497485062,10,0.22355794204860527,18.056787729263306,0.7777777777777778,0.4666666666666667,0.0,0.0,0.0,2
D,0.055156764446953145,0.7727391019183454,0.0006293170642817199,9,0.2127429745762508,20.618091106414795,1.0,0.6666666666666666,0.6,0.0,0.0,3
E,0.011046027619202821,0.643244939547616,0.11756650482834026,20,0.8067351178903714,25.38612389564514,1.0,1.0,0.6,0.5555555555555556,0.0,4
