models,delta,spacing,onvg,hypervolume,time,c_Prufer,c_NetKeys,c_Prim,c_Kruskal,c_GPrim,score
Prufer,0.9676331490175226,0.015594601067681721,5,0.4940131195471916,525.7574291229248,0.0,0.0,0.14285714285714285,0.0,0.0,0
NetKeys,0.9897516223460121,0.002191607352923455,4,0.6118875153499026,1405.8277854919434,0.8,0.0,0.8571428571428571,0.0,0.0,2
Prim,0.9708334554034065,0.015504920013692818,7,0.5543198030072687,283.0543978214264,0.2,0.0,0.0,0.0,0.0,1
Kruskal,1.0,inf,1,0.6375409167072011,461.97653698921204,0.2,0.0,0.5714285714285714,0.0,0.0,2
GPrim,0.940266241788289,0.0029844947806079722,24,0.7893704909658033,557.2986590862274,1.0,1.0,1.0,1.0,0.0,4
