models,delta,spacing,onvg,hypervolume,time,c_Prufer,c_NetKeys,c_Prim,c_Kruskal,c_GPrim,score
Prufer,0.9206315655075442,0.008102328341209107,9,0.6826424305875698,62.634398460388184,0.0,0.25,0.09090909090909091,0.0,0.0,0
NetKeys,0.9125975703592037,0.017731977110891018,12,0.7266930693472414,125.8624677658081,0.7777777777777778,0.0,0.09090909090909091,0.18181818181818182,0.0,1
Prim,0.9248103409649421,0.02726974727708678,11,0.6839777263955334,68.59510946273804,0.7777777777777778,0.5833333333333334,0.0,0.18181818181818182,0.0,2
Kruskal,0.8845090949335516,0.022785473604971847,11,0.7863718304519781,83.57387852668762,0.6666666666666666,0.75,0.2727272727272727,0.0,0.0,3
GPrim,1.1127735565154242,0.12189562342309075,70,3.0273465438177647,98.69155216217041,1.0,1.0,1.0,1.0,0.0,4
