models,delta,spacing,onvg,hypervolume,time,c_A,c_B,c_C,c_D,c_E,score
A,0.9586231518821962,0.005832204484793551,11.6,0.06748024272940119,248.01361932754517,0.0,0.37280028279254285,0.007142857142857143,0.05769230769230769,0.0,0.9
B,0.9411540192749962,0.012217038980145953,17.0,0.16507755187172823,1149.0536459684372,0.0685064935064935,0.0,0.0,0.0,0.0,0.2
C,0.9724333853365964,0.006910949621289415,9.9,0.06101952112369644,190.25107321739196,0.9311688311688311,0.4423532092262742,0.0,0.2950779286073404,0.0,2.8
D,0.9475535818087994,0.0070845810876798854,15.5,0.12723794945105119,358.96470804214476,0.7941308691308693,0.9512499999999999,0.11966089466089466,0.0,0.0,2.1
E,0.7503399835083805,0.002545577341270628,98.1,0.3908365647337136,256.98423018455503,1.0,1.0,1.0,0.9764705882352942,0.0,4.0
