models,delta,spacing,onvg,hypervolume,time,c_Prufer,c_NetKeys,c_Prim,c_Kruskal,c_GPrim,score
Prufer,0.9843997902443498,3.703090585226578e-05,4,0.4398101168604585,236.1931962966919,0.0,0.18181818181818182,0.0,0.0,0.0,1
NetKeys,0.8723098500534131,0.017997971654421952,22,0.6210429701156254,1179.4874937534332,0.0,0.0,0.0,0.0,0.0,0
Prim,0.986599504513261,0.009290552507060887,6,0.5628580256474494,189.07810068130493,1.0,0.45454545454545453,0.0,1.0,0.0,3
Kruskal,0.9795454164515193,0.013896809907441677,8,0.5183230116644212,344.8865156173706,1.0,0.22727272727272727,0.0,0.0,0.0,2
GPrim,0.8055482938047481,0.00014404938871895773,81,0.6949354864589707,280.54373049736023,1.0,1.0,1.0,1.0,0.0,4
