models,delta,spacing,onvg,hypervolume,time,c_Prufer,c_NetKeys,c_Prim,c_Kruskal,c_GPrim,score
Prufer,0.9826373889849093,0.007711238501463337,5.8,0.4335745612330456,242.74205882549285,0.0,0.1657488219368015,0.0,0.0,0.0,0.4
NetKeys,0.9191468005281941,0.010535651840690954,20.9,0.6114104821523926,1220.2923654794693,0.3168253968253968,0.0,0.0,0.0,0.0,0.6
Prim,0.9813269345507303,0.014558208661309479,7.0,0.5500377604354287,193.37791755199433,1.0,0.6253956933944146,0.0,0.17119047619047617,0.0,2.3
Kruskal,0.9881656397078631,0.007020416185678893,6.8,0.5475946081967076,349.0748656988144,1.0,0.6376291513260822,0.42591269841269846,0.0,0.0,2.6
GPrim,0.7887870406195467,0.0011597443338546547,86.0,0.698976867311927,300.8782832145691,1.0,1.0,1.0,1.0,0.0,4.0
