models,delta,spacing,onvg,hypervolume,time,c_HMOEA,c_Prufer,c_NetKeys,c_Prim,c_Kruskal,c_GPrim,score
HMOEA,1.1643161999297016,0.3890946788321716,7,1.4431151155502457,126.39980459213257,0.0,1.0,0.25,0.0,0.0,0.0,2
Prufer,0.9519774589257525,0.010142289978276334,4,0.5126039843432474,74.82115507125854,0.0,0.0,0.0,0.0,0.0,0.0,0
NetKeys,0.9918720751547576,0.05996055648376578,4,0.6652011393587066,73.71645092964172,0.0,1.0,0.0,1.0,0.0,0.0,2
Prim,1.0,inf,1,0.6350907834743584,110.06335544586182,0.0,1.0,0.0,0.0,0.0,0.0,1
Kruskal,1.0050010662914592,0.05308685436425067,5,0.7472159943924087,112.43037414550781,0.8571428571428571,1.0,0.5,1.0,0.0,0.0,4
GPrim,0.9674671067075653,0.04993236555991649,5,0.8652430022837965,183.42555904388428,1.0,1.0,1.0,1.0,1.0,0.0,5
