models,delta,spacing,onvg,hypervolume,time,c_Prufer,c_NetKeys,c_Prim,c_Kruskal,c_GPrim,score
Prufer,0.9651542678623889,0.19564968777549158,3,0.41751037552342257,76.1651291847229,0.0,0.0,0.0,0.0,0.0,0
NetKeys,0.9645714969869666,0.010284465819266606,3,0.6233576117532007,74.78720235824585,1.0,0.0,1.0,0.0,0.0,2
Prim,0.9111096068437854,0.09396171984929808,5,0.5411101939106242,110.22121334075928,1.0,0.0,0.0,0.0,0.0,1
Kruskal,0.9593387090770824,0.006663589209473131,3,0.6659302953476016,110.4385118484497,1.0,0.6666666666666666,0.8,0.0,0.0,3
GPrim,0.9880097350708306,0.05571350672170414,3,0.8052992259024963,177.1603262424469,1.0,1.0,1.0,1.0,0.0,4
