models,igd,delta,spacing,onvg,hypervolume,c_A,c_B,c_C,c_D,c_E,score
A,0.050978256638016715,0.8481918099358223,0.06041754785849125,6,0.17970724895779333,0.0,0.0,0.0,0.0,0.0,0
B,0.03165172166984129,0.709509987878651,0.028702895374576612,12,0.3413262764974935,1.0,0.0,0.26666666666666666,0.14285714285714285,0.0,1
C,0.03327972693253634,0.6004820475262822,0.012550392302188717,15,0.3674275898966143,1.0,0.5,0.0,0.0,0.0,2
D,0.036457222620825375,0.6303674318958425,0.0005768166343192051,14,0.32835011356168586,1.0,0.5833333333333334,0.4666666666666667,0.0,0.0,3
E,0.016948585990619276,0.6426215055327378,0.11775996151934484,20,0.8069384414620053,1.0,0.8333333333333334,0.4666666666666667,0.35714285714285715,0.0,4
