models,delta,spacing,onvg,hypervolume,time,c_A,c_B,c_C,c_D,c_E,score
A,0.924242434406276,1.0951105039934113,5,0.278305922848243,50.809576988220215,0.0,0.0,0.0,0.0,0.0,0
B,0.9797979746097305,0.00048435785704934576,7,0.30896470855044145,139.25218963623047,1.0,0.0,0.8333333333333334,0.16666666666666666,0.0,2
C,0.9656565715509745,2.000094047770179,6,0.26786582589176455,105.76061224937439,1.0,0.0,0.0,0.0,0.0,1
D,0.9757575737397675,3.5446900120313134,6,0.3891781611162365,153.65339636802673,1.0,0.42857142857142855,0.6666666666666666,0.0,0.0,3
E,0.7768975522993082,0.004180395063328176,24,2.257782375948833,177.20093512535095,1.0,1.0,1.0,1.0,0.0,4
