models,delta,spacing,onvg,hypervolume,time,c_A,c_B,c_C,c_D,c_E,score
A,0.9427617235796129,0.0025852030378882875,5,0.07009522039056104,50.809576988220215,0.0,0.0,0.0,0.0,0.0,0
B,0.9777287990581235,0.012199226804198281,7,0.07781706230721484,139.25218963623047,1.0,0.0,0.8333333333333334,0.16666666666666666,0.0,2
C,0.9740730729769312,0.023449094581389884,6,0.06746573665707184,105.76061224937439,1.0,0.0,0.0,0.0,0.0,1
D,0.9598675929178776,0.031475763260257,6,0.0980199368215067,153.65339636802673,1.0,0.42857142857142855,0.6666666666666666,0.0,0.0,3
E,1.082996546244062,0.10528906833340641,24,0.5686539173022032,177.20093512535095,1.0,1.0,1.0,1.0,0.0,4
