models,delta,spacing,onvg,hypervolume,time,c_Prufer,c_NetKeys,c_Prim,c_Kruskal,c_GPrim,score
Prufer,0.9326488748191744,0.008206105389702569,11,0.5108118526973844,624.1099066734314,0.0,0.0,0.0,0.0,0.0,0
NetKeys,0.9675840573742319,0.002958204640206021,11,0.6594402810014628,1516.1758162975311,1.0,0.0,0.16666666666666666,0.6666666666666666,0.0,3
Prim,0.9710795858019696,0.007079953825778538,6,0.5420701125969907,297.2753098011017,1.0,0.0,0.0,0.0,0.0,1
Kruskal,0.9939339272363591,0.11609757203650205,3,0.6752164445821855,461.4796974658966,1.0,0.0,0.16666666666666666,0.0,0.0,2
GPrim,0.9295445508344228,0.0021672875585641155,26,0.7745225344232837,474.6046621799469,1.0,1.0,1.0,1.0,0.0,4
