models,delta,spacing,onvg,hypervolume,time,c_A,c_B,c_C,c_D,c_E,score
A,0.9662961668501443,0.020291328443794908,9,0.07772054164576275,689.9552154541016,0.0,0.0,0.14285714285714285,0.0,0.0,0
B,0.9756541770168552,0.0018989176560698666,12,0.08652736734550792,1430.5366258621216,0.8888888888888888,0.0,0.0,0.0,0.0,1
C,0.9435188522016759,0.004278620686686457,7,0.0799166823908474,292.8056082725525,0.8888888888888888,0.16666666666666666,0.0,0.0,0.0,2
D,0.9677922714753604,0.010139029330552982,6,0.0647360844814646,467.08254957199097,1.0,1.0,0.7142857142857143,0.0,0.0,3
E,0.9294039080052827,0.0013336260400092289,30,0.0988572345300153,500.1475946903229,1.0,1.0,1.0,1.0,0.0,4
