models,delta,spacing,onvg,hypervolume,time,c_A,c_B,c_C,c_D,c_E,score
A,0.9959798390019681,5.599917520790908,6,1.1940418298948954,173.4587459564209,0.0,0.0,0.0,0.0,0.0,0
B,0.9684787625374474,0.4922825403633032,12,1.37938433316568,1430.5366258621216,1.0,0.0,0.0,0.16666666666666666,0.0,1
C,0.9128978368336953,1.1125228402727991,7,1.273999464335204,292.8056082725525,1.0,0.16666666666666666,0.0,0.16666666666666666,0.0,3
D,0.9949748682559121,12.01228751528473,6,1.8765558225059427,633.3011920452118,1.0,0.9166666666666666,0.14285714285714285,0.0,0.0,2
E,0.8776642245519699,0.2537074878792384,30,1.5759420945547538,500.1475946903229,1.0,1.0,1.0,1.0,0.0,4
