models,delta,spacing,onvg,hypervolume,time,c_A,c_B,c_C,c_D,c_E,score
A,0.9517324733719104,1.5688169201105002,6.1,0.36160111210449336,93.82087345123291,0.0,0.012955465587044534,0.0,0.0,0.0,0.0
B,0.9417913514275732,1.6340041566812509,15.6,1.1285771109430531,1135.301588153839,0.7928571428571429,0.0,0.03,0.013025210084033614,0.0,1.1
C,0.9606748407055917,1.2916311374186034,8.8,0.4190612190239218,165.85204973220826,1.0,0.39719030969030966,0.0,0.298880127010932,0.0,2.8
D,0.9277506812783732,1.8088601144397063,14.9,1.0019550988741808,367.8133128166199,0.944047619047619,0.9603138528138528,0.058383838383838385,0.0,0.0,2.1
E,0.5850062396600866,0.4967865599479883,98.6,3.0194329054239653,232.04456629753113,1.0,1.0,1.0,0.9078199174406605,0.0,4.0
