models,delta,spacing,onvg,hypervolume,c_A,c_B,c_C,c_D,c_E,score
A,0.9653333172118369,0.008047687127405712,6.1,0.04530888032584369,0.0,0.012955465587044534,0.0,0.0,0.0,0.0
B,0.9453496807513743,0.01026249902679539,15.6,0.14141152653155736,0.7928571428571429,0.0,0.03,0.013025210084033614,0.0,1.1
C,0.9752496087151361,0.006816253106500152,8.8,0.052508673193655,1.0,0.39719030969030966,0.0,0.298880127010932,0.0,2.8
D,0.9525738141578921,0.00936873580237355,14.9,0.12554569703214974,0.944047619047619,0.9603138528138528,0.058383838383838385,0.0,0.0,2.1
E,0.7634355006356219,0.0025868023090837213,98.6,0.378337122271447,1.0,1.0,1.0,0.9078199174406605,0.0,4.0
