models,igd,delta,spacing,onvg,hypervolume,time,c_Prufer,c_NetKeys,c_Prim,c_Kruskal,c_GPrim,score
Prufer,0.04449506709864901,0.7131862394849843,0.025652534474565173,10,0.6784465148607538,18.037609815597534,0.0,0.0,0.08333333333333333,0.0,0.0,0
NetKeys,0.04290928680423322,0.6809805275086189,0.022403661433445295,12,0.7253945043374891,23.178595542907715,0.8,0.0,0.25,0.36363636363636365,0.0,3
Prim,0.04610470709082187,0.6768039740504592,0.019076243121799574,12,0.6441361149188999,18.049670219421387,0.7,0.16666666666666666,0.0,0.36363636363636365,0.0,2
Kruskal,0.04678013106492585,0.7116835261804169,0.020923531491785465,11,0.688360263609906,19.80638360977173,0.7,0.3333333333333333,0.3333333333333333,0.0,0.05,1
GPrim,8.649434762472104e-05,0.643882187721406,0.1177565834116126,20,0.7935951122466414,25.72279715538025,0.9,0.8333333333333334,0.5833333333333334,0.5454545454545454,0.0,4
