models,igd,delta,spacing,onvg,hypervolume,time,c_A,c_B,c_C,c_D,c_E,score
A,0.03636992740650055,0.7131862394849843,0.025652534474565173,10,0.2871377699387736,18.037609815597534,0.0,0.0,0.08333333333333333,0.0,0.0,0
B,0.03407690452391486,0.6809805275086189,0.022403661433445295,12,0.31618485367259486,23.178595542907715,0.8,0.0,0.25,0.36363636363636365,0.0,3
C,0.036891057971965,0.6768039740504592,0.019076243121799574,12,0.29923752125942554,18.049670219421387,0.7,0.16666666666666666,0.0,0.36363636363636365,0.0,2
D,0.0376995406256608,0.7116835261804169,0.020923531491785465,11,0.2782077000160533,19.80638360977173,0.7,0.3333333333333333,0.3333333333333333,0.0,0.05,1
E,0.01695771526163717,0.643882187721406,0.1177565834116126,20,0.8064517114794605,25.72279715538025,0.9,0.8333333333333334,0.5833333333333334,0.5454545454545454,0.0,4
