models,igd,delta,spacing,onvg,hypervolume,time,c_Prufer,c_NetKeys,c_Prim,c_Kruskal,c_GPrim,score
Prufer,0.0914442017031549,0.7945209205208997,0.03953124613633479,8,0.6193918166843257,17.523326635360718,0.0,0.14285714285714285,0.125,0.23076923076923078,0.0,0
NetKeys,0.09891474627754218,0.8364635929533737,0.0006674330300082072,7,0.5913912875371159,21.730903387069702,0.625,0.0,0.0,0.15384615384615385,0.0,1
Prim,0.08904810974438124,0.7568393631006943,0.04519638775700031,8,0.6255940920366937,17.341909408569336,0.75,0.7142857142857143,0.0,0.3076923076923077,0.0,3
Kruskal,0.07788709258355174,0.6734728156757523,0.03230698961117795,13,0.6446302975667535,19.952537298202515,0.625,0.42857142857142855,0.25,0.0,0.0,2
GPrim,0.0010291716793898288,0.9117984980619733,0.23729676586123752,20,2.488278906018992,23.782010316848755,1.0,0.7142857142857143,0.625,0.46153846153846156,0.0,4
