models,igd,delta,spacing,onvg,hypervolume,time,c_A,c_B,c_C,c_D,c_E,score
A,0.05140389855834933,0.8329885788025464,0.02658365439778606,6,0.15493804578613024,12.368780374526978,0.0,0.0,0.0,0.0,0.0,0
B,0.03407690452391486,0.6809805275086189,0.022403661433445295,12,0.31618485367259486,23.178595542907715,1.0,0.0,0.25,0.3333333333333333,0.0,2
C,0.036891057971965,0.6768039740504592,0.019076243121799574,12,0.29923752125942554,18.049670219421387,1.0,0.16666666666666666,0.0,0.1111111111111111,0.0,1
D,0.04131815514684266,0.7782429267282659,0.050495369973512456,9,0.2670274721794626,20.800096035003662,1.0,0.5,0.5,0.0,0.0,3
E,0.01695771526163717,0.643882187721406,0.1177565834116126,20,0.8064517114794605,25.72279715538025,1.0,0.8333333333333334,0.5833333333333334,0.6666666666666666,0.0,4
