models,igd,delta,spacing,onvg,hypervolume,c_A,c_B,c_C,c_D,c_E,score
A,0.6041523169997376,0.5789474046672027,0.0003272185413102634,9,0.022893750884438985,0.0,0.0,0.0,0.0,0.0,0
B,0.8645808295363638,0.6315789724778148,0.00015077320588534178,8,0.01827008263268659,1.0,0.0,0.5555555555555556,0.3333333333333333,0.0,2
C,0.6519202517107373,0.5789473967353902,6.08185336677868e-05,9,0.01751168883808464,1.0,0.5,0.0,0.3333333333333333,0.0,1
D,0.8514693236343265,0.5789474045060203,0.00010311506601030484,9,0.02132511321833026,1.0,0.625,0.5555555555555556,0.0,0.05,3
E,6.643123493716938e-05,6.1090665245521975e-06,0.00045924699372338576,20,0.06293029415129656,1.0,0.875,1.0,0.8888888888888888,0.0,4
