models,igd,delta,spacing,onvg,hypervolume,c_A,c_B,c_C,c_D,c_E,c_F,score
A,0.6041523169997376,0.5789474046672027,0.0003272185413102634,9,0.022893750884438985,0.0,0.0,0.0,0.0,0.0,0.0,0
B,0.4153312074091201,0.4210526775622618,7.696536383381905e-05,12,0.02447230082599041,1.0,0.0,0.2,0.2,0.05,0.0,1
C,0.5500000130384516,0.5263158217403323,7.900201803967997e-05,10,0.019541565629937314,1.0,0.3333333333333333,0.0,0.4,0.0,0.0,3
D,0.722841621269813,0.5263158364164119,0.00010104298582946937,10,0.022201179912044594,1.0,0.5,0.3,0.0,0.05,0.0,2
E,6.599154218117116e-05,6.518034499697791e-06,0.0004580083832100807,20,0.06287954677804898,1.0,0.5,0.5,0.7,0.0,0.05,4
F,6.592800001752661e-05,6.465858100730005e-06,0.00045837195018769996,20,0.06290203450961813,1.0,0.5833333333333334,0.5,0.8,0.3,0.0,5
