models,igd,delta,spacing,onvg,hypervolume,c_A,c_B,c_C,c_D,c_E,c_F,score
A,0.6800735484424096,0.7105263257458507,0.5476581982065314,5,0.014199352064993755,0.0,0.0,0.0,0.0,0.0,0.0,0
B,0.8514693299976285,0.5789474094945393,0.00010095215920139606,9,0.020316932637081002,1.0,0.0,0.07142857142857142,0.5,0.0,0.0,2
C,0.264575174209725,0.3157895281876569,8.49162996731576e-05,14,0.028446279316141188,1.0,0.3333333333333333,0.0,0.6,0.05,0.0,3
D,0.6204837006536652,0.5263158290253378,0.00012278296661209675,10,0.021126999076719003,1.0,0.1111111111111111,0.14285714285714285,0.0,0.05,0.05,1
E,4.343846146803825e-05,6.523690503356171e-06,0.000457965556802075,20,0.06288061399189532,1.0,0.5555555555555556,0.14285714285714285,0.7,0.0,0.0,4
F,4.312572755713302e-05,6.556579071523751e-06,0.00045835609708661716,20,0.0629026512268797,1.0,0.8888888888888888,0.35714285714285715,0.8,0.35,0.0,5
