models,delta,spacing,nds,c_kruskal,score
kruskal,1.8906258442758568e-07,0.0004323067012801158,10,0.0,0
