models,delta,spacing,onvg,hypervolume,time,c_A,c_B,c_C,c_D,c_E,score
A,0.9595339969115835,0.027199960479415194,5,0.12391613410287165,23.951496839523315,0.0,0.0,0.0,0.0,0.0,0
B,1.0,inf,1,0.0,54.99777340888977,1.0,0.0,0.0,0.0,0.0,1
C,0.8379788859129,0.0,2,0.11826041329324882,42.43943548202515,1.0,1.0,0.0,0.0,0.0,2
D,0.9682654608679739,0.0,2,0.028997579378573328,53.84643030166626,1.0,1.0,1.0,0.0,0.0,3
E,0.8565989919149745,0.20313134588067994,4,0.3740864952283099,77.15138936042786,1.0,1.0,1.0,1.0,0.0,4
