models,delta,spacing,nds,c_1.2.7.0.0.0,c_1.2.7.0.0.1,c_1.2.7.0.0.2,c_1.2.7.0.0.3,score
1.2.7.0.0.0,1.5338007272787853e-06,0.0011630578296460083,7,0.0,0.5,0.8888888888888888,0.6666666666666666,3
1.2.7.0.0.1,4.7801979099640744e-05,0.006594113584012604,8,0.2857142857142857,0.0,0.8888888888888888,0.5555555555555556,2
1.2.7.0.0.2,0.5624997526977416,0.6665371710581458,9,0.14285714285714285,0.125,0.0,0.1111111111111111,0
1.2.7.0.0.3,0.2187428647526328,0.0063546059362436106,9,0.14285714285714285,0.5,0.7777777777777778,0.0,1
