models,igd,delta,spacing,onvg,hypervolume,c_A,c_B,c_C,c_D,c_E,score
A,0.6576473305407724,0.7052631707091884,0.5478324078386886,6,0.019353240693582116,0.0,0.0,0.0,0.0,0.0,0
B,0.41533119828763976,0.42105268281288094,5.966864914517969e-06,12,0.022890386929607424,1.0,0.0,0.18181818181818182,0.42857142857142855,0.0,2
C,0.49244289717013956,0.515789514900142,0.3014921516503492,11,0.0262307372810755,1.0,0.3333333333333333,0.0,0.7142857142857143,0.1,3
D,0.9886860017701589,0.7192982592650201,0.00018404551201248106,7,0.02017213679662555,1.0,0.4166666666666667,0.2727272727272727,0.0,0.1,1
E,0.00019248631022437623,6.2567706323752264e-06,0.00045762267876256225,20,0.06293298422214609,1.0,0.6666666666666666,0.7272727272727273,0.5714285714285714,0.0,4
