models,delta,spacing,onvg,hypervolume,time,c_A,c_B,c_C,c_D,c_E,score
A,0.9102562792028859,0.4473294464965234,5,0.09115752607699609,23.755765914916992,0.0,0.0,0.0,0.0,0.0,0
B,1.0,inf,1,0.0,56.465293407440186,1.0,0.0,1.0,0.0,0.0,2
C,0.948717962280132,0.0,3,0.01798863745905063,42.44520020484924,1.0,0.0,0.0,0.0,0.0,1
D,0.9743587619322273,0.0,2,0.07915160046733608,52.39350438117981,1.0,1.0,1.0,0.0,0.0,3
E,0.9230771169459694,0.003247543799492641,4,0.23693872778808162,78.14588117599487,1.0,1.0,1.0,1.0,0.0,4
