models,delta,spacing,onvg,hypervolume,time,c_Prufer,c_NetKeys,c_Prim,c_Kruskal,c_GPrim,score
Prufer,0.9318026531443393,0.008983250540726287,12,0.7634991458977165,61.922078132629395,0.0,0.0,0.0,0.0,0.0,0
NetKeys,0.9187252024720679,0.0050010067688824504,16,0.7941500225068652,126.46026992797852,1.0,0.0,0.09090909090909091,0.26666666666666666,0.0,1
Prim,0.9544562064329716,0.012263467235805629,11,0.7562431842891579,69.28472852706909,0.9166666666666666,0.5625,0.0,0.26666666666666666,0.0,3
Kruskal,0.8964234225045807,0.00886545615899117,15,0.8871573892153287,85.7797498703003,1.0,0.5,0.09090909090909091,0.0,0.0,2
GPrim,0.7418940876960008,0.025475860765488915,76,0.9658952346836227,100.58908319473267,1.0,1.0,1.0,1.0,0.0,4
