models,delta,spacing,onvg,hypervolume,time,c_Prufer,c_NetKeys,c_Prim,c_Kruskal,c_GPrim,score
Prufer,0.9097880610058822,0.02772261956630673,12,0.7034577805887434,61.922078132629395,0.0,0.0,0.0,0.0,0.0,0
NetKeys,0.8898606289409624,0.01597300092820291,16,0.7364770514437642,126.46026992797852,1.0,0.0,0.09090909090909091,0.26666666666666666,0.0,1
Prim,0.9470871471098969,0.012880353913404164,11,0.7061866231320998,69.28472852706909,0.9166666666666666,0.5625,0.0,0.26666666666666666,0.0,3
Kruskal,0.8188112318378361,0.01620764521217527,15,0.8040402156747648,85.7797498703003,1.0,0.5,0.09090909090909091,0.0,0.0,2
GPrim,1.1300837385012876,0.11817563389960486,76,3.0656699983004643,100.58908319473267,1.0,1.0,1.0,1.0,0.0,4
