models,igd,delta,spacing,onvg,hypervolume,c_A,c_B,c_C,c_D,c_E,score
A,0.6595453170183215,0.5789473923952281,0.0002597462398628489,5,0.018809559117268386,0.0,0.0,0.0,0.0,0.0,0
B,0.9987492311365325,0.684210550396801,9.613898894185245e-05,7,0.014096026108141386,1.0,0.0,0.3,0.36363636363636365,0.0,2
C,0.6204837011918555,0.5263158263271044,8.253389014243279e-05,10,0.02063739686403607,1.0,0.2857142857142857,0.0,0.5454545454545454,0.0,2
D,0.6020797415366959,0.47368426016153947,0.00023801168046709965,11,0.028145460279407383,1.0,0.5714285714285714,0.4,0.0,0.0,2
E,4.3456575791388654e-05,6.257596417025987e-06,0.00045857502528275497,20,0.06292481309788032,1.0,1.0,0.9,1.0,0.0,4
