models,igd,delta,spacing,onvg,hypervolume,c_A,c_B,c_C,c_D,c_E,c_F,score
A,0.659545314960667,0.5789473917100509,0.0002432113705494633,5,0.019638803661895077,0.0,0.0,0.0,0.0,0.0,0.0,0
B,0.8660254168516477,0.7192982596289247,0.00015364362821453374,7,0.017518422222106533,1.0,0.0,0.15384615384615385,0.36363636363636365,0.0,0.0,2
C,0.26925828346238767,0.412280742698455,8.446936077840767e-05,13,0.028189630664929417,1.0,0.42857142857142855,0.0,0.36363636363636365,0.0,0.0,3
D,0.7158910590744146,0.4736842976048191,0.0004213435895962971,11,0.03555372182505826,1.0,0.2857142857142857,0.23076923076923078,0.0,0.1,0.05,1
E,4.3300582584628944e-05,6.5563164177934945e-06,0.00045773882946182644,20,0.0628871270124101,1.0,0.8571428571428571,0.38461538461538464,0.7272727272727273,0.0,0.0,4
F,4.301653518878265e-05,6.5571425519013694e-06,0.00045897795065374833,20,0.06291233596662682,1.0,0.8571428571428571,0.5384615384615384,0.7272727272727273,0.3,0.0,5
