models,igd,delta,spacing,onvg,hypervolume,c_A,c_B,c_C,c_D,c_E,score
A,1.0307764151220091,0.8421052691944731,0.0001121811706464834,4,0.007138971923944233,0.0,0.2727272727272727,0.3,0.2,0.0,0
B,0.5123475510854651,0.4736842516891055,7.527678159846518e-05,11,0.021898623436076695,0.75,0.0,0.3,0.2,0.0,1
C,0.4636809386694076,0.5672514825048623,0.31620595158163334,10,0.0224551614430342,0.75,0.5454545454545454,0.0,0.1,0.0,2
D,0.6041523054881985,0.5672514649593119,0.00026460450519157964,10,0.029679916756441556,0.75,0.6363636363636364,0.2,0.0,0.05,3
E,6.707401924269667e-05,5.9129987794635564e-06,0.0004585285197960008,20,0.06293945391710795,0.75,1.0,1.0,0.9,0.0,4
