models,delta,spacing,onvg,hypervolume,c_A,c_B,c_C,c_D,c_E,c_F,score
A,0.7642789779909095,0.7826398836910976,6,2.980182093919389,0.0,0.0,0.0,0.0,0.0,0.0,0
B,0.44421681202676455,0.12084438936460123,12,2.4106323169012462,1.0,0.0,0.4166666666666667,0.4166666666666667,0.0,0.15,1
C,0.45175792384552826,0.17362354814294853,12,4.218247075538347,1.0,0.5,0.0,0.4166666666666667,0.05,0.15,3
D,0.43235377221012167,0.05483829247218662,12,-0.5637963655921876,1.0,0.4166666666666667,0.08333333333333333,0.0,0.0,0.1,1
E,0.28197743219892707,0.4575914192702707,20,26.26649981190422,1.0,0.9166666666666666,0.8333333333333334,0.9166666666666666,0.0,0.4,5
F,0.281939870970339,0.45725971355472106,20,26.242187726422184,1.0,0.6666666666666666,0.5833333333333334,0.6666666666666666,0.05,0.0,4
