models,igd,delta,spacing,onvg,hypervolume,c_A,c_B,c_C,c_D,c_E,score
A,0.6103277970961123,0.7684210530874176,0.8366385796057617,6,0.018955041654312284,0.0,0.0,0.0,0.0,0.0,0
B,0.48989795842669626,0.42105269013218066,8.379519399447414e-05,12,0.02546005359784361,1.0,0.0,0.3333333333333333,0.4,0.0,1
C,0.8514693231214341,0.5789474082339297,0.00017106152411517305,9,0.022101411628879485,1.0,0.6666666666666666,0.0,0.5,0.05,3
D,0.6204836922122812,0.5263158312953617,5.985029839629608e-05,10,0.019359949588608157,1.0,0.5833333333333334,0.3333333333333333,0.0,0.05,2
E,8.06978961213491e-05,6.122254296679242e-06,0.0004593600496417349,20,0.0629335186480853,1.0,0.9166666666666666,0.7777777777777778,0.8,0.0,4
