models,delta,spacing,onvg,hypervolume,c_A,c_B,c_C,c_D,c_E,score
A,0.8955851195043621,0.02433293344465798,4,0.09428895195642037,0.0,0.0,0.0,0.0,0.0,0
B,0.9700555839746938,0.015778838793485215,6,0.06719486665181611,1.0,0.0,0.0,0.25,0.0,1
C,0.9580001786337361,0.004830592941456736,7,0.05281834768115172,1.0,0.5,0.0,0.375,0.0,3
D,0.9582509936726712,0.011058082802584947,8,0.10095486517920109,1.0,0.6666666666666666,0.0,0.0,0.0,2
E,1.0896800042465258,0.10541602614768587,24,0.5644834271256461,1.0,1.0,1.0,1.0,0.0,4
