models,delta,spacing,onvg,hypervolume,c_A,c_B,c_C,c_D,c_E,score
A,0.8923076879560258,1.0326868456993412,6,0.042969052148651654,0.0,0.0,0.0,0.0,0.0,0
B,0.8717948788544143,0.7559086975464566,7,0.03939047929936757,1.0,0.0,0.5,0.0,0.0,2
C,0.7891738019235656,3.033870844708338e-05,10,0.040514701245492536,1.0,0.42857142857142855,0.0,0.08333333333333333,0.0,1
D,0.7529137516841629,0.38923876044306205,12,0.0848215839764484,1.0,0.8571428571428571,0.7,0.0,0.0,3
E,0.6630036947595729,5.215524249979709e-05,15,0.06572343680038836,1.0,1.0,1.0,0.8333333333333334,0.0,4
