models,delta,spacing,onvg,hypervolume,c_A,c_B,c_C,c_D,c_E,score
A,0.8923076879560258,1.0326868456993412,6,0.042969052148651654,0.0,0.0,0.0,0.0,0.0,0
B,0.8525641096799631,0.00011200936455061236,9,0.052123579849802655,1.0,0.0,0.7142857142857143,0.2857142857142857,0.0,2
C,0.8632478713675881,0.3779699181027548,7,0.030393857403906807,1.0,0.2222222222222222,0.0,0.07142857142857142,0.0,1
D,0.6666667145798814,0.00014429817166471457,14,0.07495073307398752,1.0,0.6666666666666666,0.7142857142857143,0.0,0.045454545454545456,3
E,0.4615428352224049,0.0009061300272482389,22,0.21285181450416124,1.0,0.8888888888888888,1.0,0.9285714285714286,0.0,4
