models,igd,delta,spacing,onvg,hypervolume,time,c_A,c_B,c_C,c_D,c_E,score
A,0.06048811513731186,0.8514450924090836,0.040000000792705645,5,0.15207076255751312,12.402484655380249,0.0,0.0,0.0,0.0,0.0,0
B,0.04998162897613033,0.7617275047501668,0.051312865103788456,9,0.2782906465417827,23.883633375167847,1.0,0.0,0.09090909090909091,0.375,0.0,1
C,0.049203226951843565,0.724713646810347,0.01530553764496441,11,0.28488411139554215,17.808331727981567,1.0,0.2222222222222222,0.0,0.375,0.05,3
D,0.05443658288825558,0.7952175870130079,0.03689918976051711,8,0.22335983809480955,21.78196430206299,1.0,0.4444444444444444,0.09090909090909091,0.0,0.0,2
E,0.011086212662797627,0.6435855708931467,0.1174502334608599,20,0.8061985217228066,25.1331148147583,1.0,0.6666666666666666,0.18181818181818182,0.75,0.0,4
