models,igd,delta,spacing,onvg,hypervolume,time,c_A,c_B,c_C,c_D,c_E,score
A,0.060224377021247485,0.8246176821686279,0.0008159467109390598,7,0.1620742677851808,17.397990703582764,0.0,0.0,0.09090909090909091,0.0,0.0,0
B,0.04998162897613033,0.7617275047501668,0.051312865103788456,9,0.2782906465417827,23.883633375167847,0.7142857142857143,0.0,0.09090909090909091,0.4,0.0,2
C,0.049203226951843565,0.724713646810347,0.01530553764496441,11,0.28488411139554215,17.808331727981567,0.7142857142857143,0.2222222222222222,0.0,0.6,0.05,3
D,0.0495789437527682,0.7337202163827171,0.021407846742073446,10,0.2661007917549896,20.192524433135986,0.8571428571428571,0.3333333333333333,0.09090909090909091,0.0,0.05,1
E,0.011086212662797627,0.6435855708931467,0.1174502334608599,20,0.8061985217228066,25.1331148147583,1.0,0.6666666666666666,0.18181818181818182,0.8,0.0,4
