models,igd,delta,spacing,onvg,hypervolume,time,c_Prufer,c_NetKeys,c_Prim,c_Kruskal,c_GPrim,score
Prufer,0.05626273490627056,0.8628105868734541,0.03644933451659083,5,0.6544645589741938,17.010351181030273,0.0,0.375,0.0,0.0,0.0,0
NetKeys,0.04757222951683984,0.8052192892133517,0.035638951801889,8,0.7420254530241406,22.900129318237305,0.6,0.0,0.09090909090909091,0.0,0.0,1
Prim,0.03581488536190784,0.7134137177909702,0.02573242043914164,11,0.699551004167298,17.874583959579468,0.8,0.75,0.0,0.375,0.05,3
Kruskal,0.04965728343255286,0.7950932873509465,0.013597555031418752,8,0.6595446610792131,19.733255863189697,1.0,0.75,0.2727272727272727,0.0,0.0,2
GPrim,0.00024220330814887303,0.6005367900477644,0.09288240379385006,20,0.8256032156654192,24.401511907577515,1.0,1.0,0.7272727272727273,0.5,0.0,4
