models,igd,delta,spacing,onvg,hypervolume,time,c_Prufer,c_NetKeys,c_Prim,c_Kruskal,c_GPrim,score
Prufer,0.09360608644693916,0.8254256214351117,0.08929534539118933,5,0.5844254778598396,17.010351181030273,0.0,0.375,0.0,0.0,0.0,0
NetKeys,0.08444334535001033,0.8076951190500875,0.08126484509253075,8,0.6528530368523715,22.900129318237305,0.6,0.0,0.09090909090909091,0.0,0.0,1
Prim,0.07845274853467936,0.7291899109614345,0.06531406069826234,11,0.6219541434868858,17.874583959579468,0.8,0.75,0.0,0.375,0.05,3
Kruskal,0.09619314688379417,0.810745321223733,0.03451333063558757,8,0.5973197991703951,19.733255863189697,1.0,0.75,0.2727272727272727,0.0,0.0,2
GPrim,0.0006147607298415151,0.9143177434734185,0.23575422970954668,20,2.475515208139859,24.401511907577515,1.0,1.0,0.7272727272727273,0.5,0.0,4
