models,delta,spacing,onvg,hypervolume,time,c_Prufer,c_NetKeys,c_Prim,c_Kruskal,c_GPrim,score
Prufer,0.9287518473071601,0.007854091749751012,8,0.5315700458254127,609.5426564216614,0.0,0.0,0.0,0.0,0.0,0
NetKeys,0.9675579513591737,0.00454903559154577,11,0.6619505369926324,1363.9332392215729,1.0,0.0,0.7142857142857143,1.0,0.0,3
Prim,0.9711928129656437,0.005372840290943691,7,0.5708302386545796,283.7239935398102,1.0,0.0,0.0,0.25,0.0,1
Kruskal,0.9468663168276685,0.058539718906891094,4,0.6427964891593976,437.5214626789093,0.875,0.0,0.2857142857142857,0.0,0.0,2
GPrim,0.930405871384144,0.0016522207265865453,28,0.754474938278981,458.3489110469818,1.0,1.0,1.0,1.0,0.0,4
