models,delta,spacing,nds,hypervolume,c_guided prim,c_guided prim2,c_kruskal,c_netkeys,c_prim,c_prufer,score
guided prim,3.875450770210145e-05,0.006039051725312794,10,7.999422744322706,0.0,0.6666666666666666,1.0,1.0,0.3333333333333333,1.0,5
guided prim2,3.0927346827504884e-05,0.005480790077709273,12,9.03798699672846,0.2,0.0,1.0,1.0,0.6666666666666666,1.0,4
kruskal,1.500000095860174,1.7327546806370433,3,2.6027800110331034,0.0,0.0,0.0,0.7142857142857143,0.3333333333333333,1.0,3
netkeys,1.2222222194374315,1.4960031505971396,7,6.500941988070439,0.0,0.0,0.0,0.0,0.0,1.0,1
prim,3.8638704358273657e-07,0.0006133188475223781,3,1.1290966661389241,0.0,0.0,0.0,1.0,0.0,1.0,2
prufer,0.3749996313227667,0.33325533417750575,9,5.740449134058071,0.0,0.0,0.0,0.0,0.0,0.0,0
