models,delta,spacing,onvg,hypervolume,time,c_Prufer,c_NetKeys,c_Prim,c_Kruskal,c_GPrim,score
Prufer,0.9480777450947371,0.03224706887320632,5,0.6382639512734429,119.43373465538025,0.0,0.3333333333333333,0.0,0.0,0.0,0
NetKeys,0.9852323107618726,0.0676955754890635,3,0.6515237435498138,134.32039594650269,0.8,0.0,0.0,0.0,0.0,1
Prim,0.9385653112660866,0.02211520450452886,7,0.6839038609100594,106.90957069396973,0.8,0.6666666666666666,0.0,0.0,0.0,2
Kruskal,0.9700776499881787,0.013415891783094859,5,0.7019585177665766,117.30095624923706,0.8,0.6666666666666666,0.8571428571428571,0.0,0.0,3
GPrim,1.1386617238669188,0.2427575019892243,23,3.2017925057316607,191.85104417800903,1.0,1.0,1.0,1.0,0.0,4
