models,delta,spacing,onvg,hypervolume,time,c_A,c_B,c_C,c_D,c_E,score
A,0.9642963253911292,0.0,2,0.024685475789630956,113.25902485847473,0.0,0.0,0.0,0.0,0.0,0
B,1.0,inf,1,0.0,156.7557237148285,0.0,0.0,0.0,0.0,0.0,0
C,1.0,inf,1,0.0,102.48969841003418,0.0,1.0,0.0,0.0,0.0,1
D,1.0,inf,1,0.0,120.96467399597168,0.0,1.0,1.0,0.0,0.0,2
E,0.9564689280146285,0.17777302328899253,7,0.43112604583565295,224.89935874938965,1.0,1.0,1.0,1.0,0.0,4
