models,delta,spacing,onvg,hypervolume,time,c_A,c_B,c_C,c_D,c_E,score
A,0.9696969633703786,0.0,2,0.09917759478012705,51.756755113601685,0.0,0.0,0.0,0.0,0.0,0
B,1.0,inf,1,0.0,156.7557237148285,1.0,0.0,0.0,0.0,0.0,1
C,1.0,inf,1,0.0,102.48969841003418,1.0,1.0,0.0,0.0,0.0,2
D,1.0,inf,1,0.0,148.8261845111847,1.0,1.0,1.0,0.0,0.0,3
E,0.9393950326177432,0.0070582965612057185,7,1.7117419901337854,224.89935874938965,1.0,1.0,1.0,1.0,0.0,4
