models,delta,spacing,onvg,hypervolume,c_A,c_B,c_C,c_D,c_E,score
A,0.9541748461696481,0.0,2,0.024979257691578285,0.0,0.0,0.0,0.0,0.0,0
B,1.0,inf,1,0.0,1.0,0.0,0.0,0.0,0.0,1
C,1.0,inf,1,0.0,1.0,1.0,0.0,0.0,0.0,2
D,1.0,inf,1,0.0,1.0,1.0,1.0,0.0,0.0,3
E,0.9564689280146285,0.17777302328899253,7,0.43112604583565295,1.0,1.0,1.0,1.0,0.0,4
