models,delta,spacing,onvg,hypervolume,time,c_Prufer,c_NetKeys,c_Prim,c_Kruskal,c_GPrim,score
Prufer,0.9360110242479063,0.014292290005389277,8.9,0.09446193568065761,131.01209349632262,0.0,0.0,0.014285714285714285,0.0,0.0,0.0
NetKeys,0.9747851166473627,0.020860364892862773,5.6,0.06446459274407908,138.5490210056305,0.9191666666666667,0.0,0.604642857142857,0.07666666666666667,0.0,1.9
Prim,0.9665643316965188,0.019301448968877966,5.9,0.06778185018053115,105.01877772808075,0.9325757575757578,0.15388888888888888,0.0,0.03428571428571429,0.0,1.3
Kruskal,0.9681268952511152,0.016689044079854953,5.4,0.06473202571910924,118.85340647697448,0.7951515151515152,0.5925396825396825,0.5548809523809524,0.0,0.0,2.8
GPrim,1.0861182333337491,0.10590009633838877,23.8,0.564933031072357,181.11086325645448,1.0,1.0,1.0,1.0,0.0,4.0
