models,delta,spacing,onvg,hypervolume,time,c_A,c_B,c_C,c_D,c_E,score
A,0.934242426891067,1.418574461362844,4.9,0.26485169620711935,51.14523742198944,0.0,0.0,0.0,0.0,0.0,0.0
B,0.9676262696649663,1.4487029928995871,5.6,0.25595009010190617,138.5490210056305,1.0,0.0,0.604642857142857,0.20416666666666666,0.0,2.1
C,0.9560413750304703,1.6762640527785009,5.9,0.2691209223930805,105.01877772808075,1.0,0.15388888888888888,0.0,0.07916666666666666,0.0,1.3
D,0.9595767220893181,1.0018639090737849,6.9,0.31956937995349965,155.80305995941163,1.0,0.41158730158730156,0.5422619047619048,0.0,0.0,2.6
E,0.7733743336693717,0.04545434732708023,23.8,2.243008976703625,181.11086325645448,1.0,1.0,1.0,1.0,0.0,4.0
