models,delta,spacing,onvg,hypervolume,time,c_A,c_B,c_C,c_D,c_E,score
A,0.9633403911655951,0.006537961788511718,7,0.06018476860728006,36.104665756225586,0.0,0.0,0.0,0.0,0.0,0
B,0.9366278841624174,0.012918711106558985,8,0.11441321161703566,127.76793384552002,1.0,0.0,0.0,0.21052631578947367,0.0,1
C,0.9396123549591003,0.006891628789164789,10,0.08777395441265229,68.3670449256897,1.0,0.75,0.0,0.3157894736842105,0.0,3
D,0.8716286294590644,0.010039401321449785,19,0.1992836681927545,102.15399932861328,1.0,0.375,0.1,0.0,0.0,2
E,0.957368972660723,0.0652241127372615,66,0.7993243275775641,102.08937072753906,1.0,1.0,1.0,1.0,0.0,4
