models,delta,spacing,onvg,hypervolume,time,c_Prufer,c_NetKeys,c_Prim,c_Kruskal,c_GPrim,score
Prufer,0.9190443693554782,0.019307116861386246,9,0.6733682503262585,62.08258628845215,0.0,0.0,0.0,0.0,0.0,0
NetKeys,0.9428390374000036,0.013801793118679481,11,0.7396122889682921,121.31663870811462,1.0,0.0,0.6363636363636364,0.0625,0.0,2
Prim,0.9308100240494941,0.006734610211797566,11,0.6807573265856176,67.22596764564514,1.0,0.18181818181818182,0.0,0.0625,0.0,1
Kruskal,0.8939225676146134,0.052015646081735784,16,0.8138740593858423,79.43880462646484,0.7777777777777778,0.45454545454545453,0.2727272727272727,0.0,0.0,3
GPrim,1.1207928787514976,0.13049394245069088,71,3.020324171457771,96.74053835868835,1.0,1.0,1.0,1.0,0.0,4
