models,delta,spacing,onvg,hypervolume,time,c_A,c_B,c_C,c_D,c_E,score
A,0.9329983275590503,1.4638176474233544,7,0.400586368464988,116.5007266998291,0.0,0.0,0.0,0.0,0.0,0
B,0.9329983176917817,1.7921246509554034,19,1.4270085620192794,1117.8746650218964,0.5714285714285714,0.0,0.0,0.0,0.0,1
C,0.9537688463663375,2.9939867572504495,11,0.5634443593543892,189.63024067878723,1.0,0.631578947368421,0.0,0.5384615384615384,0.0,3
D,0.929648246078399,1.779513751142789,13,0.9866556577287162,415.9029519557953,1.0,1.0,0.09090909090909091,0.0,0.0,2
E,0.564489202184215,0.47938407932802257,97,3.0475440806296277,260.0199568271637,1.0,1.0,1.0,1.0,0.0,4
