models,delta,spacing,onvg,hypervolume,time,c_Prufer,c_NetKeys,c_Prim,c_Kruskal,c_GPrim,score
Prufer,0.9628452966947557,0.02919700976460244,3,0.4794334593880113,58.036367893218994,0.0,0.0,0.0,0.0,0.0,0
NetKeys,0.9192521841948106,0.008122679944507417,11,0.6447683038306518,126.03513979911804,1.0,0.0,0.0,0.0,0.0,1
Prim,0.9610566887082328,0.007508187212357013,8,0.5962335628340826,64.98511624336243,1.0,0.6363636363636364,0.0,0.75,0.0,3
Kruskal,0.9401123245575028,0.016079387967889377,8,0.5967520925468135,80.20395112037659,1.0,0.6363636363636364,0.0,0.0,0.0,2
GPrim,0.7727759675133618,0.008341888017600059,46,0.8249977193526589,119.51673221588135,1.0,1.0,1.0,1.0,0.0,4
