models,igd,delta,spacing,onvg,hypervolume,time,c_Prufer,c_NetKeys,c_Prim,c_Kruskal,c_GPrim,score
Prufer,0.04161568519117672,0.7308692348138863,0.045718001699196646,11,0.6781072558104911,16.923248767852783,0.0,0.08333333333333333,0.0,0.0,0.0,0
NetKeys,0.040316569396000104,0.6864151619569109,0.031114497946196074,12,0.720617223550513,24.466238975524902,0.8181818181818182,0.0,0.125,0.1,0.0,1
Prim,0.05354440975304277,0.7958702374351985,0.037086375283262876,8,0.6831795321462808,18.6729633808136,0.7272727272727273,0.5,0.0,0.3,0.0,2
Kruskal,0.04937964846097048,0.7391048423324819,0.020778554402757304,10,0.6888198480661596,21.05833649635315,1.0,0.5833333333333334,0.625,0.0,0.0,3
GPrim,8.999476760972153e-05,0.6432199220861461,0.11767169536619211,20,0.7939035753539297,25.3448805809021,1.0,0.6666666666666666,0.875,0.5,0.0,4
