models,delta,spacing,onvg,hypervolume,time,c_Prufer,c_NetKeys,c_Prim,c_Kruskal,c_GPrim,score
Prufer,0.9407904327507447,0.0035315609409032047,9,0.593824155917185,234.9650526046753,0.0,0.25,0.0,0.0,0.0,1
NetKeys,0.8867772245230138,0.021170864790628612,20,0.6836119098338724,1153.5468368530273,0.2222222222222222,0.0,0.0,0.0,0.0,0
Prim,0.9751727067738369,0.011410105592848602,6,0.6005313397780488,190.08966660499573,1.0,0.4,0.0,0.19047619047619047,0.0,3
Kruskal,0.9180376939878465,0.015482390814066702,21,0.7939210672514698,340.01317596435547,0.7777777777777778,1.0,0.0,0.0,0.0,2
GPrim,0.7507489162794916,0.002755017388154372,98,0.7529591936363373,250.82779097557068,1.0,1.0,1.0,0.7142857142857143,0.0,4
