models,delta,spacing,onvg,hypervolume,time,c_Prufer,c_NetKeys,c_Prim,c_Kruskal,c_GPrim,score
Prufer,0.9440731282736173,0.015683278307946264,9.8,0.5308386220215724,592.7951434373856,0.0,0.08412698412698412,0.0,0.0,0.0,0.1
NetKeys,0.9685851476171239,0.007286770664658172,10.1,0.6536726380016894,1365.091282057762,0.7941758241758242,0.0,0.40619047619047616,0.5466666666666666,0.0,2.0
Prim,0.969532609315203,0.009482936641649536,5.0,0.5659568934471357,283.7681484222412,0.9536363636363637,0.18674603174603172,0.0,0.1852020202020202,0.0,1.9
Kruskal,0.9515535423685002,0.022705330997203652,6.8,0.6459228554809029,454.3679463863373,0.8453971028971029,0.3488888888888889,0.30666666666666664,0.0,0.0,2.0
GPrim,0.9403478801193124,0.00256964665020585,23.2,0.7844282570264163,449.7713179826736,1.0,1.0,1.0,1.0,0.0,4.0
