Instance,onvg_A,onvg_B,onvg_C,onvg_D,onvg_E,onvg_F,delta_A,delta_B,delta_C,delta_D,delta_E,delta_F,hypervolume_A,hypervolume_B,hypervolume_C,hypervolume_D,hypervolume_E,hypervolume_F
NIn1,$6.2 \pm 1.08$,$12.6 \pm 2.29$,$13.1 \pm 2.59$,$13.8 \pm 1.72$,$20 \pm 0$,$19.9 \pm 0.3$,$0.755 \pm 0.0533$,$0.413 \pm 0.109$,$0.379 \pm 0.129$,$0.373 \pm 0.0798$,$0.282 \pm 0.000855$,$0.288 \pm 0.0178$,$0.857 \pm 1.82$,$1.21 \pm 1.76$,$-0.101 \pm 1.32$,$3.72 \pm 2.62$,$26.2 \pm 0.135$,$26.3 \pm 0.079$
NIn2,$5.4 \pm 0.8$,$8.4 \pm 1.36$,$6.8 \pm 1.54$,$6.6 \pm 0.917$,$16.8 \pm 1.25$,$18.1 \pm 0.539$,$0.798 \pm 0.0437$,$0.646 \pm 0.0595$,$0.718 \pm 0.0669$,$0.734 \pm 0.0469$,$0.568 \pm 0.0357$,$0.531 \pm 0.0151$,$0.302 \pm 2.67$,$3.49 \pm 3.3$,$3.6 \pm 2.37$,$6.09 \pm 3.56$,$49 \pm 0.611$,$48.6 \pm 0.299$
NIn3,$5.1 \pm 1.3$,$12.2 \pm 1.25$,$12.9 \pm 1.3$,$12.6 \pm 1.91$,$20 \pm 0$,$19.9 \pm 0.3$,$0.798 \pm 0.0602$,$0.437 \pm 0.0616$,$0.397 \pm 0.0568$,$0.422 \pm 0.0904$,$0.282 \pm 0.000272$,$0.288 \pm 0.0175$,$1.64 \pm 1.5$,$1.71 \pm 1.28$,$1.64 \pm 2.32$,$3.01 \pm 2.53$,$26.3 \pm 0.0478$,$26.2 \pm 0.149$
NIn4,$5.5 \pm 1.28$,$9.1 \pm 1.87$,$8.5 \pm 0.922$,$8.6 \pm 1.69$,$19.2 \pm 0.748$,$19.1 \pm 1.04$,$0.759 \pm 0.063$,$0.598 \pm 0.0899$,$0.634 \pm 0.0448$,$0.625 \pm 0.0773$,$0.503 \pm 0.0192$,$0.485 \pm 0.0501$,$1.53 \pm 2.41$,$0.452 \pm 1.43$,$1.96 \pm 2.46$,$3.07 \pm 2.55$,$51 \pm 3.67$,$48.7 \pm 11.4$
NIn5,$5.2 \pm 0.872$,$10.6 \pm 1.43$,$9.3 \pm 1.55$,$10.4 \pm 1.69$,$19.8 \pm 0.4$,$20 \pm 0$,$0.779 \pm 0.0707$,$0.538 \pm 0.074$,$0.6 \pm 0.0792$,$0.556 \pm 0.0925$,$0.44 \pm 0.081$,$0.481 \pm 0.00163$,$0.491 \pm 3.02$,$0.826 \pm 1.63$,$-0.391 \pm 1.49$,$2.28 \pm 3.24$,$47.2 \pm 13$,$53.8 \pm 0.209$
NIn6,$5.5 \pm 1.02$,$11.3 \pm 1.55$,$13.2 \pm 1.54$,$13.5 \pm 1.86$,$20 \pm 0$,$20 \pm 0$,$0.745 \pm 0.0469$,$0.498 \pm 0.0779$,$0.385 \pm 0.0858$,$0.375 \pm 0.0851$,$0.282 \pm 0.000241$,$0.281 \pm 0.00137$,$1.08 \pm 1.22$,$3.4 \pm 2.27$,$1.45 \pm 2.82$,$2.78 \pm 2.4$,$26.3 \pm 0.0731$,$26.2 \pm 0.136$
