models,delta,spacing,onvg,hypervolume,time,c_A,c_B,c_C,c_D,c_E,score
A,0.9539279264205058,0.005068692831167734,4,0.04828326418093415,36.98564958572388,0.0,0.0,0.0,0.0,0.0,0
B,0.9681710634454873,0.009344048108598298,7,0.07358493683121675,114.06214118003845,1.0,0.0,0.0,0.23529411764705882,0.0,2
C,0.9592042108333729,0.010127133926235949,9,0.0760569088741399,68.1886739730835,1.0,0.7142857142857143,0.0,0.35294117647058826,0.0,3
D,0.9149925503379334,0.03812570143406315,17,0.2619817847644693,101.70625877380371,1.0,0.14285714285714285,0.1111111111111111,0.0,0.0,1
E,0.9380202139648989,0.06331473392537985,70,0.8193602785116876,101.50355672836304,1.0,1.0,1.0,1.0,0.0,4
