models,delta,spacing,onvg,hypervolume,time,c_Prufer,c_NetKeys,c_Prim,c_Kruskal,c_GPrim,score
Prufer,0.9433603033015169,0.008121121203045086,8,0.6245584243895197,125.53464603424072,0.0,0.0,0.0,0.0,0.0,0
NetKeys,0.9775095439826623,0.028131664815622424,5,0.7038994194169642,132.88950896263123,1.0,0.0,0.8333333333333334,0.5,0.0,3
Prim,0.9276757840088429,0.019575555784373255,6,0.6753105617868486,106.77224397659302,1.0,0.0,0.0,0.0,0.0,1
Kruskal,0.919731901498217,0.007333491820661774,10,0.7300763918524262,116.98315191268921,1.0,0.0,1.0,0.0,0.0,2
GPrim,1.137084211918086,0.19772003709046587,28,3.0711280715667364,171.56353116035461,1.0,1.0,1.0,1.0,0.0,4
