models,igd,delta,spacing,onvg,hypervolume,c_A,c_B,c_C,c_D,c_E,score
A,0.8602325459464077,0.8157894087335008,0.0005856950687461701,5,0.018658025689023992,0.0,0.0,0.0,0.0,0.0,0
B,0.46636896848534565,0.6315789686115824,0.33332430292492105,9,0.020965902035706176,1.0,0.0,0.5,0.3,0.0,2
C,0.5545268359278196,0.6766917302732915,0.3535051770112486,8,0.022243267116657015,1.0,0.4444444444444444,0.0,0.1,0.05263157894736842,1
D,0.6041523070401125,0.5672514990957185,0.3162008603661344,10,0.02362344953231911,1.0,0.3333333333333333,0.625,0.0,0.05263157894736842,3
E,0.05000004384734228,0.05263293234083656,0.0001645793144241568,19,0.043973723614105564,1.0,1.0,0.875,0.9,0.0,4
