models,igd,delta,spacing,onvg,hypervolume,time,c_Prufer,c_NetKeys,c_Prim,c_Kruskal,c_GPrim,score
Prufer,0.04984055168826333,0.8189532425307757,0.022029513772854864,7,0.6574321988277911,16.778100728988647,0.0,0.375,0.15384615384615385,0.14285714285714285,0.0,1
NetKeys,0.0511293779076875,0.782163125249559,0.02149890244628355,8,0.7360261590607262,22.82309889793396,0.14285714285714285,0.0,0.15384615384615385,0.0,0.0,0
Prim,0.03880994407662682,0.6535131745064727,0.0020698552362808436,13,0.7032627496818602,17.131372213363647,0.42857142857142855,0.5,0.0,0.2857142857142857,0.0,2
Kruskal,0.05361085025946545,0.8232974973244594,0.01336471493447163,7,0.6593309733665903,19.66326880455017,0.42857142857142855,0.625,0.38461538461538464,0.0,0.0,3
GPrim,0.0006063956161092779,0.597597369485268,0.0916827242112104,20,0.825073438698667,24.529985904693604,0.7142857142857143,0.875,0.5384615384615384,0.5714285714285714,0.0,4
