models,igd,delta,spacing,onvg,hypervolume,time,c_A,c_B,c_C,c_D,c_E,score
A,0.05966706841089757,0.886833711652807,0.06487151552685715,5,0.15650433796209526,12.266676425933838,0.0,0.0,0.0,0.0,0.0,0
B,0.046345198212367905,0.7080517627097249,0.022293491553776523,11,0.29174204868011944,24.51477599143982,1.0,0.0,0.18181818181818182,0.2222222222222222,0.0,1
C,0.0475803840494375,0.7117930115799355,0.015378623786512162,11,0.27442882197326013,17.901878356933594,1.0,0.45454545454545453,0.0,0.2222222222222222,0.0,2
D,0.0537114975238923,0.7682903732033942,0.01703556675327167,9,0.21562833974921702,20.619938373565674,1.0,0.2727272727272727,0.2727272727272727,0.0,0.0,3
E,0.01107141415800205,0.6428893984337173,0.11738165568854403,20,0.8062584711582175,25.942051649093628,1.0,0.7272727272727273,0.45454545454545453,0.5555555555555556,0.0,4
