models,igd,delta,spacing,onvg,hypervolume,time,c_Prufer,c_NetKeys,c_Prim,c_Kruskal,c_GPrim,score
Prufer,0.09653466493663179,0.8082892693038206,0.035884145523723654,7,0.5919579449274769,16.778100728988647,0.0,0.375,0.15384615384615385,0.14285714285714285,0.0,1
NetKeys,0.08126094136897184,0.7446807749981004,0.0545685402056731,8,0.6376256216544941,22.82309889793396,0.14285714285714285,0.0,0.15384615384615385,0.0,0.0,0
Prim,0.09059271018206555,0.6727854342787071,0.005253709065526724,13,0.6313753004436505,17.131372213363647,0.42857142857142855,0.5,0.0,0.2857142857142857,0.0,2
Kruskal,0.09852131143133579,0.8326187266724181,0.033922335619749056,7,0.5967774167596256,19.66326880455017,0.42857142857142855,0.625,0.38461538461538464,0.0,0.0,3
GPrim,0.0015391540866274889,0.910329225504981,0.23270920154111965,20,2.4741705276017467,24.529985904693604,0.7142857142857143,0.875,0.5384615384615384,0.5714285714285714,0.0,4
