models,igd,delta,spacing,onvg,hypervolume,time,c_A,c_B,c_C,c_D,c_E,score
A,0.05236926708810432,0.7736099313676384,0.0006004235121119904,9,0.23421136456946234,17.045406341552734,0.0,0.2727272727272727,0.18181818181818182,0.1111111111111111,0.0,0
B,0.046345198212367905,0.7080517627097249,0.022293491553776523,11,0.29174204868011944,24.51477599143982,0.3333333333333333,0.0,0.18181818181818182,0.3333333333333333,0.0,1
C,0.0475803840494375,0.7117930115799355,0.015378623786512162,11,0.27442882197326013,17.901878356933594,0.6666666666666666,0.45454545454545453,0.0,0.4444444444444444,0.0,3
D,0.05512354170583926,0.7711478607102217,0.0018535645347564761,9,0.2128831820621654,21.092974424362183,0.5555555555555556,0.45454545454545453,0.2727272727272727,0.0,0.0,2
E,0.01107141415800205,0.6428893984337173,0.11738165568854403,20,0.8062584711582175,25.942051649093628,0.7777777777777778,0.7272727272727273,0.45454545454545453,0.7777777777777778,0.0,4
