models,igd,delta,spacing,onvg,hypervolume,time,c_Prufer,c_NetKeys,c_Prim,c_Kruskal,c_GPrim,score
Prufer,0.04714561353383771,0.7947157125997424,0.034110904607364545,8,0.21852875296936633,17.74483871459961,0.0,0.625,0.14285714285714285,0.25,0.0,1
NetKeys,0.04903330715245114,0.7927040440198845,0.017050547696908752,8,0.19817200134311724,24.557862997055054,0.375,0.0,0.0,0.125,0.0,0
Prim,0.05544564459747542,0.8284382216644532,0.00046535023523099756,7,0.16284847971136193,17.623682975769043,0.75,1.0,0.0,0.625,0.05,3
Kruskal,0.04817956218840213,0.7965413265162601,0.016970582319698783,8,0.19096214691696056,20.573972940444946,0.625,0.5,0.14285714285714285,0.0,0.0,2
GPrim,0.01698184657712997,0.6436323984216349,0.11766791354609316,20,0.8066864752875358,25.957370281219482,1.0,1.0,0.7142857142857143,0.875,0.0,4
