models,igd,delta,spacing,onvg,hypervolume,time,c_Prufer,c_NetKeys,c_Prim,c_Kruskal,c_GPrim,score
Prufer,0.05202319833289606,0.7986806229413715,0.001513406782112783,8,0.7014013183593338,17.053858041763306,0.0,0.3333333333333333,0.2727272727272727,0.3333333333333333,0.0,1
NetKeys,0.04605436131158121,0.779237107821788,0.0389178169180242,9,0.7388917426995979,22.99670100212097,0.25,0.0,0.18181818181818182,0.3333333333333333,0.0,0
Prim,0.038075070459776365,0.7110508200206422,0.014801490562648636,11,0.6998562914748874,17.20054817199707,0.5,0.6666666666666666,0.0,0.4444444444444444,0.0,3
Kruskal,0.04786486205160534,0.7711305590506876,0.00090593511679122,9,0.7033103111447025,19.570196866989136,0.375,0.4444444444444444,0.2727272727272727,0.0,0.0,2
GPrim,0.0004710653788880988,0.5953200957338893,0.09332850606246139,20,0.8259006356023475,24.52936100959778,0.875,1.0,0.6363636363636364,0.6666666666666666,0.0,4
