models,igd,delta,spacing,onvg,hypervolume,time,c_Prufer,c_NetKeys,c_Prim,c_Kruskal,c_GPrim,score
Prufer,0.09724964985082471,0.8116532340459544,0.003841330925781069,8,0.6266506132082368,17.053858041763306,0.0,0.3333333333333333,0.2727272727272727,0.3333333333333333,0.0,1
NetKeys,0.07872294074884491,0.8077399738218537,0.09878124999703612,9,0.6448990495144136,22.99670100212097,0.25,0.0,0.18181818181818182,0.3333333333333333,0.0,0
Prim,0.08501795744822148,0.7158267924983064,0.03756916125787649,11,0.6227290241004473,17.20054817199707,0.5,0.6666666666666666,0.0,0.4444444444444444,0.0,3
Kruskal,0.09474892483780811,0.7902590818256048,0.002299445609740784,9,0.6314960210061934,19.570196866989136,0.375,0.4444444444444444,0.2727272727272727,0.0,0.0,2
GPrim,0.0011956587147451995,0.9058737440531868,0.2368865270275785,20,2.475089836103608,24.52936100959778,0.875,1.0,0.6363636363636364,0.6666666666666666,0.0,4
