models,igd,delta,spacing,onvg,hypervolume,c_A,c_B,c_C,c_D,c_E,score
A,0.04960871877599694,0.8311157517798016,0.040187083997794186,6,0.1770401197582783,0.0,0.0,0.0,0.0,0.0,0
B,0.028744326681685816,0.6233556068962057,0.021417137729554742,14,0.37417935510818817,1.0,0.0,0.3076923076923077,0.23076923076923078,0.0,1
C,0.02990784439506667,0.6724833930982067,0.030011357729771707,13,0.36502821130414764,1.0,0.42857142857142855,0.0,0.07692307692307693,0.0,2
D,0.023960561019901905,0.6851025003515727,0.06757506889889507,13,0.48229286830392903,1.0,0.5,0.6153846153846154,0.0,0.0,3
E,0.01695051976314644,0.6437441339038179,0.11782196210669496,20,0.8069678073792511,1.0,0.7857142857142857,0.7692307692307693,0.7692307692307693,0.0,4
