models,igd,delta,spacing,onvg,hypervolume,c_A,c_B,c_C,c_D,c_E,c_F,score
A,0.7017834558563155,0.7578947453736219,0.5164429669049643,6,0.013810545662103775,0.0,0.0,0.0,0.0,0.0,0.0,0
B,0.29580400605693213,0.3157895435478767,8.353540400031884e-05,14,0.029188983133279535,1.0,0.0,0.3076923076923077,0.23076923076923078,0.0,0.0,1
C,0.2692582614957819,0.4122807410788633,0.00011705629968918736,13,0.028475120707413946,1.0,0.42857142857142855,0.0,0.07692307692307693,0.0,0.0,2
D,0.3774917277458153,0.41228072879140637,0.0002635697987332647,13,0.037622702070652894,1.0,0.5,0.6153846153846154,0.0,0.0,0.0,3
E,6.643882707431054e-05,6.552199760940866e-06,0.0004588341242815733,20,0.06292524502770602,1.0,0.7857142857142857,0.7692307692307693,0.6923076923076923,0.0,0.0,4
F,6.625188043664236e-05,6.552236006993495e-06,0.0004595527810009841,20,0.06294994471804062,1.0,0.7857142857142857,0.7692307692307693,0.7692307692307693,0.3,0.0,5
