models,igd,delta,spacing,onvg,hypervolume,time,c_A,c_B,c_C,c_D,c_E,score
A,0.043171280838251974,0.7858592935183725,0.026017173373360607,6,0.23302315937656115,13.070653915405273,0.0,0.0,0.0,0.0,0.0,0
B,0.04903330715245114,0.7927040440198845,0.017050547696908752,8,0.19817200134311724,24.557862997055054,1.0,0.0,0.0,0.0,0.0,1
C,0.05544564459747542,0.8284382216644532,0.00046535023523099756,7,0.16284847971136193,17.623682975769043,1.0,1.0,0.0,0.23076923076923078,0.05,2
D,0.034516163116174295,0.6729901281664089,0.0006909207397789847,13,0.3219031164750433,21.18029260635376,1.0,0.75,0.2857142857142857,0.0,0.05,3
E,0.01698184657712997,0.6436323984216349,0.11766791354609316,20,0.8066864752875358,25.957370281219482,1.0,1.0,0.7142857142857143,0.5384615384615384,0.0,4
