models,delta,spacing,onvg,hypervolume,time,c_Prufer,c_NetKeys,c_Prim,c_Kruskal,c_GPrim,score
Prufer,0.9188100183736374,0.024949991898559985,3,0.08299943149794213,97.41375017166138,0.0,0.5,0.0,0.5,0.0,1
NetKeys,0.8777750268314115,0.0,2,0.17403497306059365,151.69152855873108,0.6666666666666666,0.0,0.0,0.0,0.0,1
Prim,0.8702938558747484,0.0,2,0.2472333359513282,107.41283893585205,0.0,0.5,0.0,0.5,0.0,1
Kruskal,0.8626951302129173,0.0,2,0.2474915939209109,118.51391267776489,0.0,0.5,0.5,0.0,0.0,1
GPrim,0.9249253458607413,0.45126577748551416,6,3.3192578324691415,228.90824627876282,1.0,1.0,1.0,1.0,0.0,4
