models,delta,spacing,onvg,hypervolume,c_A,c_B,c_C,c_D,c_E,c_F,score
A,0.7909382591798187,0.08118600748109514,5,0.34242874640483656,0.0,0.0,0.0,0.0,0.0,0.0,0
B,0.484892570375882,0.17812300244862644,12,5.093001182650681,1.0,0.0,0.35714285714285715,0.2,0.0,0.05,2
C,0.32769712886675284,0.049342163585643466,14,-1.980027975411101,1.0,0.25,0.0,0.0,0.0,0.1,1
D,0.2894835509150972,0.11751733855364345,15,1.6420059329617551,1.0,0.4166666666666667,0.5714285714285714,0.0,0.05,0.2,3
E,0.2819336713498043,0.4574605442720282,20,26.26961091250637,1.0,0.6666666666666666,0.5714285714285714,0.26666666666666666,0.0,0.4,5
F,0.28250161121215284,0.45140663161285804,20,25.886129633853017,1.0,0.5,0.5,0.2,0.0,0.0,3
