models,igd,delta,spacing,onvg,hypervolume,c_A,c_B,c_C,c_D,c_E,score
A,0.9273618514745662,0.789473693191936,8.118600748112209e-05,5,0.008934667906404837,0.0,0.0,0.0,0.0,0.0,0
B,0.39051250141099075,0.4641148612305971,0.28864914291178156,12,0.03067354176977146,1.0,0.0,0.2727272727272727,0.14285714285714285,0.0,2
C,0.46097722527572105,0.47368424277197874,5.5520671529591236e-05,11,0.020383723094089472,1.0,0.25,0.0,0.0,0.0,1
D,0.7664854881765097,0.719298261561863,9.477868891049448e-05,7,0.016185922287746773,1.0,0.5833333333333334,0.8181818181818182,0.0,0.3125,4
E,0.2738612824040667,0.21052740194150865,4.3975386144904414e-05,16,0.029641409096715213,1.0,0.75,0.7272727272727273,0.14285714285714285,0.0,3
