models,igd,delta,spacing,onvg,hypervolume,c_A,c_B,c_C,c_D,c_E,score
A,0.9273618514745662,0.789473693191936,8.118600748112209e-05,5,0.008934667906404837,0.0,0.0,0.0,0.0,0.0,0
B,0.5937171190084667,0.4210527089174639,0.00023017672131190987,12,0.03190204031822265,1.0,0.0,0.375,0.23076923076923078,0.1,1
C,0.6982120040572585,0.6315789697811007,7.011909499344014e-06,8,0.014738572965307674,1.0,0.4166666666666667,0.0,0.07692307692307693,0.0,2
D,0.331662493821789,0.3684210956222613,0.0001677759889040832,13,0.027923913616442364,1.0,0.4166666666666667,0.875,0.0,0.0,3
E,0.0001929451026709119,6.165311104909224e-06,0.00045614099345319553,20,0.06289266722197251,1.0,0.8333333333333334,1.0,0.5384615384615384,0.0,4
