models,delta,spacing,onvg,hypervolume,c_A,c_B,c_C,c_D,c_E,score
A,0.9748743724709094,2.699173701310191,7,0.5573894502626262,0.0,0.0,0.0,0.0,0.0,0
B,0.9381522974302894,1.791287213184121,14,1.646603900749926,0.7142857142857143,0.0,0.0,0.0,0.0,1
C,0.9195979936084404,0.6666663748972681,10,0.6203810792917335,1.0,0.6428571428571429,0.0,0.2631578947368421,0.0,2
D,0.9179229533647184,0.6967293819322969,19,1.183824742643802,1.0,1.0,0.5,0.0,0.0,3
E,0.5854272124387325,1.0262886523970636,73,2.696866735519306,1.0,0.7142857142857143,1.0,0.7368421052631579,0.0,4
