models,delta,spacing,onvg,hypervolume,c_A,c_B,c_C,c_D,c_E,score
A,0.9748743724709094,2.699173701310191,7,0.5573894502626262,0.0,0.0,0.0,0.0,0.0,0
B,0.9151018024440117,1.761378402523485,20,1.790059490452537,0.2857142857142857,0.0,0.0,0.0,0.0,1
C,0.9095477424762253,1.9861348957075777,9,0.6558663113829915,1.0,0.45,0.0,0.3333333333333333,0.0,3
D,0.8492462396104126,1.2761494191139535,21,1.241077199630851,0.7142857142857143,0.8,0.1111111111111111,0.0,0.0,2
E,0.8820770569595815,0.17963644961930755,31,0.8988291717366756,1.0,0.55,1.0,0.5714285714285714,0.0,4
