models,igd,delta,spacing,onvg,hypervolume,c_A,c_B,c_C,c_D,c_E,score
A,0.8381527417851432,0.8157894786904156,9.591314030492924e-05,5,0.010425942751995178,0.0,0.0,0.0,0.0,0.0,0
B,0.7245688433478681,0.6184210345536494,0.0005203944294151664,9,0.029587085157048575,0.8,0.0,0.1111111111111111,0.1,0.0,1
C,0.7382411614507718,0.5789474010275029,8.174116803380717e-05,9,0.018505195531129653,1.0,0.7777777777777778,0.0,0.3,0.058823529411764705,2
D,0.8455767311204617,0.5263159017823335,0.0005526804794096743,10,0.03678008826254998,0.8,0.7777777777777778,0.4444444444444444,0.0,0.058823529411764705,3
E,0.12247451621760456,0.20394846677287637,0.00015086733281932186,17,0.03895894656111185,1.0,1.0,0.7777777777777778,0.8,0.0,4
