models,igd,delta,spacing,onvg,hypervolume,time,c_Prufer,c_NetKeys,c_Prim,c_Kruskal,c_GPrim,score
Prufer,0.046638193368140235,0.826902841816517,0.036105926409094546,7,0.6552428012457379,15.955771207809448,0.0,0.125,0.09090909090909091,0.0,0.0,0
NetKeys,0.04930378937158781,0.7776795444947859,0.0346867435697831,8,0.7743584768979679,20.510528326034546,0.42857142857142855,0.0,0.2727272727272727,0.0,0.0,2
Prim,0.04219085403847571,0.7073267617083341,0.0010511051724407087,11,0.6557569574984775,16.304287433624268,0.5714285714285714,0.25,0.0,0.0,0.0,1
Kruskal,0.049782530982450175,0.7946068290830112,0.012718221560223895,8,0.6596345131044203,18.423553228378296,1.0,0.5,0.6363636363636364,0.0,0.0,3
GPrim,0.00042194875871578953,0.596912246228821,0.0928126805892648,20,0.8252555089230832,22.379605293273926,1.0,1.0,0.6363636363636364,0.25,0.0,4
