models,igd,delta,spacing,onvg,hypervolume,c_A,c_B,c_C,c_D,c_E,score
A,0.7017834527912318,0.7578947425688102,0.5163480985076991,6,0.016447267909775885,0.0,0.0,0.0,0.0,0.0,0
B,0.7382411605384396,0.5789473980833842,8.649939504470542e-05,9,0.02000285247454963,1.0,0.0,0.4,0.09090909090909091,0.0,2
C,0.5500000116877996,0.5263158178496562,9.547902239798951e-05,10,0.020649974032012998,1.0,0.3333333333333333,0.0,0.18181818181818182,0.0,1
D,0.595818769368399,0.5157895198259694,0.3014647845288067,11,0.030125923868807622,1.0,0.6666666666666666,0.5,0.0,0.0,3
E,0.05000004692211368,0.05263293096405315,0.00013463087660313454,19,0.04375737087039338,1.0,1.0,0.9,1.0,0.0,4
