models,igd,delta,spacing,onvg,hypervolume,time,c_Prufer,c_NetKeys,c_Prim,c_Kruskal,c_GPrim,score
Prufer,0.09561341727594574,0.804241795630437,0.00645674461980915,8,0.591369330310095,17.320271015167236,0.0,0.1111111111111111,0.0,0.09090909090909091,0.0,0
NetKeys,0.08132970125026011,0.7433771514614372,0.0624900304841188,9,0.6719158796877283,21.941590547561646,0.5,0.0,0.09090909090909091,0.18181818181818182,0.0,1
Prim,0.085819547007328,0.7300073425659543,0.03975029022676513,11,0.6279391398418698,17.086950540542603,1.0,0.5555555555555556,0.0,0.5454545454545454,0.0,3
Kruskal,0.09153276760288925,0.7221547686288231,0.007684551908776225,11,0.6313060761964291,19.944170713424683,0.75,0.5555555555555556,0.18181818181818182,0.0,0.0,2
GPrim,0.0006909345640837713,0.9113987655912632,0.23712649488808293,20,2.475767317729943,24.031128883361816,1.0,0.8888888888888888,0.6363636363636364,0.6363636363636364,0.0,4
