models,igd,delta,spacing,onvg,hypervolume,time,c_Prufer,c_NetKeys,c_Prim,c_Kruskal,c_GPrim,score
Prufer,0.03427834056928316,0.7253889874321171,0.048326581318914784,10,1.117713964015749,19.13713240623474,0.0,0.16666666666666666,0.0625,0.18181818181818182,0.0,0
NetKeys,0.023475979699715432,0.6928923973171465,0.06701594364316459,12,1.3083297184149352,22.182950019836426,0.7,0.0,0.25,0.2727272727272727,0.0,1
Prim,0.030194907868545257,0.583805143714733,0.028020098949492207,16,1.0569251738079535,19.47733187675476,0.7,0.25,0.0,0.18181818181818182,0.0,1
Kruskal,0.03390239179746491,0.7164850404065042,0.047182161766731595,11,1.0780820755319795,21.349671602249146,0.8,0.4166666666666667,0.5,0.0,0.0,3
GPrim,0.01699242382744457,0.6443224226771656,0.1176478219117646,20,1.433644666798917,25.39333438873291,1.0,0.75,0.625,0.5454545454545454,0.0,4
