models,igd,delta,spacing,onvg,hypervolume,time,c_A,c_B,c_C,c_D,c_E,score
A,0.04857556874870575,0.8319674824809524,0.03894569915011042,6,0.18602280327482265,13.115915060043335,0.0,0.0,0.0,0.0,0.0,0
B,0.023475979699715432,0.6928923973171465,0.06701594364316459,12,0.4975706807556275,22.182950019836426,1.0,0.0,0.25,0.0,0.0,1
C,0.030194907868545257,0.583805143714733,0.028020098949492207,16,0.41091791478583817,19.47733187675476,1.0,0.25,0.0,0.09090909090909091,0.0,1
D,0.04025208779379669,0.7141587897387983,0.001841885960489326,11,0.26068459126824145,20.72480583190918,1.0,0.5833333333333334,0.5625,0.0,0.05,3
E,0.01699242382744457,0.6443224226771656,0.1176478219117646,20,0.8066350880973341,25.39333438873291,1.0,0.75,0.625,0.36363636363636365,0.0,4
