models,igd,delta,spacing,onvg,hypervolume,c_A,c_B,c_C,c_D,c_E,c_F,score
A,0.7017834527896317,0.7578947425358987,0.5163470012938043,6,0.016450455225842195,0.0,0.0,0.0,0.0,0.0,0.0,0
B,0.4183300254758634,0.5157894994735549,0.00013499970517843912,11,0.025993658019389486,1.0,0.0,0.3125,0.36363636363636365,0.0,0.0,2
C,0.19364919897185956,0.2105263822510507,6.145122483399407e-06,16,0.03170485664490369,1.0,0.18181818181818182,0.0,0.0,0.0,0.0,1
D,0.7158910564765316,0.47368428341326885,0.00020314063547695495,11,0.02906686352666124,1.0,0.36363636363636365,0.5625,0.0,0.0,0.0,2
E,6.647936771160845e-05,6.528488578143295e-06,0.00045869202701751417,20,0.062926241827856,1.0,0.6363636363636364,0.5625,0.8181818181818182,0.0,0.25,5
F,6.649945113405496e-05,6.5522984858552494e-06,0.00045863354053111787,20,0.06291736847221373,1.0,0.6363636363636364,0.5625,0.8181818181818182,0.15,0.0,4
