models,igd,delta,spacing,onvg,hypervolume,c_A,c_B,c_C,c_D,c_E,score
A,0.04585122583089697,0.7796205211386733,0.02029122150623283,6,0.21088164323969583,0.0,0.0,0.0,0.0,0.0,0
B,0.03220169588799731,0.6967958437479436,0.03461175909610679,11,0.333217849699896,1.0,0.0,0.3125,0.36363636363636365,0.0,2
C,0.028994920584597506,0.5903412897503413,0.001575510840781927,16,0.4064308358745729,1.0,0.18181818181818182,0.0,0.0,0.0,1
D,0.039889480721579884,0.7162582489844095,0.05208200068632518,11,0.37261387968748383,1.0,0.36363636363636365,0.5625,0.0,0.0,2
E,0.01699954380121969,0.6438049345416426,0.11758628359427058,20,0.8065502060328906,1.0,0.6363636363636364,0.5625,0.8181818181818182,0.0,4
