models,igd,delta,spacing,onvg,hypervolume,time,c_Prufer,c_NetKeys,c_Prim,c_Kruskal,c_GPrim,score
Prufer,0.0495125690259975,0.7935255603334331,0.0025438269409195457,8,0.6572002965597468,17.320271015167236,0.0,0.1111111111111111,0.0,0.09090909090909091,0.0,0
NetKeys,0.05060370887654969,0.7638786772265923,0.024619809585884535,9,0.779836737084244,21.941590547561646,0.5,0.0,0.09090909090909091,0.18181818181818182,0.0,1
Prim,0.03993703455488317,0.7092966393082865,0.015660811313179267,11,0.7019089718221444,17.086950540542603,1.0,0.5555555555555556,0.0,0.5454545454545454,0.0,3
Kruskal,0.041824174782596174,0.710059070472846,0.0030275582085849185,11,0.7032354767269244,19.944170713424683,0.75,0.5555555555555556,0.18181818181818182,0.0,0.0,2
GPrim,0.0002722142599749846,0.5990605741952542,0.0934230485516645,20,0.8261572744673286,24.031128883361816,1.0,0.8888888888888888,0.6363636363636364,0.6363636363636364,0.0,4
