models,delta,spacing,onvg,hypervolume,time,c_Prufer,c_NetKeys,c_Prim,c_Kruskal,c_GPrim,score
Prufer,0.9795564126752608,0.0018691780726057573,8,0.5179682904655787,514.6065399646759,0.0,0.09090909090909091,0.0,0.0,0.0,0
NetKeys,0.9532729484801558,0.01566932148043355,11,0.6012904306392252,1508.6314570903778,0.5,0.0,0.0,0.0,0.0,1
Prim,0.9716625638793602,0.0,2,0.5675428012609428,296.3247616291046,0.375,0.2727272727272727,0.0,0.0,0.0,2
Kruskal,0.9891566490937382,0.021685511534232687,3,0.6217554694917458,482.1584107875824,0.375,0.5454545454545454,0.5,0.0,0.0,3
GPrim,0.9380048829308746,0.0026434332280880638,22,0.7825081040477987,752.8252005577087,1.0,1.0,1.0,1.0,0.0,4
