models,delta,spacing,onvg,hypervolume,time,c_Prufer,c_NetKeys,c_Prim,c_Kruskal,c_GPrim,score
Prufer,0.976857567054678,0.012492169715882758,7,0.48104920152631014,569.9462614059448,0.0,0.5,0.0,0.0,0.0,1
NetKeys,0.9615558874983542,0.019264147475869926,4,0.5519447010139329,1484.97385263443,0.14285714285714285,0.0,0.0,0.0,0.0,0
Prim,0.972942938640042,0.020210020159872055,5,0.5149183293670783,285.08284878730774,0.7142857142857143,0.5,0.0,0.0,0.0,2
Kruskal,0.9842104665628518,0.07826511886488045,3,0.569621167831058,476.8494589328766,0.14285714285714285,0.25,0.0,0.0,0.0,2
GPrim,0.9381521840745639,0.002630470024073858,23,0.7461411773047354,731.0287351608276,1.0,1.0,1.0,1.0,0.0,4
