models,delta,spacing,onvg,hypervolume,time,c_Prufer,c_NetKeys,c_Prim,c_Kruskal,c_GPrim,score
Prufer,0.9771559361064833,0.009097680570576116,6,0.512871751753744,644.3591592311859,0.0,0.0,0.0,0.0,0.0,0
NetKeys,0.9745510675091631,0.005875084588712406,11,0.6474590742691273,1517.097207069397,1.0,0.0,1.0,1.0,0.0,3
Prim,0.9747606205535413,0.008575066317976944,5,0.5446690535946018,309.55371046066284,0.5,0.0,0.0,0.0,0.0,1
Kruskal,0.9842602234564126,0.020232669937447344,4,0.5955930957348313,471.32344007492065,0.5,0.0,0.8,0.0,0.0,2
GPrim,0.9321988654625784,0.0030683217833854283,26,0.7680353730379169,549.2970721721649,1.0,1.0,1.0,1.0,0.0,4
