models,igd,delta,spacing,onvg,hypervolume,c_A,c_B,c_C,c_D,c_E,score
A,0.6782330170213441,0.7578947284290292,0.5162458117692962,6,0.01750463012027136,0.0,0.0,0.0,0.0,0.0,0
B,0.852936109895561,0.6691729604696733,0.00010212051240979444,8,0.020402178004292896,1.0,0.0,0.4,0.6666666666666666,0.05,3
C,0.6204836871553543,0.5263158264679806,8.31767065786671e-05,10,0.020831158903346407,1.0,0.25,0.0,0.5555555555555556,0.05,2
D,0.6224949866405541,0.61842106731356,0.00019788941763681294,9,0.02242356578972502,1.0,0.125,0.2,0.0,0.05,1
E,0.0001925751662702743,6.3660395577683215e-06,0.00045652796726855255,20,0.06288210615643872,1.0,0.625,0.7,0.6666666666666666,0.0,4
