models,delta,spacing,onvg,hypervolume,c_A,c_B,c_C,c_D,c_E,c_F,score
A,0.7517235389791468,0.41471787375555375,6,1.2655798799202351,0.0,0.0,0.0,0.0,0.0,0.0,0
B,0.5460950476558586,0.1387207879130948,10,4.208183847262696,1.0,0.0,0.25,0.26666666666666666,0.05,0.05,1
C,0.4443430658939685,0.16957507194947805,12,2.515681974196152,1.0,0.6,0.0,0.26666666666666666,0.1,0.2,3
D,0.2938579590045789,0.06915044486625467,15,1.318204784226646,1.0,0.5,0.16666666666666666,0.0,0.05,0.0,2
E,0.2823084901684875,0.4583751529562563,20,26.295005773117108,1.0,0.8,0.25,0.4666666666666667,0.0,0.2,4
F,0.28179776725767924,0.4561639637205429,20,26.255447203000866,1.0,0.8,0.25,0.4,0.25,0.0,5
