models,delta,spacing,onvg,hypervolume,c_A,c_B,c_C,c_D,c_E,c_F,score
A,0.7477031036969859,0.3766937055661398,6,2.4656998799202334,0.0,0.0,0.0,0.0,0.0,0.0,0
B,0.5540509164244313,0.1909129226211775,10,5.778188636884224,1.0,0.0,0.3333333333333333,0.23076923076923078,0.05,0.1,1
C,0.5909271762906284,0.14034766975593402,9,3.216917397394159,1.0,0.6,0.0,0.23076923076923078,0.15,0.25,3
D,0.40036050820846514,0.14508611996994458,13,3.308106408447003,1.0,0.6,0.2222222222222222,0.0,0.1,0.1,2
E,0.2813949559160059,0.45568641344242633,20,26.242791641952223,1.0,0.8,0.5555555555555556,0.6153846153846154,0.0,0.25,4
F,0.2816656129699552,0.4558290593115703,20,26.06424692799085,1.0,0.7,0.3333333333333333,0.46153846153846156,0.25,0.0,4
