models,igd,delta,spacing,onvg,hypervolume,time,c_A,c_B,c_C,c_D,c_E,score
A,0.05212774535261651,0.8856844183161334,0.021899525369280505,5,0.16245444125267477,12.016398668289185,0.0,0.1111111111111111,0.0,0.1,0.0,0
B,0.0321505260145679,0.7601549879268052,0.06776392778178447,9,0.36264332071345473,23.41683006286621,0.8,0.0,0.21428571428571427,0.2,0.05,1
C,0.03460498135243858,0.6255243346135527,0.017521488143677138,14,0.34805970845371464,16.46510338783264,0.8,0.6666666666666666,0.0,0.3,0.0,3
D,0.04035743129336365,0.7393583153643275,0.020333837324835576,10,0.2762330472489128,19.067775011062622,0.8,0.6666666666666666,0.2857142857142857,0.0,0.05,2
E,0.01683246011063121,0.64230491252405,0.11758499883369115,20,0.8066172164400478,23.79340434074402,1.0,0.8888888888888888,0.7142857142857143,0.7,0.0,4
