models,igd,delta,spacing,onvg,hypervolume,time,c_Prufer,c_NetKeys,c_Prim,c_Kruskal,c_GPrim,score
Prufer,0.09812015139634257,0.8325011880011973,0.004863315423878946,7,0.5863712556257872,15.891766786575317,0.0,0.2222222222222222,0.0,0.0,0.0,0
NetKeys,0.08209669935964257,0.7439841988720162,0.046433817448634986,9,0.6396984052501852,23.03844451904297,0.5714285714285714,0.0,0.42857142857142855,0.3333333333333333,0.0,2
Prim,0.09810683327239533,0.8326182486122322,0.03516088579213556,7,0.5973125539984692,17.748262882232666,0.8571428571428571,0.3333333333333333,0.0,0.2222222222222222,0.0,1
Kruskal,0.0827540030901622,0.7921249501558145,0.06793705535638024,9,0.6174745668901518,18.47143840789795,0.8571428571428571,0.4444444444444444,0.5714285714285714,0.0,0.0,3
GPrim,0.0009733000335895913,0.9135151895667607,0.23673747780080417,20,2.487096091306587,22.537899017333984,1.0,0.7777777777777778,0.8571428571428571,0.7777777777777778,0.0,4
