models,igd,delta,spacing,onvg,hypervolume,time,c_Prufer,c_NetKeys,c_Prim,c_Kruskal,c_GPrim,score
Prufer,0.05106288959343504,0.778627788363296,0.032169760017471065,9,0.6441001129100515,16.790196418762207,0.0,0.2222222222222222,0.0,0.0,0.0,0
NetKeys,0.03726740520319301,0.7601549879268052,0.06776392778178447,9,0.7082721649976644,23.41683006286621,0.6666666666666666,0.0,0.21428571428571427,0.1,0.05,1
Prim,0.0435753407114092,0.6255243346135527,0.017521488143677138,14,0.6891351689202054,16.46510338783264,0.7777777777777778,0.6666666666666666,0.0,0.2,0.0,2
Kruskal,0.051598924554238965,0.7381619697412237,0.015220931982113646,10,0.6493826126168417,19.30465793609619,1.0,0.5555555555555556,0.5,0.0,0.05,3
GPrim,0.000238377297191019,0.64230491252405,0.11758499883369115,20,0.7940676279238046,23.79340434074402,1.0,0.8888888888888888,0.7142857142857143,0.4,0.0,4
