models,igd,delta,spacing,onvg,hypervolume,c_A,c_B,c_C,c_D,c_E,score
A,0.7599342209427029,0.68421054043252,7.536938972383157e-07,7,0.012226276141391969,0.0,0.0,0.0,0.0,0.0,0
B,0.377491728920731,0.41228074507726503,0.27731862085719255,13,0.03517283453324429,1.0,0.0,0.3333333333333333,0.3333333333333333,0.05263157894736842,1
C,0.6041523119275527,0.5789473916145622,8.421368797719133e-05,9,0.017606405216595192,1.0,0.46153846153846156,0.0,0.3333333333333333,0.0,2
D,0.6519202524350327,0.578947396649374,6.5006115385676e-05,9,0.017600933860722954,1.0,0.38461538461538464,0.4444444444444444,0.0,0.0,3
E,0.0500000357189168,0.05263293048277453,0.00020050781186417484,19,0.04558469976730413,1.0,0.8461538461538461,1.0,1.0,0.0,4
