models,igd,delta,spacing,onvg,hypervolume,c_A,c_B,c_C,c_D,c_E,c_F,score
A,0.7599342208846488,0.6842105404149725,4.447910953879833e-06,7,0.012262005427857384,0.0,0.0,0.0,0.0,0.0,0.0,0
B,0.5937171089518819,0.4210527081020366,0.0001793290154320375,12,0.030336723496404334,0.8571428571428571,0.0,0.5833333333333334,0.4,0.05,0.0,2
C,0.41533120523404915,0.42105267180703226,0.0001584001145265987,12,0.027392660546812553,0.8571428571428571,0.25,0.0,0.1,0.0,0.0,1
D,0.8455767290487761,0.5263158710819358,0.00043136245433872395,10,0.033384811652011584,0.8571428571428571,0.5,0.5,0.0,0.15,0.05,3
E,6.59039926432957e-05,6.503232590914632e-06,0.00045814791867092785,20,0.0629110412823641,1.0,0.8333333333333334,1.0,0.6,0.0,0.1,4
F,6.576591912065746e-05,6.503187385007162e-06,0.000458205523082008,20,0.06292894266576707,1.0,0.9166666666666666,1.0,0.8,0.2,0.0,5
