models,delta,spacing,onvg,hypervolume,time,c_Prufer,c_NetKeys,c_Prim,c_Kruskal,c_GPrim,score
Prufer,0.948075010568244,0.009469575310617701,9,0.6546411377345184,64.97051739692688,0.0,0.0,0.0,0.0,0.0,0
NetKeys,0.9785784563021052,0.0016402613170783326,8,0.7039323334987365,131.21482348442078,1.0,0.0,0.6363636363636364,0.5555555555555556,0.0,3
Prim,0.9142918095083817,0.008371353868204786,11,0.6980861839570423,68.21996140480042,1.0,0.0,0.0,0.0,0.0,1
Kruskal,0.9547142467835651,0.002306910973517649,9,0.7228159812351432,101.81456470489502,1.0,0.375,0.7272727272727273,0.0,0.0,2
GPrim,0.9387880586365389,0.062279928983854586,73,0.9397239511921559,106.53115749359131,1.0,1.0,1.0,1.0,0.0,4
