models,delta,spacing,onvg,hypervolume,time,c_Prufer,c_NetKeys,c_Prim,c_Kruskal,c_GPrim,score
Prufer,0.9628131486657076,0.01098951723135645,6,0.45211011910321447,57.26293754577637,0.0,0.0,0.0,0.0,0.0,0
NetKeys,0.9225409184283343,0.02990571497604303,6,0.619214244237935,127.2465226650238,1.0,0.0,0.0,0.0,0.0,1
Prim,0.987719840583401,0.04801608517331155,3,0.6039249455982221,64.85587906837463,1.0,0.8333333333333334,0.0,0.25,0.0,2
Kruskal,0.9347317381749727,0.009103484802925159,8,0.6410904732458682,79.77506995201111,1.0,1.0,0.6666666666666666,0.0,0.0,3
GPrim,0.8004658446150373,0.006516124335962133,42,0.8475721806955866,119.02330160140991,1.0,1.0,1.0,1.0,0.0,4
