models,delta,spacing,onvg,hypervolume,c_A,c_B,c_C,c_D,c_E,score
A,0.9393939363596716,0.9757372355405874,7,0.15449610777538203,0.0,0.0,0.0,0.0,0.0,0
B,0.8973064000968227,0.7678710054089153,13,0.28099800098070543,1.0,0.0,0.3,0.5294117647058824,0.0,2
C,0.9360269101702747,0.31613502697146145,10,0.24671711430693716,1.0,0.3076923076923077,0.0,0.29411764705882354,0.0,2
D,0.838383851357905,0.8702406224763692,17,0.3280108885229065,1.0,0.46153846153846156,0.4,0.0,0.0,2
E,0.7647907832937034,0.5976138161978642,22,0.37770206745830703,1.0,0.8461538461538461,1.0,0.8235294117647058,0.0,4
