models,delta,spacing,onvg,hypervolume,c_A,c_B,c_C,c_D,c_E,score
A,0.939393938690046,0.9757762494744232,7,0.14839549777538205,0.0,0.0,0.0,0.0,0.0,0
B,0.8888888986542104,0.5271105665741989,9,0.20858246968466387,1.0,0.0,0.8,0.2,0.0,3
C,0.9225589197757105,0.421620921864637,10,0.1659669137763569,1.0,0.0,0.0,0.0,0.0,1
D,0.9393939466021776,2.5820548246275736,15,0.3424063978884916,1.0,0.1111111111111111,0.3,0.0,0.0,2
E,0.6098485436243848,0.3438028839150236,49,0.6635660426366011,1.0,1.0,1.0,0.8666666666666667,0.0,4
