models,delta,spacing,onvg,hypervolume,time,c_Prufer,c_NetKeys,c_Prim,c_Kruskal,c_GPrim,score
Prufer,0.9593920714250217,0.009154269558565686,6,0.42954691714198484,234.09023070335388,0.0,0.2,0.0,0.0,0.0,1
NetKeys,0.8129594759277794,0.0188635755089968,30,0.5903262388854508,1218.9516549110413,0.0,0.0,0.0,0.0,0.0,0
Prim,0.9852297992193044,0.00530897078766434,9,0.5627999127618833,190.09200429916382,1.0,0.6333333333333333,0.0,1.0,0.0,3
Kruskal,0.9757968745905736,0.006220582454321309,8,0.5621139237455803,340.842218875885,1.0,0.6333333333333333,0.0,0.0,0.0,2
GPrim,0.8034747965137556,0.0011366808938371603,78,0.6998249992038308,282.2154173851013,1.0,1.0,1.0,1.0,0.0,4
