models,igd,delta,spacing,onvg,hypervolume,c_A,c_B,c_C,c_D,c_E,score
A,0.703562386316521,0.789473691145465,0.894413329798861,5,0.014380753900750989,0.0,0.0,0.0,0.0,0.0,0
B,0.4213075152326177,0.6081871554469249,0.6324282332495219,10,0.024925211434888926,1.0,0.0,0.0,0.0,0.0,1
C,0.5545268497316108,0.6766917479239,0.4629407715821284,8,0.01923695050535207,1.0,0.9,0.0,0.2,0.0,2
D,0.5147815297303191,0.567251490264442,9.791835429443985e-05,10,0.022524449306003308,1.0,1.0,0.375,0.0,0.0,3
E,4.3943920597371523e-05,6.365234323350734e-06,0.00045581942832417696,20,0.06286385545258558,1.0,1.0,1.0,0.9,0.0,4
