models,delta,spacing,onvg,hypervolume,time,c_Prufer,c_NetKeys,c_Prim,c_Kruskal,c_GPrim,score
Prufer,0.9367992092703338,0.0095962616636131,10.9,0.737330834323471,63.00632438659668,0.0,0.0579004329004329,0.00909090909090909,0.0,0.0,0.0
NetKeys,0.9411485182801741,0.0084375916615444,11.8,0.7881262305768738,129.30300481319426,0.8994444444444444,0.0,0.30561771561771556,0.15023310023310021,0.0,1.6
Prim,0.9448015848244914,0.00825287389867672,10.9,0.732837497052942,68.19781286716461,0.9201587301587303,0.4267739205239205,0.0,0.13703865578865576,0.0,1.9
Kruskal,0.9225635533033403,0.00963636111393339,15.2,0.8900305795030976,84.39708096981049,0.8177777777777777,0.48220390720390716,0.28061771561771565,0.0,0.0,2.4
GPrim,0.757620319347591,0.02541119483822409,71.8,0.9639733507945474,98.81164917945861,1.0,1.0,1.0,1.0,0.0,4.0
