models,igd,delta,spacing,onvg,hypervolume,c_A,c_B,c_C,c_D,c_E,c_F,score
A,0.6745368903682498,0.6315789643119086,9.928053560201566e-05,8,0.015123680639662544,0.0,0.0,0.0,0.0,0.0,0.0,0
B,0.6020797360632932,0.4736842579728473,0.00013186964778855563,11,0.02516122188607834,0.875,0.0,0.0625,0.0,0.0,0.0,1
C,0.27386130422941585,0.21052739883690508,7.407509212438818e-05,16,0.03072570357427322,1.0,0.6363636363636364,0.0,0.3333333333333333,0.0,0.0,3
D,0.390512496224921,0.4641148806282068,8.829633060552876e-05,12,0.027492883607101615,1.0,0.8181818181818182,0.1875,0.0,0.05,0.05,2
E,6.634771588645059e-05,6.4580429619443555e-06,0.0004583605385669196,20,0.06288393895269123,1.0,1.0,0.375,0.6666666666666666,0.0,0.15,4
F,6.629096266935118e-05,6.458646952898236e-06,0.0004585444691219531,20,0.062891284790867,1.0,1.0,0.375,0.6666666666666666,0.2,0.0,5
