models,igd,delta,spacing,onvg,hypervolume,c_A,c_B,c_C,c_D,c_E,score
A,0.6745368904245352,0.6315789642914073,9.849248008642057e-05,8,0.015089875861860813,0.0,0.0,0.0,0.0,0.0,0
B,0.6020797384505789,0.4736842725976726,0.00036195799408999055,11,0.03266684123497788,1.0,0.0,0.25,0.16666666666666666,0.05,1
C,0.33541021541051985,0.46411485857218593,0.28866544761454954,12,0.02626618717919653,1.0,0.36363636363636365,0.0,0.16666666666666666,0.0,2
D,0.4898979572321074,0.4210526840347078,0.00012938843711478531,12,0.027112973601651956,1.0,0.7272727272727273,0.5,0.0,0.0,3
E,6.663147605381283e-05,6.45692917491218e-06,0.00045700965315406694,20,0.062846749528517,1.0,0.9090909090909091,0.9166666666666666,1.0,0.0,4
