models,igd,delta,spacing,onvg,hypervolume,time,c_Prufer,c_NetKeys,c_Prim,c_Kruskal,c_GPrim,score
Prufer,0.09838139528853303,0.746407494608308,0.020107462320176003,5,0.5948196092057407,18.260789155960083,0.0,0.2222222222222222,0.25,0.14285714285714285,0.0,0
NetKeys,0.05435504906924108,0.9307255779864728,0.24543185518635122,9,1.045300144185746,22.15875816345215,0.6,0.0,0.25,0.2857142857142857,0.0,1
Prim,0.09511795032227835,0.79214558807623,0.03354785008568664,8,0.5966149857303766,17.400221586227417,0.6,0.3333333333333333,0.0,0.14285714285714285,0.0,2
Kruskal,0.09873471050968917,0.8337842453889764,0.035255647514754906,7,0.5963428861707031,19.714372158050537,0.8,0.3333333333333333,0.375,0.0,0.0,3
GPrim,0.0003803537882682982,0.9135635831472333,0.23711390049223138,20,2.4761997928109705,25.051283359527588,1.0,0.8888888888888888,0.75,0.7142857142857143,0.0,4
