models,igd,delta,spacing,onvg,hypervolume,time,c_A,c_B,c_C,c_D,c_E,score
A,0.05129604385537652,0.7874455123002932,0.058755804844144915,6,0.22738146357895644,13.4943106174469,0.0,0.0,0.0,0.0,0.0,0
B,0.04152708804346748,0.6864151619569109,0.031114497946196074,12,0.33226854596497485,24.466238975524902,1.0,0.0,0.125,0.25,0.0,1
C,0.05430930494814725,0.7958702374351985,0.037086375283262876,8,0.22261810120028766,18.6729633808136,1.0,0.5,0.0,0.25,0.0,2
D,0.05635954777867116,0.792343118294313,0.022977249504897653,8,0.20665610599572148,20.778766870498657,1.0,0.4166666666666667,0.5,0.0,0.0,3
E,0.01101427050541703,0.6432199220861461,0.11767169536619211,20,0.8064376427603563,25.3448805809021,1.0,0.6666666666666666,0.875,0.875,0.0,4
