models,igd,delta,spacing,onvg,hypervolume,time,c_A,c_B,c_C,c_D,c_E,score
A,0.04271960192457515,0.7308692348138863,0.045718001699196646,11,0.3088107265059639,16.923248767852783,0.0,0.08333333333333333,0.0,0.0,0.0,0
B,0.04152708804346748,0.6864151619569109,0.031114497946196074,12,0.33226854596497485,24.466238975524902,0.8181818181818182,0.0,0.125,0.1,0.0,1
C,0.05430930494814725,0.7958702374351985,0.037086375283262876,8,0.22261810120028766,18.6729633808136,0.7272727272727273,0.5,0.0,0.3,0.0,2
D,0.04984690719630881,0.7391048423324819,0.020778554402757304,10,0.25303494210061117,21.05833649635315,1.0,0.5833333333333334,0.625,0.0,0.0,3
E,0.01101427050541703,0.6432199220861461,0.11767169536619211,20,0.8064376427603563,25.3448805809021,1.0,0.6666666666666666,0.875,0.5,0.0,4
