models,igd,delta,spacing,onvg,hypervolume,c_A,c_B,c_C,c_D,c_E,score
A,0.7648529673529697,0.7894737089691565,0.9573204427700779,4,0.024548736288146265,0.0,0.0,0.0,0.0,0.0,0
B,0.6244998298313786,0.6766917491713054,0.35349312874794525,8,0.0464346965734885,1.0,0.0,0.2857142857142857,0.25,0.0,1
C,0.5315073550021208,0.7368421646357278,0.7867629907709074,7,0.03361585618748214,1.0,0.375,0.0,0.25,0.0,2
D,1.1586630451991549,0.8596491505442934,0.00012039355684377927,4,0.01997035878361094,1.0,0.5,0.2857142857142857,0.0,0.0,3
E,0.37080994695172786,0.263162222394951,0.0010342523636449952,15,0.1079080965004743,1.0,1.0,1.0,1.0,0.0,4
