models,delta,spacing,onvg,hypervolume,c_A,c_B,c_C,c_D,c_E,c_F,score
A,0.7910736377913851,0.9673825677710606,4,-0.5968378517753834,0.0,0.0,0.0,0.0,0.0,0.0,0
B,0.7206270147501983,0.15364055849672695,7,2.6976601894913292,1.0,0.0,0.5714285714285714,0.5714285714285714,0.058823529411764705,0.0,3
C,0.7215449310058423,0.1368439428173261,7,2.7417793015170755,1.0,0.14285714285714285,0.0,0.2857142857142857,0.0,0.0,1
D,0.7262555976053161,0.10460269069108742,7,8.673135321369397,1.0,0.14285714285714285,0.42857142857142855,0.0,0.058823529411764705,0.05555555555555555,2
E,0.5619516281616895,0.9781787488982581,17,49.05774854985735,1.0,0.5714285714285714,0.8571428571428571,0.8571428571428571,0.0,0.3333333333333333,4
F,0.5331991063377594,0.9621116384057661,18,48.51751972464008,1.0,0.7142857142857143,0.8571428571428571,0.8571428571428571,0.35294117647058826,0.0,5
