models,delta,spacing,onvg,hypervolume,time,c_Prufer,c_NetKeys,c_Prim,c_Kruskal,c_GPrim,score
Prufer,0.9494782295309452,0.03041800189582468,9,0.6482966987470138,120.92497706413269,0.0,0.0,0.0,0.0,0.0,0
NetKeys,0.9497618122661606,0.03322191943643678,4,0.7016698289631138,130.37460589408875,1.0,0.0,0.2,0.0,0.0,2
Prim,0.9641326895393489,0.00484814948305189,5,0.6714857231101371,104.14333534240723,1.0,0.0,0.0,0.0,0.0,1
Kruskal,0.9908606357957112,0.00013306604069643498,4,0.71730449090489,116.13996243476868,1.0,1.0,0.6,0.0,0.0,3
GPrim,1.1530428860564255,0.2121021879875148,27,3.257805576333201,178.93492221832275,1.0,1.0,1.0,1.0,0.0,4
