models,delta,spacing,onvg,hypervolume,time,c_Prufer,c_NetKeys,c_Prim,c_Kruskal,c_GPrim,score
Prufer,0.9192510257060376,0.01641545235116571,7,0.6789576963726719,58.15173840522766,0.0,0.2,0.0,0.0,0.0,0
NetKeys,0.9518474064075568,0.024395754668472262,10,0.7142167764599584,110.82207989692688,0.7142857142857143,0.0,0.25,0.125,0.0,1
Prim,0.9432728692405894,0.01956617811598576,8,0.703403378807912,69.55969762802124,1.0,0.3,0.0,0.1875,0.0,3
Kruskal,0.9350448246903591,0.03526739929695736,16,0.7841938915182174,80.77431440353394,1.0,0.5,0.125,0.0,0.0,2
GPrim,1.1485022293417682,0.1304977105262776,77,3.2719945138396818,97.26803493499756,1.0,1.0,1.0,1.0,0.0,4
