models,delta,spacing,onvg,hypervolume,time,c_Prufer,c_NetKeys,c_Prim,c_Kruskal,c_GPrim,score
Prufer,0.983164568817779,0.004781062656116798,7,0.415385280272178,236.69353079795837,0.0,0.125,0.0,0.0,0.0,0
NetKeys,0.8943898378470208,0.018723299456853245,24,0.58673875234866,1189.7940759658813,0.2857142857142857,0.0,0.0,0.0,0.0,1
Prim,1.0037850385341507,0.004388427331165989,8,0.5334326751801158,188.77945399284363,1.0,0.625,0.0,0.4444444444444444,0.0,3
Kruskal,0.9864041099787306,0.016449008677597247,9,0.5522587762838774,351.243643283844,1.0,0.7083333333333334,0.125,0.0,0.0,2
GPrim,0.8036603483891438,0.0023521191538803717,84,0.709453768780498,286.2171902656555,1.0,1.0,1.0,1.0,0.0,4
