models,igd,delta,spacing,onvg,hypervolume,c_A,c_B,c_C,c_D,c_E,score
A,0.7562994982577143,0.7492481281494353,0.20448154705856422,6.2,0.014046230358940653,0.0,0.009090909090909092,0.0,0.028181818181818186,0.0,0.0
B,0.5785328302859692,0.5765075804118475,0.15659686341266052,9.8,0.02672535358685917,0.9514285714285714,0.0,0.23531746031746031,0.2217171717171717,0.015263157894736843,1.3
C,0.616631520831326,0.5892059865462248,0.12752887492475726,9.2,0.02127056167518434,1.0,0.5299134199134199,0.0,0.3769191919191919,0.005882352941176471,2.1
D,0.602561914984397,0.5565497464738496,0.1343206332681928,9.9,0.025530324322682246,0.9457142857142857,0.6815512265512266,0.4231349206349206,0.0,0.016145510835913313,2.5
E,0.03346776423120004,0.04613046025683581,0.00036327177525559916,19.3,0.05605624686518017,1.0,0.9591991341991342,0.9472222222222222,0.9363888888888889,0.0,4.0
