models,igd,delta,spacing,onvg,hypervolume,c_A,c_B,c_C,c_D,c_E,c_F,score
A,0.7663684510314263,0.7583709347181288,0.2075019460814206,6.0,0.013793499712418587,0.0,0.0,0.0,0.0,0.0,0.0,0.0
B,0.5043166116629513,0.43492828538376554,0.0001439416942170838,11.9,0.028206418035046026,0.9708333333333334,0.0,0.18763361638361636,0.1571944721944722,0.01,0.01,1.2
C,0.3929541832081901,0.3894738391446034,8.446028083937693e-05,12.6,0.025832348233600633,1.0,0.5805694305694307,0.0,0.30345779220779223,0.035,0.025,2.5
D,0.4336956523408112,0.4179702439348996,0.00011522672896108705,12.3,0.02773979512715572,1.0,0.6359890109890111,0.33751290376290377,0.0,0.04,0.02,2.2
E,6.636716645046052e-05,6.456797732057963e-06,0.00045780168759276314,20.0,0.06288162456787245,1.0,0.8793956043956044,0.5748193473193474,0.6217433954933955,0.0,0.095,4.1
F,6.621775384408384e-05,6.5251724069929935e-06,0.0004584481056779505,20.0,0.06288337750745908,1.0,0.886971361971362,0.5872302697302698,0.6254933954933956,0.23500000000000001,0.0,4.9
