models,delta,spacing,onvg,hypervolume,time,c_Prufer,c_NetKeys,c_Prim,c_Kruskal,c_GPrim,score
Prufer,0.9425733319618992,0.008104554223035881,9,0.7090106092028318,120.5402901172638,0.0,0.0,0.0,0.0,0.0,0
NetKeys,0.9686952536570637,0.00864774570749779,5,0.7736901696378913,134.4093098640442,0.5555555555555556,0.0,0.75,0.0,0.0,2
Prim,0.9778065868654818,0.00669553728002228,4,0.747821912217998,103.57129645347595,0.8888888888888888,0.4,0.0,0.0,0.0,1
Kruskal,0.988542681019004,0.010563443044710078,3,0.7965036930674545,116.77503108978271,0.7777777777777778,1.0,0.75,0.0,0.0,3
GPrim,0.9974876049465903,0.05933411803717253,24,0.9584763767895523,185.31296563148499,1.0,1.0,1.0,1.0,0.0,4
