models,delta,spacing,onvg,hypervolume,time,c_Prufer,c_NetKeys,c_Prim,c_Kruskal,c_GPrim,score
Prufer,0.9588199522805118,0.005912307327654633,8,0.5093883121256283,562.7154245376587,0.0,0.0,0.0,0.0,0.0,0
NetKeys,1.0090685938766641,0.0018601617858911902,5,0.5478455621062133,1404.0982029438019,0.5,0.0,0.1,0.0,0.0,1
Prim,0.9387424495077089,0.0069846985939718016,10,0.5494246078815332,282.7444121837616,1.0,0.4,0.0,0.0,0.0,2
Kruskal,0.9931435047262829,0.0002518595082404694,3,0.6692144106036287,461.6626636981964,0.75,1.0,0.6,0.0,0.0,3
GPrim,0.9393353259665069,0.0019400529918352587,25,0.7687350492967724,531.2378056049347,1.0,1.0,1.0,1.0,0.0,4
