models,delta,spacing,onvg,hypervolume,time,c_Prufer,c_NetKeys,c_Prim,c_Kruskal,c_GPrim,score
Prufer,0.9491769023760406,0.0016978458348480112,9,0.5199209513014181,571.0415444374084,0.0,0.0,0.0,0.0,0.0,0
NetKeys,0.9563369009054885,0.0069469096427009,11,0.6182079110302233,1439.5268020629883,0.8888888888888888,0.0,0.42857142857142855,0.0,0.0,2
Prim,0.9574022571160009,0.008464433435692881,7,0.5467936989536938,285.5303153991699,1.0,0.0,0.0,0.0,0.0,1
Kruskal,1.0,inf,1,0.5776235494044168,462.6633551120758,0.4444444444444444,0.2727272727272727,0.2857142857142857,0.0,0.0,3
GPrim,0.9345997495104141,0.002247109736948933,28,0.7749862658149198,561.5745143890381,1.0,1.0,1.0,1.0,0.0,4
