models,delta,spacing,onvg,hypervolume,time,c_Prufer,c_NetKeys,c_Prim,c_Kruskal,c_GPrim,score
Prufer,0.9614172904266668,0.008694444382933326,7,0.5411524927478073,645.5996005535126,0.0,0.08333333333333333,0.0,0.0,0.0,0
NetKeys,0.9666157334927489,0.01671895364491191,12,0.6147748333524785,1500.770976305008,0.5714285714285714,0.0,0.0,0.0,0.0,1
Prim,0.9788088443650592,0.004730477787752726,4,0.5976762012682773,299.80907702445984,1.0,0.5,0.0,0.0,0.0,2
Kruskal,0.9838120354815827,0.0,2,0.6300442339316662,623.016487121582,1.0,1.0,0.25,0.0,0.0,3
GPrim,0.9464421203406407,0.0019905646033669686,22,0.7930302631832225,504.5299024581909,1.0,1.0,1.0,1.0,0.0,4
