models,delta,spacing,onvg,hypervolume,time,c_Prufer,c_NetKeys,c_Prim,c_Kruskal,c_GPrim,score
Prufer,0.8871279341498519,inf,3.1,0.5096242019882709,35.320629835128784,0.0,0.15,0.1,0.07333333333333333,0.0,0.6
NetKeys,0.8595512881914364,0.07030941272760002,2.5,0.5510702972025678,53.91158835887909,0.7733333333333332,0.0,0.32666666666666666,0.13999999999999999,0.0,1.4
Prim,0.8823472972375421,inf,2.4,0.40176841413907133,40.14126193523407,0.6900000000000001,0.39166666666666666,0.0,0.24,0.0,1.7
Kruskal,0.844370258882587,inf,2.4,0.5362392318098299,44.89612917900085,0.7166666666666667,0.5166666666666667,0.51,0.0,0.0,2.1
GPrim,0.8781740792612582,0.42546599740241675,4.0,2.4170670588201033,76.7481023311615,0.96,1.0,1.0,1.0,0.0,4.0
