models,delta,spacing,onvg,hypervolume,time,c_A,c_B,c_C,c_D,c_E,score
A,0.9366834185932587,0.7529091116200267,6,0.3923944083574258,93.29984426498413,0.0,0.07692307692307693,0.0,0.0,0.0,0
B,0.9329983279098918,1.8537948485020914,13,1.1466675111706497,1132.6463134288788,0.6666666666666666,0.0,0.0,0.0,0.0,1
C,0.9581239552189714,3.775001557946469,4,0.34512305172483426,166.24256896972656,1.0,0.5384615384615384,0.0,0.3888888888888889,0.0,3
D,0.8962459417727646,1.3491410358853306,18,1.3406398001493414,366.24921703338623,1.0,1.0,0.0,0.0,0.0,2
E,0.5767497663986774,0.5087079480181985,98,3.126685833279592,231.8010082244873,1.0,1.0,1.0,0.8333333333333334,0.0,4
