models,delta,spacing,onvg,hypervolume,time,c_A,c_B,c_C,c_D,c_E,score
A,0.9695979740744554,2.0582497384646796,5.4,0.7494222245680561,172.00662336349487,0.0,0.0,0.0,0.0,0.0,0.0
B,0.9579921040194534,2.566347449622556,8.1,1.2214479646354082,1429.8651699781417,1.0,0.0,0.3091239316239316,0.3749458874458874,0.0,2.1
C,0.9574778694275936,1.1191034078186097,6.6,0.7561652725997199,292.5908973693848,1.0,0.13333333333333336,0.0,0.14886363636363636,0.0,1.8
D,0.9711940660755974,4.316814726237564,6.6,1.146023255494844,619.4996257543564,0.9833333333333334,0.47928571428571426,0.3048382173382173,0.0,0.0,2.1
E,0.8884870389263211,0.4707356697440601,25.9,1.688516860577068,496.6336446046829,1.0,1.0,1.0,1.0,0.0,4.0
