models,delta,spacing,onvg,hypervolume,time,c_Prufer,c_NetKeys,c_Prim,c_Kruskal,c_GPrim,score
Prufer,0.9634469551686463,0.00827508344686809,8.0,0.556435593150225,639.5040830373764,0.0,0.009090909090909092,0.0,0.04285714285714286,0.0,0.1
NetKeys,0.9822665800617706,0.01105707460662735,10.4,0.706140910466252,1493.7188835144043,0.9566666666666667,0.0,0.3235714285714285,0.4038095238095238,0.0,2.3
Prim,0.986780436649636,inf,4.0,0.5767856110610756,297.5286243200302,0.9733333333333334,0.09984848484848485,0.0,0.1911904761904762,0.0,1.9
Kruskal,0.9926448520425385,0.029504623799272666,6.2,0.696860109788877,462.97092678546903,0.7859848484848484,0.38547119547119546,0.17261904761904762,0.0,0.0,1.7
GPrim,0.9453597513356442,0.003356431899854344,22.3,0.8047972066483231,478.1753350496292,1.0,1.0,1.0,1.0,0.0,4.0
