models,delta,spacing,onvg,hypervolume,time,c_Prufer,c_NetKeys,c_Prim,c_Kruskal,c_GPrim,score
Prufer,0.9436308767705363,0.016960541852909357,8.0,0.5077679903797679,639.6240835905076,0.0,0.009090909090909092,0.0,0.04285714285714286,0.0,0.1
NetKeys,0.9639859778556286,0.011826500517482763,10.4,0.6487947657027999,1413.3853263378144,0.9566666666666667,0.0,0.3235714285714285,0.4038095238095238,0.0,2.3
Prim,0.9808472508022966,inf,4.0,0.5383793412101388,289.22317161560056,0.9733333333333334,0.09984848484848485,0.0,0.1911904761904762,0.0,1.9
Kruskal,0.9843799869704268,0.0364220757082191,6.2,0.6349028524311322,469.8804669857025,0.7859848484848484,0.38547119547119546,0.17261904761904762,0.0,0.0,1.7
GPrim,0.9393593955000888,0.0036169541025270445,22.3,0.7712884273325085,471.4560595750809,1.0,1.0,1.0,1.0,0.0,4.0
