models,delta,spacing,onvg,hypervolume,c_A,c_B,c_C,c_D,c_E,score
A,0.9619693743410196,0.016372425063604014,5.4,0.047010489073243095,0.0,0.0,0.0,0.0,0.0,0.0
B,0.9703530447437677,0.015746358704589618,8.1,0.07662018060396263,1.0,0.0,0.3091239316239316,0.3749458874458874,0.0,2.1
C,0.9669561298881533,0.007324399947754268,6.6,0.047433473574397436,1.0,0.13333333333333336,0.0,0.14886363636363636,0.0,1.8
D,0.9758893737265286,0.024088950036022634,6.6,0.07188886580081716,0.9833333333333334,0.47928571428571426,0.3048382173382173,0.0,0.0,2.1
E,0.935527988636457,0.0027088040889829386,25.9,0.10591893437627373,1.0,1.0,1.0,1.0,0.0,4.0
