models,delta,spacing,onvg,hypervolume,time,c_Prufer,c_NetKeys,c_Prim,c_Kruskal,c_GPrim,score
Prufer,0.9329373347646523,0.2721876545261762,8,1.8120838090827052,37.85069489479065,0.0,0.0,0.0,0.0,0.0,0
NetKeys,0.8296331011085427,0.016451131572260073,4,0.47621043422651727,51.359442949295044,1.0,0.0,0.25,0.75,0.0,2
Prim,0.966733261641379,0.2840502932000199,4,0.7395809663887727,41.86809802055359,1.0,0.5,0.0,0.75,0.0,3
Kruskal,0.8885925932188875,0.01333532992950973,8,0.4678125912287955,46.479227781295776,1.0,0.5,0.25,0.0,0.0,1
GPrim,1.0243569174862153,0.34913342490756843,10,3.0583721531113195,72.8035478591919,1.0,1.0,1.0,1.0,0.0,4
