models,delta,spacing,onvg,hypervolume,time,c_Prufer,c_NetKeys,c_Prim,c_Kruskal,c_GPrim,score
Prufer,0.8923753042652911,0.016277551966975817,4,0.6214195413576432,42.249329566955566,0.0,0.0,0.0,0.0,0.0,0
NetKeys,0.9392595427239909,0.036001794903284756,5,0.735578857037862,55.26555132865906,1.0,0.0,0.5714285714285714,0.25,0.0,2
Prim,0.908313225118387,0.07556100043649203,7,0.7117998870384068,41.803760051727295,1.0,0.0,0.0,0.0,0.0,1
Kruskal,0.9518314809056853,0.045358689581055864,4,0.7417762105184682,54.40546464920044,1.0,0.4,0.42857142857142855,0.0,0.0,3
GPrim,0.9592774075901764,0.1578495937553611,9,0.8254617393431456,74.17376852035522,1.0,1.0,1.0,1.0,0.0,4
