models,igd,delta,spacing,onvg,hypervolume,time,c_Prufer,c_NetKeys,c_Prim,c_Kruskal,c_GPrim,score
Prufer,0.09675370548082005,0.836783437349732,0.055925428437213695,7,0.547941503327358,17.459314584732056,0.0,0.1,0.0,0.0,0.0,0
NetKeys,0.0863219742050538,0.7537919225911541,0.0402131495747063,10,0.5821878696680838,22.169261932373047,0.2857142857142857,0.0,0.08333333333333333,0.18181818181818182,0.0,1
Prim,0.08530420761524313,0.7042790798227752,0.027983411986901654,12,0.616648991208447,17.215367555618286,0.42857142857142855,0.4,0.0,0.09090909090909091,0.0,3
Kruskal,0.08622098226556126,0.7295476474424766,0.030970436562828652,11,0.6164442355368595,20.113075256347656,0.42857142857142855,0.3,0.08333333333333333,0.0,0.0,2
GPrim,0.0011768799089227975,0.9137117479177653,0.23597245141519294,20,2.4972997811186066,24.06357741355896,0.5714285714285714,0.4,0.5833333333333334,0.5454545454545454,0.0,4
