models,igd,delta,spacing,onvg,hypervolume,time,c_Prufer,c_NetKeys,c_Prim,c_Kruskal,c_GPrim,score
Prufer,0.03618664608585208,0.7145054821214207,0.03244057352471962,11,0.28980435580846353,17.184427499771118,0.0,0.23076923076923078,0.13333333333333333,0.07692307692307693,0.0,1
NetKeys,0.03462972309360356,0.6540005183809793,0.013188078829747159,13,0.31789570494153047,24.468379497528076,0.09090909090909091,0.0,0.06666666666666667,0.0,0.0,0
Prim,0.03237465971695216,0.6242983925312628,0.0008249949514437591,15,0.3615232025535805,17.932268142700195,0.36363636363636365,0.38461538461538464,0.0,0.23076923076923078,0.05,3
Kruskal,0.0383511927388487,0.6506497227404822,0.0014906468512596723,13,0.3077892922681269,22.69693660736084,0.36363636363636365,0.38461538461538464,0.2,0.0,0.0,2
GPrim,0.016972429706532937,0.6423576163191493,0.11758213490865208,20,0.8062656972325477,25.450456857681274,0.5454545454545454,0.5384615384615384,0.4,0.46153846153846156,0.0,4
