models,igd,delta,spacing,onvg,hypervolume,time,c_A,c_B,c_C,c_D,c_E,score
A,0.054181218451670086,0.8733493624704421,0.04248580996144443,5,0.13581216975511096,12.938161134719849,0.0,0.0,0.0,0.0,0.0,0
B,0.03462972309360356,0.6540005183809793,0.013188078829747159,13,0.31789570494153047,24.468379497528076,0.8,0.0,0.06666666666666667,0.0,0.0,1
C,0.03237465971695216,0.6242983925312628,0.0008249949514437591,15,0.3615232025535805,17.932268142700195,0.6,0.38461538461538464,0.0,0.15384615384615385,0.05,2
D,0.03441659105990387,0.6549815218172252,0.014073672699698446,13,0.3217488607436369,20.93726658821106,0.8,0.5384615384615384,0.3333333333333333,0.0,0.0,3
E,0.016972429706532937,0.6423576163191493,0.11758213490865208,20,0.8062656972325477,25.450456857681274,0.8,0.5384615384615384,0.4,0.46153846153846156,0.0,4
