models,igd,delta,spacing,onvg,hypervolume,time,c_Prufer,c_NetKeys,c_Prim,c_Kruskal,c_GPrim,score
Prufer,0.04921383305632092,0.8287715302998532,0.03348136539184963,7,0.6097897009674774,17.459314584732056,0.0,0.1,0.0,0.0,0.0,0
NetKeys,0.040226741599330415,0.7404426496232173,0.015843168545574195,10,0.6535829865508479,22.169261932373047,0.2857142857142857,0.0,0.08333333333333333,0.18181818181818182,0.0,1
Prim,0.038139875659360924,0.6803252527621316,0.011024899001384975,12,0.6974608813443866,17.215367555618286,0.42857142857142855,0.4,0.0,0.09090909090909091,0.0,3
Kruskal,0.04013769728168824,0.7091331106039946,0.012201726340369383,11,0.6973802117462593,20.113075256347656,0.42857142857142855,0.3,0.08333333333333333,0.0,0.0,2
GPrim,0.0004636669087638875,0.5997717516398253,0.09296837873735538,20,0.8244746487199702,24.06357741355896,0.5714285714285714,0.4,0.5833333333333334,0.5454545454545454,0.0,4
