models,igd,delta,spacing,onvg,hypervolume,time,c_Prufer,c_NetKeys,c_Prim,c_Kruskal,c_GPrim,score
Prufer,0.044493478757162995,0.7145054821214207,0.03244057352471962,11,0.6390097266123316,17.184427499771118,0.0,0.23076923076923078,0.13333333333333333,0.07692307692307693,0.0,1
NetKeys,0.044166812739034,0.6540005183809793,0.013188078829747159,13,0.6807766952487952,24.468379497528076,0.09090909090909091,0.0,0.06666666666666667,0.0,0.0,0
Prim,0.04243524588478313,0.6242983925312628,0.0008249949514437591,15,0.7210171118282555,17.932268142700195,0.36363636363636365,0.38461538461538464,0.0,0.23076923076923078,0.05,3
Kruskal,0.048373977910947906,0.6506497227404822,0.0014906468512596723,13,0.6463705097713146,22.69693660736084,0.36363636363636365,0.38461538461538464,0.2,0.0,0.0,2
GPrim,0.00017298073822338904,0.6423576163191493,0.11758213490865208,20,0.7934090979997287,25.450456857681274,0.5454545454545454,0.5384615384615384,0.4,0.46153846153846156,0.0,4
