models,delta,spacing,onvg,hypervolume,c_A,c_B,c_C,c_D,c_E,score
A,0.9393939419879683,1.000003748758053,5,0.1025743104956593,0.0,0.0,0.0,0.0,0.0,0
B,0.9535353571079506,0.5163261112945381,6,0.18307862321905377,1.0,0.0,0.2222222222222222,0.10526315789473684,0.0,1
C,0.9040404097498246,0.5269817847703177,9,0.15556227938469658,1.0,0.3333333333333333,0.0,0.21052631578947367,0.0,3
D,0.8451178616746556,0.653341236406155,19,0.4183735325519048,1.0,0.3333333333333333,0.1111111111111111,0.0,0.0,2
E,0.5508931590616544,0.3751097101415909,53,1.5536230920952798,1.0,1.0,1.0,1.0,0.0,4
