models,delta,spacing,onvg,hypervolume,c_A,c_B,c_C,c_D,c_E,score
A,0.9393939419879683,1.000003748758053,5,0.1025743104956593,0.0,0.0,0.0,0.0,0.0,0
B,0.940312214392292,0.00015150029544481653,12,0.23259105032038566,1.0,0.0,0.5555555555555556,0.3157894736842105,0.0,2
C,0.9191919232184824,0.7071838129408264,9,0.14645257979750004,1.0,0.08333333333333333,0.0,0.10526315789473684,0.0,1
D,0.8585858696504043,0.22972050493724772,19,0.36594663902126945,1.0,0.5833333333333334,0.6666666666666666,0.0,0.0,3
E,0.8095238223535589,0.3512696510852396,22,0.30970794857863304,1.0,0.6666666666666666,1.0,0.5789473684210527,0.0,4
