models,delta,spacing,onvg,hypervolume,time,c_Prufer,c_NetKeys,c_Prim,c_Kruskal,c_GPrim,score
Prufer,0.9384244745702447,0.017433775636731732,8,0.6827371038001243,57.56487679481506,0.0,0.09090909090909091,0.0,0.0,0.0,0
NetKeys,0.908576328555053,0.016667932359564278,11,0.7227029207578086,110.52233028411865,0.625,0.0,0.0,0.10526315789473684,0.0,1
Prim,0.9079904571382327,0.0061182958238784595,11,0.702068905132713,69.34942722320557,1.0,0.8181818181818182,0.0,0.2631578947368421,0.0,3
Kruskal,0.814537830568903,0.05287847444635323,19,0.8341899189345688,81.175856590271,0.875,0.5454545454545454,0.09090909090909091,0.0,0.0,2
GPrim,1.1102441631344544,0.11903754350678995,71,2.887465041954077,97.96019792556763,1.0,1.0,1.0,1.0,0.0,4
