models,igd,delta,spacing,onvg,hypervolume,time,c_Prufer,c_NetKeys,c_Prim,c_Kruskal,c_GPrim,score
Prufer,0.09182159962718506,0.7938025982639705,0.044660201100187556,7.8,0.588331227657092,15.999716353416442,0.0,0.16322510822510822,0.07776667776667777,0.09166666666666667,0.0,0.1
NetKeys,0.08052457214475525,0.7621415518389574,0.06363504364649902,9.0,0.6291158354263283,21.053275203704835,0.5773809523809523,0.0,0.19826090576090577,0.18888888888888888,0.015000000000000003,1.5
Prim,0.08909078782513224,0.759216523085387,0.03214723993372253,9.9,0.614246015984602,16.29357154369354,0.7970238095238096,0.5538744588744589,0.0,0.33568181818181814,0.03,2.4
Kruskal,0.09244409679833394,0.7798587573100253,0.030738620590877258,8.9,0.6096670989363708,18.41484215259552,0.8138888888888889,0.5678463203463204,0.3126332001332001,0.0,0.01,2.0
GPrim,0.001304262275164577,0.913360737325301,0.23668966137702002,20.0,2.494683005299855,22.50937216281891,0.9708333333333332,0.9527777777777778,0.6016697191697191,0.6215656565656567,0.0,4.0
