models,igd,delta,spacing,onvg,hypervolume,c_A,c_B,c_C,c_D,c_E,score
A,0.7071439188411344,0.7498997563181955,0.46017297936211055,6.3,0.015704323724519468,0.0,0.0,0.0,0.0,0.0,0.0
B,0.5480995530119872,0.5751333072594907,0.17779848449099417,9.8,0.025326428367202652,0.9857142857142858,0.0,0.1794949494949495,0.18984848484848485,0.005,1.1
C,0.5688445689735988,0.5850121788869164,0.09516522164075204,9.5,0.021030293876143868,1.0,0.6558910533910535,0.0,0.33136363636363636,0.025,2.1
D,0.6250922669107255,0.497288745011182,0.06073639580100908,10.9,0.03155999267276791,1.0,0.629541847041847,0.45285353535353534,0.0,0.05500000000000001,2.8
E,0.00012084994921155809,6.329411575464555e-06,0.00045777594015637224,20.0,0.06290082422217588,1.0,0.9350757575757577,0.7706565656565656,0.8534848484848485,0.0,4.0
