models,igd,delta,spacing,onvg,hypervolume,c_A,c_B,c_C,c_D,c_E,score
A,0.7073490720537168,0.7548120374565903,0.46321774576538566,6.2,0.015678245389644668,0.0,0.0,0.0,0.0,0.0,0.0
B,0.5156298385076082,0.4954716732444676,0.062290161969429846,10.9,0.024087930424969733,1.0,0.0,0.18975330225330225,0.15203046953046956,0.005,1.3
C,0.5894623599709228,0.5687468954525363,0.07077167719261182,9.5,0.01933979570557441,1.0,0.5184595959595959,0.0,0.24521478521478524,0.03634502923976608,2.1
D,0.6154880687575714,0.5148325835666667,0.00017580966900502368,10.3,0.024444373509510127,1.0,0.6373989898989898,0.4247183372183372,0.0,0.06716374269005847,2.6
E,0.02126369418512362,0.021057348624095272,0.00036727135832231075,19.6,0.05673492895276511,1.0,0.8998737373737373,0.677078477078477,0.7381709956709958,0.0,4.0
