models,igd,delta,spacing,onvg,hypervolume,time,c_Prufer,c_NetKeys,c_Prim,c_Kruskal,c_GPrim,score
Prufer,0.03618347787247241,0.771230179736455,0.0237152243963027,8.8,0.23127700058617262,16.60542049407959,0.0,0.3572727272727273,0.09488095238095237,0.08516705516705517,0.0,0.5
NetKeys,0.032355974799087354,0.7424095825926816,0.03795790350645352,9.9,0.29813566282540316,21.559284472465514,0.4115259740259741,0.0,0.15758658008658008,0.08870129870129871,0.005,0.7
Prim,0.02833382827828838,0.691148432023795,0.017915885054896753,11.6,0.2969029671522576,16.38882186412811,0.6758874458874459,0.5329545454545455,0.0,0.2979048729048729,0.005,2.3
Kruskal,0.02971198321583003,0.7083260138672737,0.017530974713089585,11.0,0.2817646830603358,19.363688278198243,0.6968686868686869,0.5979545454545454,0.32731601731601734,0.0,0.015000000000000003,2.4
GPrim,0.012206244646577321,0.6426917852685583,0.11752385390465048,20.0,0.8063649660879427,23.57900822162628,0.9066919191919192,0.8802272727272727,0.5582034632034631,0.5560878010878011,0.0,4.0
