models,igd,delta,spacing,onvg,hypervolume,c_A,c_B,c_C,c_D,c_E,score
A,0.707349072546616,0.7548120360267043,0.4632146341389086,6.2,0.015931481645916963,0.0,0.0,0.0,0.0,0.0,0.0
B,0.530036951547826,0.5639766284974652,0.1340614709472036,10.0,0.02709035506275485,0.9708333333333334,0.0,0.21573593073593073,0.21000000000000002,0.0,1.2
C,0.48682433430316846,0.5684802008726167,0.3081112390117033,9.8,0.02332492708374908,1.0,0.6272727272727272,0.0,0.41686868686868694,0.01,2.4
D,0.558762181970706,0.5414035361908722,0.19769028952527412,10.4,0.028141428554271854,1.0,0.6188636363636364,0.3672943722943723,0.0,0.01,2.3
E,0.011292388303621613,0.010532078809660873,0.00042230258779802173,19.8,0.060356625313741266,1.0,0.9875,0.9387265512265511,0.9709090909090909,0.0,4.0
