models,igd,delta,spacing,onvg,hypervolume,time,c_A,c_B,c_C,c_D,c_E,score
A,0.04386416756818981,0.8396044907225996,0.04863256557773732,5.6,0.17738342131839163,11.869933128356934,0.0,0.0,0.0,0.0,0.0,0.0
B,0.032355974799087354,0.7424095825926816,0.03795790350645352,9.9,0.29813566282540316,21.559284472465514,1.0,0.0,0.15758658008658008,0.1593045843045843,0.005,1.1
C,0.02833382827828838,0.691148432023795,0.017915885054896753,11.6,0.2969029671522576,16.38882186412811,1.0,0.5329545454545455,0.0,0.2404370629370629,0.005,2.3
D,0.031958032506078024,0.7234645413635967,0.023595682367490104,10.6,0.27137084269070805,19.3148494720459,1.0,0.5854545454545453,0.3057683982683983,0.0,0.01,2.5
E,0.012206244646577321,0.6426917852685583,0.11752385390465048,20.0,0.8063649660879427,23.57900822162628,1.0,0.8802272727272727,0.5582034632034631,0.5326456876456878,0.0,4.0
