models,igd,delta,spacing,onvg,hypervolume,c_A,c_B,c_C,c_D,c_E,c_F,score
A,0.7069796086507399,0.7414787070260477,0.4193606553515693,6.4,0.015455016271096616,0.0,0.0,0.0,0.0,0.0,0.0,0.0
B,0.47542420821167414,0.4733333799385731,0.06679262776796427,11.4,0.026767241452287628,1.0,0.0,0.12299533799533799,0.12820679320679323,0.005,0.0,1.1
C,0.36923614261145987,0.38851679607073036,8.600965973064972e-05,12.7,0.02633784933034438,1.0,0.6610916860916861,0.0,0.34366633366633365,0.039999999999999994,0.02,2.4
D,0.5814661639111891,0.4157898629322134,0.00024437331923704976,12.1,0.033030697119047985,1.0,0.6895182595182595,0.35224358974358977,0.0,0.05,0.04,2.5
E,0.0001241852086607787,6.408621304379122e-06,0.000458209874615427,20.0,0.06290186693345974,1.0,0.8764568764568764,0.5197086247086247,0.722847152847153,0.0,0.11500000000000002,4.2
F,0.00012405668542626332,6.501390709409512e-06,0.0004581596560803153,20.0,0.0628965068334896,1.0,0.8824825174825175,0.5484265734265734,0.7556443556443557,0.24499999999999997,0.0,4.7
