models,igd,delta,spacing,onvg,hypervolume,c_A,c_B,c_C,c_D,c_E,score
A,0.04158462172388978,0.8220853138525663,0.04931762263960045,6.4,0.19812091415106933,0.0,0.0,0.0,0.0,0.0,0.0
B,0.029058839502084745,0.700812690911595,0.03664760601565588,11.4,0.34313456891969574,1.0,0.0,0.12299533799533799,0.12820679320679323,0.0,1.1
C,0.025327995329241966,0.671858516287148,0.022051497213271973,12.7,0.33763010627556633,1.0,0.6610916860916861,0.0,0.34366633366633365,0.02,2.4
D,0.03286075832972391,0.7032513641198792,0.06265339945571095,12.1,0.4234270474701055,1.0,0.6895182595182595,0.35224358974358977,0.0,0.04,2.5
E,0.012185255371660566,0.6432188007737544,0.11746478722190352,20.0,0.8062827765548356,1.0,0.8824825174825175,0.5484265734265734,0.7556443556443557,0.0,4.0
