models,delta,spacing,onvg,hypervolume,c_A,c_B,c_C,c_D,c_E,score
A,0.9454545420087539,1.5490043202615502,6,0.1539849854210502,0.0,0.0,0.0,0.0,0.0,0
B,0.8989899067698726,0.42166822893958633,10,0.21050431511564388,1.0,0.0,0.1111111111111111,0.0,0.0,1
C,0.9191919169156928,0.7264088726896597,9,0.1946163570599372,1.0,0.2,0.0,0.17647058823529413,0.0,2
D,0.887626279091979,0.7018930001656395,17,0.3494101356769803,1.0,0.7,0.3333333333333333,0.0,0.0,3
E,0.4653090123795802,0.12698772032966518,62,1.0137664065997678,1.0,1.0,1.0,1.0,0.0,4
