models,delta,spacing,onvg,hypervolume,c_A,c_B,c_C,c_D,c_E,score
A,0.9454545420083533,1.54900144345991,6,0.15377329626880726,0.0,0.0,0.0,0.0,0.0,0
B,0.9242424232764359,1.3227581677705627,9,0.21555361811363039,1.0,0.0,0.5,0.15789473684210525,0.0,1
C,0.9225589211623307,2.5406943422224972,10,0.2804957249832083,1.0,0.5555555555555556,0.0,0.21052631578947367,0.0,2
D,0.8181818334159229,0.696737875985084,19,0.3999331311164615,1.0,0.4444444444444444,0.5,0.0,0.0,3
E,0.7984189854474074,0.28232576621180117,24,0.33303766101031274,1.0,0.8888888888888888,1.0,0.47368421052631576,0.0,4
