models,delta,spacing,onvg,hypervolume,time,c_Prufer,c_NetKeys,c_Prim,c_Kruskal,c_GPrim,score
Prufer,0.9672288604366048,0.002443788949545774,6,0.44983555596621627,239.453759431839,0.0,0.10526315789473684,0.0,0.0,0.0,0
NetKeys,0.9572184607443903,0.0038722759763070093,19,0.6043413003216218,1193.0868682861328,0.16666666666666666,0.0,0.0,0.0,0.0,1
Prim,1.0000598678027421,0.002009382058741786,11,0.5686322817656826,191.98480987548828,1.0,0.47368421052631576,0.0,0.0,0.0,2
Kruskal,0.9917834399484308,0.0025540298705204727,4,0.5195594060914921,343.73252415657043,1.0,0.2631578947368421,0.2727272727272727,0.0,0.0,3
GPrim,0.8123291258202501,0.0061207099760818935,82,0.7295412280809322,288.7187886238098,1.0,1.0,1.0,1.0,0.0,4
