models,delta,spacing,onvg,hypervolume,time,c_Prufer,c_NetKeys,c_Prim,c_Kruskal,c_GPrim,score
Prufer,0.971250837046603,0.010194906861789785,4,0.4540461266176354,240.1715109348297,0.0,0.1875,0.0,0.0,0.0,1
NetKeys,0.8835482291340181,0.011326059666935208,16,0.5882627848332171,1181.8272919654846,0.0,0.0,0.0,0.0,0.0,0
Prim,0.9857667425812594,0.0038002850268956724,7,0.5579562146543253,183.70564031600952,1.0,0.5625,0.0,1.0,0.0,3
Kruskal,0.9753838966680852,0.0039120818551290305,5,0.5431602181280468,338.8948040008545,1.0,0.4375,0.0,0.0,0.0,2
GPrim,0.7992740675219777,0.0023937984760004404,85,0.66586127957032,281.05486941337585,1.0,1.0,1.0,1.0,0.0,4
