models,delta,spacing,onvg,hypervolume,time,c_Prufer,c_NetKeys,c_Prim,c_Kruskal,c_GPrim,score
Prufer,0.973363156104846,0.007200001272401186,10,0.5898310265941548,252.49021005630493,0.0,0.35,0.0,0.06666666666666667,0.0,1
NetKeys,0.9298054749451324,0.023741468406566553,20,0.6844353131502942,1219.3449716567993,0.2,0.0,0.0,0.0,0.0,0
Prim,0.960334577704817,0.0032492594016551453,13,0.5906858559904767,200.99538564682007,1.0,0.5,0.0,0.13333333333333333,0.0,2
Kruskal,0.9496368787664775,0.004422874679034642,15,0.6784094310538222,412.7522029876709,0.8,0.95,0.7692307692307693,0.0,0.0,3
GPrim,0.7647175233737107,0.0015766743756190113,99,0.758953356324249,256.8859131336212,1.0,1.0,1.0,1.0,0.0,4
