models,delta,spacing,onvg,hypervolume,c_A,c_B,c_C,c_D,c_E,score
A,0.9529465526998078,0.6513577617660211,12,0.4686542173352337,0.0,0.0,0.0,0.0,0.0,0
B,0.9541038554816309,3.203756377603039,16,1.2000292830027541,0.0,0.0,0.0,0.0,0.0,0
C,0.9497487456268048,1.9860997300659187,9,0.4600976847512539,1.0,0.875,0.0,0.29411764705882354,0.0,2
D,0.8844221170518843,0.9354750904131418,17,1.1881308732097189,1.0,1.0,0.6666666666666666,0.0,0.0,3
E,0.9075376925056506,0.9283990304347839,21,0.8886686636168935,1.0,0.875,1.0,0.5294117647058824,0.0,4
