models,delta,spacing,onvg,hypervolume,c_A,c_B,c_C,c_D,c_E,score
A,0.940243240707143,0.012457154519482677,9,0.0767333704999553,0.0,0.0,0.0,0.0,0.0,0
B,0.9680310103704317,0.0121433994679672,8,0.09560931095804397,1.0,0.0,0.3333333333333333,0.35,0.0,2
C,0.9431849843518875,0.003581884825590175,12,0.08279690597343109,1.0,0.125,0.0,0.35,0.0,2
D,0.8824187878920033,0.006676246928580629,20,0.19003358917173252,0.8888888888888888,0.375,0.08333333333333333,0.0,0.0,2
E,0.9781370664409333,0.0677253307059644,61,0.7700797001062618,1.0,1.0,1.0,1.0,0.0,4
