models,delta,spacing,onvg,hypervolume,c_A,c_B,c_C,c_D,c_E,score
A,0.9191919217273334,0.7265531830386214,9,0.1521507869825589,0.0,0.0,0.0,0.0,0.0,0
B,0.9562289546963061,1.6363478504603919,10,0.2788974876059249,1.0,0.0,0.3,0.4375,0.0,2
C,0.8821548887721864,0.5271770226382527,10,0.2018790981408696,1.0,0.2,0.0,0.4375,0.0,2
D,0.8006734187297117,0.7932531885501249,16,0.41756243412623695,1.0,0.5,0.3,0.0,0.0,2
E,0.8343434448508389,0.21823651873866542,21,0.30570862393447784,1.0,0.5,1.0,0.625,0.0,4
