models,delta,spacing,onvg,hypervolume,time,c_Prufer,c_NetKeys,c_Prim,c_Kruskal,c_GPrim,score
Prufer,0.9689173670811855,0.009998064248674072,4,0.5013685114945384,541.3812086582184,0.0,0.4444444444444444,0.0,0.0,0.0,1
NetKeys,0.9189996904539112,0.01710167383311507,9,0.5454364581937069,1401.0602037906647,0.0,0.0,0.0,0.0,0.0,0
Prim,0.9935311574404313,0.012227540477072692,3,0.5584273803619096,282.84863662719727,1.0,0.7777777777777778,0.0,0.25,0.0,3
Kruskal,0.9647016710613958,0.024094006264985472,4,0.5967079619468333,458.6084897518158,0.75,1.0,0.0,0.0,0.0,2
GPrim,0.9421287619402062,0.001081380565246516,25,0.7867231027172046,539.238495349884,1.0,1.0,1.0,1.0,0.0,4
