models,delta,spacing,onvg,hypervolume,time,c_Prufer,c_NetKeys,c_Prim,c_Kruskal,c_GPrim,score
Prufer,0.9659224648125572,0.005107417879710183,13,0.5572331599114012,643.0785439014435,0.0,0.0,0.0,0.0,0.0,0
NetKeys,0.9707236651268093,0.003987911384103352,7,0.6185115561637435,1489.7728197574615,0.8461538461538461,0.0,0.6,0.0,0.0,2
Prim,0.9790041656344117,0.014231550946896486,5,0.5492377110846839,307.48459649086,0.9230769230769231,0.0,0.0,0.0,0.0,1
Kruskal,0.998517507837016,0.033075771371632444,4,0.644545054908839,611.6494290828705,0.6923076923076923,0.14285714285714285,0.4,0.0,0.0,3
GPrim,0.9484203417242536,0.001622980723091283,23,0.854049653441019,503.0097875595093,1.0,1.0,1.0,1.0,0.0,4
