models,delta,spacing,onvg,hypervolume,time,c_Prufer,c_NetKeys,c_Prim,c_Kruskal,c_GPrim,score
Prufer,0.9485745745425255,0.006820289922890841,5,0.6294705530529516,37.4067816734314,0.0,0.3333333333333333,0.0,0.0,0.0,0
NetKeys,0.9667513698313162,0.001090586507202667,3,0.6185316881641515,57.28107833862305,0.6,0.0,0.0,0.0,0.0,1
Prim,0.9250718575366931,0.0,2,0.6538798030383784,41.83980751037598,1.0,1.0,0.0,0.0,0.0,2
Kruskal,0.8413024415191163,0.0,2,0.6690745350459559,47.056044578552246,1.0,1.0,1.0,0.0,0.0,3
GPrim,0.8618331763440379,0.2070059214211845,4,0.7056348545184848,78.73145246505737,1.0,1.0,1.0,1.0,0.0,4
