models,igd,delta,spacing,onvg,hypervolume,c_A,c_B,c_C,c_D,c_E,score
A,0.7615773180150238,0.7684210481979326,0.0002929196114285276,6,0.015703881011551513,0.0,0.0,0.0,0.0,0.0,0
B,0.39370040043791127,0.5847953461486419,6.208880021504403e-05,10,0.022986746569547654,1.0,0.0,0.3,0.18181818181818182,0.0,1
C,0.5147815120421567,0.567251490494386,0.3162137705821948,10,0.022457105815650143,1.0,0.6,0.0,0.36363636363636365,0.0,2
D,0.6020797342394488,0.47368425780459084,0.00012728572797300136,11,0.024931890271970358,1.0,0.7,0.4,0.0,0.0,3
E,0.00012430475423287954,6.376546642448305e-06,0.0004577352650227028,20,0.06288490275383132,1.0,1.0,1.0,1.0,0.0,4
