models,igd,delta,spacing,onvg,hypervolume,time,c_Prufer,c_NetKeys,c_Prim,c_Kruskal,c_GPrim,score
Prufer,0.053870467562701675,0.7937768617604991,0.0015855488555638164,8,0.6460871345675089,16.75312042236328,0.0,0.2727272727272727,0.21428571428571427,0.1,0.0,0
NetKeys,0.027087146012523943,0.7173560510014408,0.1061518502174116,11,0.6997482627221714,22.732460975646973,0.375,0.0,0.07142857142857142,0.1,0.0,1
Prim,0.048142362080299234,0.6244014574148575,0.013407803208062388,14,0.6466525139453282,16.224088430404663,0.625,0.45454545454545453,0.0,0.2,0.0,2
Kruskal,0.04941512038105626,0.7380528846671675,0.0146603194360625,10,0.6861652164902488,19.289694786071777,0.75,0.45454545454545453,0.2857142857142857,0.0,0.05,3
GPrim,0.0002475802998442815,0.6419591929005488,0.11745441190340511,20,0.793593461766526,23.310522079467773,0.875,0.7272727272727273,0.5,0.6,0.0,4
