models,igd,delta,spacing,onvg,hypervolume,c_A,c_B,c_C,c_D,c_E,score
A,0.04327911223391761,0.8302238952495329,0.026603148777849066,6,0.1705420086600286,0.0,0.0,0.0,0.0,0.0,0
B,0.02513263034276571,0.6561613263782473,0.0013611471286132208,13,0.30499908021859745,1.0,0.0,0.16666666666666666,0.18181818181818182,0.0,1
C,0.026597795863388774,0.6821285103883069,0.022826525610646884,12,0.316186187532674,1.0,0.46153846153846156,0.0,0.45454545454545453,0.05,3
D,0.03846272028757226,0.726466474005739,0.06042521765759687,11,0.39000521629589047,1.0,0.38461538461538464,0.3333333333333333,0.0,0.0,2
E,0.012151191926587365,0.6433617789575747,0.11763788281997346,20,0.8064200648843174,1.0,0.6153846153846154,0.5,0.8181818181818182,0.0,4
