models,delta,spacing,onvg,hypervolume,c_A,c_B,c_C,c_D,c_E,c_F,score
A,0.7605604789263714,0.2929196114285144,6,2.81552227155151,0.0,0.0,0.0,0.0,0.0,0.0,0
B,0.625694561407889,0.31154224831722444,9,4.406448247441752,1.0,0.0,0.08333333333333333,0.125,0.0,0.0,1
C,0.43092955742960337,0.07699183899633226,12,-0.08268413761403437,1.0,0.5555555555555556,0.0,0.375,0.05263157894736842,0.17647058823529413,3
D,0.6368250873141911,0.0861489949332317,8,0.8224506421229396,1.0,0.5555555555555556,0.25,0.0,0.0,0.11764705882352941,2
E,0.15165041286898182,0.15479128627404481,19,8.95205299848165,1.0,1.0,0.4166666666666667,0.875,0.0,0.11764705882352941,5
F,0.19463282795513157,0.08360698901246899,17,3.165122213060494,1.0,0.8888888888888888,0.4166666666666667,0.75,0.10526315789473684,0.0,4
