models,igd,delta,spacing,onvg,hypervolume,time,c_Prufer,c_NetKeys,c_Prim,c_Kruskal,c_GPrim,score
Prufer,0.03579828833398331,0.7937768617604991,0.0015855488555638164,8,0.21190315101866836,16.75312042236328,0.0,0.2727272727272727,0.21428571428571427,0.1,0.0,0
NetKeys,0.024716605503616002,0.7173560510014408,0.1061518502174116,11,0.4678253259988765,22.732460975646973,0.375,0.0,0.07142857142857142,0.1,0.0,1
Prim,0.026544016689660027,0.6244014574148575,0.013407803208062388,14,0.3314585788686869,16.224088430404663,0.625,0.45454545454545453,0.0,0.2,0.0,2
Kruskal,0.03261077067907438,0.7380528846671675,0.0146603194360625,10,0.2506391904836157,19.289694786071777,0.75,0.45454545454545453,0.2857142857142857,0.0,0.05,3
GPrim,0.012230218229135486,0.6419591929005488,0.11745441190340511,20,0.8061064532710192,23.310522079467773,0.875,0.7272727272727273,0.5,0.6,0.0,4
