models,delta,spacing,onvg,hypervolume,c_A,c_B,c_C,c_D,c_E,c_F,score
A,0.7684210481979326,0.0002929196114285276,6,0.015703881011551513,0.0,0.0,0.0,0.0,0.0,0.0,0
B,0.6184210766488333,0.3332842704692256,9,0.023738986357441753,1.0,0.0,0.08333333333333333,0.125,0.0,0.0,1
C,0.421052670971511,7.699183899632089e-05,12,0.02354597355238597,1.0,0.5555555555555556,0.0,0.375,0.05263157894736842,0.0,3
D,0.631578972072839,8.61489949332115e-05,8,0.01585886917212294,1.0,0.5555555555555556,0.25,0.0,0.0,0.0,2
E,0.05263291370108467,0.00015479128627405206,19,0.04362749879049843,1.0,1.0,0.4166666666666667,0.875,0.0,0.05,4
F,6.408080587617419e-06,0.00045841607262305694,20,0.06290078438768987,1.0,1.0,0.5833333333333334,1.0,0.3157894736842105,0.0,5
