models,delta,spacing,onvg,hypervolume,time,c_Prufer,c_NetKeys,c_Prim,c_Kruskal,c_GPrim,score
Prufer,0.9370977696135828,0.016276744495193347,8,0.7144181431246369,127.25138664245605,0.0,0.0,0.0,0.0,0.0,0
NetKeys,0.9919614682697043,0.03557403732272443,4,0.7379385239955503,139.33655953407288,0.875,0.0,0.5,0.0,0.0,2
Prim,0.9868341252270463,0.0,2,0.7066982344250088,110.69645142555237,0.75,0.0,0.0,0.2,0.0,1
Kruskal,0.9908945083930857,0.024690791640327614,5,0.7740533558818534,118.95140790939331,0.5,0.25,0.5,0.0,0.0,3
GPrim,1.0921305575138365,0.10171211240407368,26,0.9268367597092463,192.92009139060974,1.0,1.0,1.0,1.0,0.0,4
