models,delta,spacing,onvg,hypervolume,time,c_Prufer,c_NetKeys,c_Prim,c_Kruskal,c_GPrim,score
Prufer,0.9614087948727296,0.0072176806624414305,12,0.7544515208085784,130.02770352363586,0.0,0.0,0.1111111111111111,0.0,0.0,0
NetKeys,0.98208272943782,0.009714833012146309,10,0.7601761276631451,373.69719409942627,1.0,0.0,0.5555555555555556,0.23809523809523808,0.0,3
Prim,0.974842428114111,0.004800059182077201,9,0.7473584693567206,158.30625104904175,0.75,0.3,0.0,0.14285714285714285,0.0,1
Kruskal,0.9389000565568574,0.007038731454765818,21,0.9044586186141752,200.09435319900513,0.9166666666666666,0.0,0.5555555555555556,0.0,0.0,2
GPrim,0.7685427421033374,0.0007489252099665933,95,0.9052080860007512,218.86748385429382,1.0,1.0,1.0,0.9047619047619048,0.0,4
