models,delta,spacing,onvg,hypervolume,time,c_Prufer,c_NetKeys,c_Prim,c_Kruskal,c_GPrim,score
Prufer,0.9508174688933296,0.03072324195062825,12,0.7162760529129193,130.02770352363586,0.0,0.0,0.1111111111111111,0.0,0.0,0
NetKeys,0.9796685237504607,0.01097991085195655,10,0.7246230766557465,373.69719409942627,1.0,0.0,0.5555555555555556,0.23809523809523808,0.0,3
Prim,0.9514851128581027,0.010532354139191144,9,0.7197034926781957,158.30625104904175,0.75,0.3,0.0,0.14285714285714285,0.0,1
Kruskal,0.9412558443440515,0.028516002284099853,21,0.8482134869427804,200.09435319900513,0.9166666666666666,0.0,0.5555555555555556,0.0,0.0,2
GPrim,0.7762995482244355,0.0012562703334876243,95,0.8878661941574392,218.86748385429382,1.0,1.0,1.0,0.9047619047619048,0.0,4
