models,delta,spacing,onvg,hypervolume,time,c_Prufer,c_NetKeys,c_Prim,c_Kruskal,c_GPrim,score
Prufer,0.9643076649410826,0.0,2,0.48795130270486486,23.302351474761963,0.0,0.0,0.0,0.0,0.0,0
NetKeys,0.9384011302518942,0.002665259101334657,5,0.6159505088999683,24.724907398223877,1.0,0.0,0.14285714285714285,0.1111111111111111,0.0,1
Prim,0.9067929942754144,0.022417009457347647,7,0.6000546498140839,28.167332887649536,1.0,0.2,0.0,0.1111111111111111,0.0,2
Kruskal,0.8802903021828438,0.010956515575999227,9,0.6036656068994632,33.49212574958801,1.0,0.4,0.8571428571428571,0.0,0.0,3
GPrim,0.798858810090841,0.009892042811853772,15,0.737920167021414,39.1096293926239,1.0,1.0,1.0,1.0,0.0,4
