models,delta,spacing,onvg,hypervolume,c_A,c_B,c_C,c_D,c_E,score
A,0.8978632490737273,1.0131505469903892,4.9,0.03458245304422549,0.0,0.0,0.0,0.0,0.0,0.0
B,0.8232845063859557,0.10007271670156367,8.8,0.04409168484704764,1.0,0.0,0.5718964368964369,0.3193581418581419,0.008333333333333333,2.0
C,0.805588126081161,0.13872461399920627,9.4,0.04633482493746724,1.0,0.2232756132756133,0.0,0.1665950715950716,0.004347826086956522,1.4
D,0.7429426351367034,0.2020811041271357,11.8,0.06867837207944258,1.0,0.4145743145743145,0.5789216339216339,0.0,0.017210144927536232,2.5
E,0.4375310526504215,0.0007574541215503898,23.3,0.2038498936334144,1.0,0.9777777777777779,0.975,0.9541233766233767,0.0,4.0
