models,delta,spacing,onvg,hypervolume,c_A,c_B,c_C,c_D,c_E,score
A,0.8978632491207389,1.0131512046031774,4.9,0.03450780897669576,0.0,0.0,0.0,0.0,0.0,0.0
B,0.8456451006911309,0.5674872801258098,8.1,0.04923020713795584,1.0,0.0,0.4481096681096681,0.3586147186147186,0.0,2.0
C,0.8205128290036162,0.4047248254923469,8.3,0.04645281040917024,1.0,0.34488095238095234,0.0,0.2988311688311689,0.0,1.9
D,0.7673241294346473,0.41135352271387937,11.3,0.07784366922405661,1.0,0.44067460317460316,0.3484992784992784,0.0,0.007692307692307693,2.1
E,0.623911790844249,0.04691204922788251,16.8,0.08439790026533454,1.0,1.0,1.0,0.9392424242424244,0.0,4.0
