models,delta,spacing,onvg,hypervolume,c_A,c_B,c_C,c_D,c_E,c_F,score
A,0.7368421423208973,0.0002071897304926128,6,0.021954705335734175,0.0,0.0,0.0,0.0,0.0,0.0,0
B,0.5789474977065088,9.620379370708523e-05,9,0.03618892212994983,1.0,0.0,0.14285714285714285,0.2857142857142857,0.0,0.0,1
C,0.7192983129671108,0.00010344384265162243,7,0.030558424519136946,1.0,0.5555555555555556,0.0,0.2857142857142857,0.058823529411764705,0.05555555555555555,2
D,0.6842106182392409,0.0001940317095673634,7,0.030019992659310022,1.0,0.5555555555555556,0.42857142857142855,0.0,0.058823529411764705,0.05555555555555555,3
E,0.1578997064982214,0.0009823179209710305,17,0.11506071037064504,1.0,1.0,0.8571428571428571,0.8571428571428571,0.0,0.5,5
F,0.10526823088369222,0.0009562311012373856,18,0.11917390668849505,1.0,1.0,0.8571428571428571,0.7142857142857143,0.23529411764705882,0.0,4
