models,delta,spacing,onvg,hypervolume,c_A,c_B,c_C,c_D,c_E,c_F,score
A,0.7368421423718057,0.00020718468912581255,6,0.021939872417477743,0.0,0.0,0.0,0.0,0.0,0.0,0
B,0.5789475009991748,9.307380532012865e-05,9,0.03559544379149267,1.0,0.0,0.14285714285714285,0.42857142857142855,0.0,0.0,2
C,0.7192982749220521,0.4878350853289686,7,0.03803678393990165,1.0,0.7777777777777778,0.0,0.5714285714285714,0.0,0.0,3
D,0.6842106213975938,9.009597649832556e-05,7,0.029204991623569206,1.0,0.3333333333333333,0.2857142857142857,0.0,0.0,0.0,1
E,0.2631622119297541,0.0010346976161662396,15,0.10794590386569433,1.0,1.0,1.0,1.0,0.0,0.4375,5
F,0.21053093032497036,0.0010062251464782732,16,0.11168581852804942,1.0,1.0,1.0,1.0,0.26666666666666666,0.0,4
