models,delta,spacing,onvg,hypervolume,time,c_Prufer,c_NetKeys,c_Prim,c_Kruskal,c_GPrim,score
Prufer,0.8037840495867522,0.014065693640216145,12,0.6582777787292502,27.66488790512085,0.0,0.0,0.0,0.0,0.0,0
NetKeys,0.8967730873571724,0.022778182701108308,8,0.6511942066267332,37.69720149040222,0.75,0.0,0.2857142857142857,0.06666666666666667,0.0,1
Prim,0.8463663885822857,0.021324328213256593,7,0.673087133785397,28.229159116744995,1.0,0.5,0.0,0.26666666666666666,0.0,2
Kruskal,0.9724968401368109,0.18773373889213948,15,1.2289181634298054,33.92316269874573,1.0,0.625,0.2857142857142857,0.0,0.0,3
GPrim,1.019130317588976,0.17034217367086782,38,2.8169924388020062,42.093270778656006,1.0,1.0,1.0,1.0,0.0,4
