models,delta,spacing,onvg,hypervolume,c_A,c_B,c_C,c_D,c_E,score
A,0.8975607990325523,0.010442892840074809,7,0.1085456419190131,0.0,0.0,0.0,0.0,0.0,0
B,0.8093994196071312,0.013118193161133839,15,0.21693146074866326,1.0,0.0,0.38461538461538464,0.3076923076923077,0.0,1
C,0.8285246509051785,0.010301040144486531,13,0.18749383831170965,1.0,0.5333333333333333,0.0,0.15384615384615385,0.0,2
D,0.8369372212138073,0.014116031975709879,13,0.24421426215214834,1.0,0.5333333333333333,0.6153846153846154,0.0,0.0,3
E,0.7928605619555519,0.08906649048378223,34,0.8193648006250243,1.0,1.0,1.0,1.0,0.0,4
