models,delta,spacing,onvg,hypervolume,time,c_A,c_B,c_C,c_D,c_E,score
A,0.8632478683203675,0.3779403478463935,7,0.034303896306949536,18.365647792816162,0.0,0.0,0.0,0.0,0.0,0
B,0.6630036911471439,0.00010364422052746359,15,0.06855728340332155,40.984736919403076,1.0,0.0,0.38461538461538464,0.3076923076923077,0.0,1
C,0.713675235442669,8.138645797357212e-05,13,0.05925405270932621,28.6263689994812,1.0,0.5333333333333333,0.0,0.15384615384615385,0.0,2
D,0.7350427548708264,0.00011152794543372505,13,0.07717952169646775,37.7173330783844,1.0,0.5333333333333333,0.6153846153846154,0.0,0.0,3
E,0.17793507306230713,0.0007036965280142902,34,0.2589454966711277,44.001588106155396,1.0,1.0,1.0,1.0,0.0,4
