models,delta,spacing,onvg,hypervolume,time,c_Prufer,c_NetKeys,c_Prim,c_Kruskal,c_GPrim,score
Prufer,0.8494865742162278,0.014254165969124339,12,0.17612557076723856,28.895637035369873,0.0,0.13333333333333333,0.07692307692307693,0.0,0.0,0
NetKeys,0.8093994196071312,0.013118193161133839,15,0.21693146074866326,40.984736919403076,0.75,0.0,0.38461538461538464,0.13333333333333333,0.0,1
Prim,0.8285246509051785,0.010301040144486531,13,0.18749383831170965,28.6263689994812,0.8333333333333334,0.5333333333333333,0.0,0.13333333333333333,0.0,2
Kruskal,0.8201665649260583,0.0248768596221939,15,0.2604019618434097,34.29587006568909,1.0,0.5333333333333333,0.6923076923076923,0.0,0.0,3
GPrim,0.7928605619555519,0.08906649048378223,34,0.8193648006250243,44.001588106155396,1.0,1.0,1.0,1.0,0.0,4
