models,igd,delta,spacing,onvg,hypervolume,c_A,c_B,c_C,c_D,c_E,c_F,score
A,0.7632168863816965,0.8421052630385759,0.00019657127585675924,5,0.013830612603630582,0.0,0.16666666666666666,0.0,0.0,0.0,0.0,0
B,0.5937171079520639,0.42105270962316016,0.00029483988463264895,12,0.03399163187090995,0.8,0.0,0.2,0.1111111111111111,0.0,0.0,1
C,0.2179449795133943,0.26315796050351464,4.8661621694570594e-05,15,0.02858669742669551,1.0,0.5833333333333334,0.0,0.3333333333333333,0.05,0.0,2
D,0.738241160881691,0.5789474011074993,9.552370933411715e-05,9,0.01909835060595419,1.0,0.75,0.3333333333333333,0.0,0.1,0.0,2
E,6.636858014367946e-05,6.5521769554277805e-06,0.00045910717340290797,20,0.06293449468075457,1.0,1.0,0.4666666666666667,0.6666666666666666,0.0,0.0,4
F,6.625526271073322e-05,6.552176992260849e-06,0.00045948101165809124,20,0.06294949704359452,1.0,1.0,0.4666666666666667,0.7777777777777778,0.35,0.0,5
