models,igd,delta,spacing,onvg,hypervolume,time,c_A,c_B,c_C,c_D,c_E,score
A,0.05522295756931347,0.8368698679144171,0.027483463458473755,6,0.15629512094524461,19.161789894104004,0.0,0.1111111111111111,0.0,0.0,0.0,0
B,0.0490222005357064,0.7623259116937113,0.035890487975462064,9,0.26347111663768785,23.361566305160522,0.8333333333333334,0.0,0.2,0.4,0.1,2
C,0.039069631181956666,0.7279899757563937,0.024602790140728876,10,0.26714407119982775,18.216341733932495,1.0,0.2222222222222222,0.0,0.5,0.0,3
D,0.04335632459768805,0.7444469303664453,0.015610257522757591,10,0.2459311553787566,20.96842670440674,0.8333333333333334,0.3333333333333333,0.3,0.0,0.0,1
E,0.01698294173249185,0.6436300161779198,0.11763247010993667,20,0.8066796377455259,25.446496963500977,1.0,0.6666666666666666,0.6,0.9,0.0,4
