models,igd,delta,spacing,onvg,hypervolume,time,c_Prufer,c_NetKeys,c_Prim,c_Kruskal,c_GPrim,score
Prufer,0.08560814975926533,0.7463780575558957,0.04922568357609929,8,0.5814633392677531,17.78177499771118,0.0,0.2222222222222222,0.0,0.1111111111111111,0.0,0
NetKeys,0.08200720322026168,0.7000647855084496,0.0396962128055885,9,0.6448105459870086,22.37953782081604,0.375,0.0,0.125,0.1111111111111111,0.0,1
Prim,0.09516392098870385,0.819616747587197,0.002435932217031185,8,0.6320730056367285,17.781672954559326,0.875,0.5555555555555556,0.0,0.5555555555555556,0.0,3
Kruskal,0.09354891483700031,0.7760094417169534,0.0023984079941203993,9,0.6308881067769524,19.7438805103302,0.75,0.5555555555555556,0.0,0.0,0.0,2
GPrim,0.000696735205431765,0.9105752910509938,0.23734281428489762,20,2.4759015960110125,23.937131881713867,1.0,0.8888888888888888,0.5,0.7777777777777778,0.0,4
