models,igd,delta,spacing,onvg,hypervolume,time,c_Prufer,c_NetKeys,c_Prim,c_Kruskal,c_GPrim,score
Prufer,0.05522295756931347,0.8368698679144171,0.027483463458473755,6,0.8512950234019391,19.161789894104004,0.0,0.1111111111111111,0.0,0.0,0.0,0
NetKeys,0.0490222005357064,0.7623259116937113,0.035890487975462064,9,1.2527238740095499,23.361566305160522,0.8333333333333334,0.0,0.2,0.4,0.1,2
Prim,0.039069631181956666,0.7279899757563937,0.024602790140728876,10,1.0296092142404625,18.216341733932495,1.0,0.2222222222222222,0.0,0.5,0.0,3
Kruskal,0.04335632459768805,0.7444469303664453,0.015610257522757591,10,1.2454368136455167,20.96842670440674,0.8333333333333334,0.3333333333333333,0.3,0.0,0.0,1
GPrim,0.01698294173249185,0.6436300161779198,0.11763247010993667,20,1.4332532478645341,25.446496963500977,1.0,0.6666666666666666,0.6,0.9,0.0,4
