models,igd,delta,spacing,onvg,hypervolume,time,c_A,c_B,c_C,c_D,c_E,score
A,0.051223975177402035,0.8694222458848627,0.07095080729911458,4,0.16100647271628185,14.800610303878784,0.0,0.0,0.0,0.0,0.0,0
B,0.0490222005357064,0.7623259116937113,0.035890487975462064,9,0.26347111663768785,23.361566305160522,1.0,0.0,0.2,0.2222222222222222,0.1,1
C,0.039069631181956666,0.7279899757563937,0.024602790140728876,10,0.26714407119982775,18.216341733932495,1.0,0.2222222222222222,0.0,0.0,0.0,2
D,0.04435855129403321,0.7664369436152801,0.021709689416436008,9,0.22969193726077608,20.72290062904358,1.0,0.4444444444444444,0.5,0.0,0.05,3
E,0.01698294173249185,0.6436300161779198,0.11763247010993667,20,0.8066796377455259,25.446496963500977,1.0,0.6666666666666666,0.6,0.4444444444444444,0.0,4
