models,igd,delta,spacing,onvg,hypervolume,c_A,c_B,c_C,c_D,c_E,score
A,0.8616844060861878,0.8771929798864672,0.00011767772358440461,4,0.011972832022516007,0.0,0.2,0.0,0.125,0.0,0
B,0.6041523050931942,0.5672514588454032,0.31617266642096814,10,0.029966736090757097,0.75,0.0,0.5555555555555556,0.25,0.0,2
C,0.6519202506491941,0.5789474004379868,0.0002625772654630989,9,0.02291893119080702,0.75,0.4,0.0,0.5,0.0,1
D,0.6538348529279568,0.6691729504348763,0.00010089327711035952,8,0.01730442372814013,0.75,0.5,0.5555555555555556,0.0,0.0,3
E,0.0500000437917271,0.05263293162068158,0.00016491120799447606,19,0.04395901039537432,1.0,1.0,0.7777777777777778,1.0,0.0,4
