models,igd,delta,spacing,onvg,hypervolume,time,c_Prufer,c_NetKeys,c_Prim,c_Kruskal,c_GPrim,score
Prufer,0.04171046497890952,0.7809923663035893,0.023202423309485253,8,0.6532975362100955,17.78177499771118,0.0,0.2222222222222222,0.0,0.1111111111111111,0.0,0
NetKeys,0.043268687981964135,0.749041641283909,0.017639156012543466,9,0.7388568740977504,22.37953782081604,0.375,0.0,0.125,0.1111111111111111,0.0,1
Prim,0.04804745851237274,0.8097411189519952,0.0009597080827584457,8,0.7035376314328784,17.781672954559326,0.875,0.5555555555555556,0.0,0.5555555555555556,0.0,3
Kruskal,0.044749722056386096,0.7738379902699031,0.000944924296996696,9,0.7030708052194772,19.7438805103302,0.75,0.5555555555555556,0.0,0.0,0.0,2
GPrim,0.0002744995954814205,0.5986569300640752,0.0935082740239207,20,0.8262204526066743,23.937131881713867,1.0,0.8888888888888888,0.5,0.7777777777777778,0.0,4
