models,igd,delta,spacing,onvg,hypervolume,c_A,c_B,c_C,c_D,c_E,score
A,0.04919298318386719,0.8500316513586911,0.05039772224817485,5,0.17729736185558637,0.0,0.16666666666666666,0.0,0.0,0.0,0
B,0.03346678900439179,0.7271427091079622,0.07559221737069101,12,0.4357454603490661,0.8,0.0,0.2,0.1111111111111111,0.0,1
C,0.031942214814603145,0.6060321525120381,0.01247605930021164,15,0.36645853536426404,1.0,0.5833333333333334,0.0,0.3333333333333333,0.0,2
D,0.04582208343227278,0.7580295515654529,0.02449074693213625,9,0.24482553848264516,1.0,0.75,0.3333333333333333,0.0,0.0,2
E,0.016951388734873823,0.6437410855315332,0.11780356159831637,20,0.8069620685518731,1.0,1.0,0.4666666666666667,0.7777777777777778,0.0,4
