models,igd,delta,spacing,onvg,hypervolume,c_A,c_B,c_C,c_D,c_E,score
A,0.6763874752254938,0.7192982558656995,0.3780187063529211,7,0.014970480327115942,0.0,0.0,0.0,0.0,0.0,0
B,0.6224949891135984,0.6184210506687334,0.00025743027748692055,9,0.02606438154188454,1.0,0.0,0.25,0.08333333333333333,0.0,1
C,0.5545268356956675,0.6766917350775796,0.3535136782533166,8,0.022237906970650957,1.0,0.4444444444444444,0.0,0.5833333333333334,0.05555555555555555,3
D,0.4898979569741503,0.42105267941587676,0.00015624779928510136,12,0.02849419666080246,1.0,0.6666666666666666,0.375,0.0,0.0,2
E,0.11180343742216374,0.10526440697657481,0.00010491426297775159,18,0.037423096432982805,1.0,1.0,0.75,1.0,0.0,4
