models,igd,delta,spacing,onvg,hypervolume,c_A,c_B,c_C,c_D,c_E,c_F,score
A,0.6763874751721687,0.7192982558971627,0.37802158051973844,7,0.015000897650121017,0.0,0.0,0.0,0.0,0.0,0.0,0
B,0.6204836896890381,0.5263158252365763,0.00019302126236431076,10,0.023991214048264632,1.0,0.0,0.25,0.3333333333333333,0.0,0.0,3
C,0.33541020967501667,0.4641148510357311,0.00030850197775132677,12,0.029862452730055708,1.0,0.2,0.0,0.4,0.0,0.0,2
D,0.2783882261952958,0.2631579897964843,0.0002585828109906301,15,0.03948584950349806,1.0,0.3,0.25,0.0,0.0,0.0,1
E,6.640570711455271e-05,6.551408885596611e-06,0.0004583105253887083,20,0.06292979311011569,1.0,0.8,0.5833333333333334,0.8,0.0,0.1,4
F,6.629301609593944e-05,6.552018943116094e-06,0.00045928636302721955,20,0.06294448651920538,1.0,0.8,0.5833333333333334,0.8666666666666667,0.2,0.0,5
