models,igd,delta,spacing,onvg,hypervolume,time,c_Prufer,c_NetKeys,c_Prim,c_Kruskal,c_GPrim,score
Prufer,0.09865145740185566,0.8198540460948844,0.044697472715793704,6,0.5867962788717525,17.220355987548828,0.0,0.0,0.375,0.125,0.0,0
NetKeys,0.07638395719702551,0.7496956115948186,0.04134941354064223,9,0.6635804046996959,22.446142435073853,1.0,0.0,0.625,0.375,0.1,3
Prim,0.09360928861555426,0.7973450514143459,0.04452480238700253,8,0.6217780439058165,17.906423091888428,0.5,0.2222222222222222,0.0,0.25,0.05,1
Kruskal,0.08894456117292661,0.7582576193474271,0.04420282882046752,8,0.6264596968270059,19.51388955116272,0.6666666666666666,0.1111111111111111,0.625,0.0,0.05,2
GPrim,0.0012217816899659484,0.9125487349178664,0.23649408988283546,20,2.47469649658168,24.69578790664673,1.0,0.7777777777777778,0.875,0.75,0.0,4
