models,igd,delta,spacing,onvg,hypervolume,time,c_A,c_B,c_C,c_D,c_E,score
A,0.03437628684163831,0.7511767176849409,0.05495922132603404,10,0.3255284566831755,18.379279613494873,0.0,0.0,0.0,0.0,0.0,0
B,0.0395675362035698,0.7352808132485612,0.03419176565349662,10,0.28546645220891165,23.590299129486084,0.9,0.0,0.18181818181818182,0.09090909090909091,0.0,1
C,0.035937085639272504,0.709903016951233,0.01955586131284445,11,0.2983213328969904,17.575138330459595,0.9,0.3,0.0,0.09090909090909091,0.0,2
D,0.03712719121892448,0.7249818614298802,0.029843620631527994,11,0.2948160543487103,20.171485900878906,1.0,0.7,0.5454545454545454,0.0,0.05,3
E,0.01699080185692643,0.6437279461567916,0.11755724651405967,20,0.8066303177633702,25.23655891418457,1.0,0.7,0.6363636363636364,0.36363636363636365,0.0,4
