models,delta,spacing,onvg,hypervolume,time,c_Prufer,c_NetKeys,c_Prim,c_Kruskal,c_GPrim,score
Prufer,0.9326980414204045,0.008736136845820126,5,0.4757564290049729,21.888878107070923,0.0,0.0,0.0,0.0,0.0,0
NetKeys,0.8351822712207069,0.0019067503884712897,12,0.6499348734270701,23.70239567756653,1.0,0.0,0.0,0.0,0.0,1
Prim,0.9041207795075974,0.0021081627354084345,8,0.629084160294911,27.296650409698486,1.0,0.9166666666666666,0.0,0.3333333333333333,0.10526315789473684,2
Kruskal,0.888298060238763,0.002378769966517244,9,0.6066048672657417,33.07620716094971,1.0,0.8333333333333334,0.5,0.0,0.10526315789473684,3
GPrim,0.7478457579140732,0.006902366242800562,19,0.7483373421510351,39.91389846801758,1.0,1.0,0.875,0.8888888888888888,0.0,4
