models,delta,spacing,onvg,hypervolume,time,c_Prufer,c_NetKeys,c_Prim,c_Kruskal,c_GPrim,score
Prufer,0.8897103438287634,0.041044628356222294,5,0.38609870451911127,21.888878107070923,0.0,0.0,0.0,0.0,0.0,0
NetKeys,0.8167135078776621,0.008958406037370201,12,0.5572392671138173,23.70239567756653,1.0,0.0,0.0,0.0,0.0,1
Prim,0.8787881754511523,0.009904693289079718,8,0.551733625727407,27.296650409698486,1.0,0.9166666666666666,0.0,0.3333333333333333,0.10526315789473684,2
Kruskal,0.8640698030990179,0.00976459474151903,9,0.5385764951529374,33.07620716094971,1.0,0.8333333333333334,0.5,0.0,0.10526315789473684,3
GPrim,0.7265864516530717,0.01940897192652621,19,0.6497339055091156,39.91389846801758,1.0,1.0,0.875,0.8888888888888888,0.0,4
