models,delta,spacing,onvg,hypervolume,time,c_Prufer,c_NetKeys,c_Prim,c_Kruskal,c_GPrim,score
Prufer,0.9565320276605648,0.017614198704548677,4,0.5606710369717391,23.636916399002075,0.0,0.0,0.0,0.0,0.0,0
NetKeys,0.9061344577347419,0.013545835412480028,7,0.6837277401775036,22.684925079345703,1.0,0.0,0.2222222222222222,0.0,0.0,1
Prim,0.8869280388772552,0.007412078848719278,9,0.6684126155548541,27.644306421279907,1.0,0.5714285714285714,0.0,0.5,0.0,3
Kruskal,0.8995661921997848,0.0075284466520905875,8,0.6854471676486793,31.09947443008423,1.0,0.7142857142857143,0.2222222222222222,0.0,0.0,2
GPrim,0.7039218990302661,0.020448974215865404,24,0.8270010642600977,40.97577524185181,1.0,1.0,1.0,1.0,0.0,4
