models,delta,spacing,onvg,hypervolume,time,c_Prufer,c_NetKeys,c_Prim,c_Kruskal,c_GPrim,score
Prufer,0.9782419360267042,0.02343382317104719,4,0.655512874273048,60.3320095539093,0.0,0.0,0.0,0.0,0.0,0
NetKeys,0.9678629427386697,0.02625180010436393,4,0.6965602798715662,119.02765417098999,0.5,0.0,0.0,0.0,0.0,1
Prim,0.9318833723623235,0.005085550962166977,8,0.6964879306470536,69.56597399711609,1.0,0.75,0.0,0.25,0.0,2
Kruskal,0.9635023541497878,0.0035445430128791286,8,0.7327791583591413,101.60040426254272,1.0,1.0,0.25,0.0,0.0,2
GPrim,0.931224481616286,0.0608679491915402,76,0.9400483390727101,104.31417727470398,1.0,1.0,1.0,1.0,0.0,4
