models,delta,spacing,onvg,hypervolume,time,c_Prufer,c_NetKeys,c_Prim,c_Kruskal,c_GPrim,score
Prufer,0.9542221440163842,0.05123784154915627,5,0.48566295369129,54.73463535308838,0.0,0.0,0.0,0.0,0.0,0
NetKeys,0.9465189624964604,0.009101466200857621,8,0.6541337934436162,114.11131739616394,1.0,0.0,0.0,0.0,0.0,1
Prim,0.9636803341615457,0.009112157796189072,5,0.6316216861427912,66.32232737541199,1.0,0.75,0.0,0.6666666666666666,0.0,3
Kruskal,0.9653675759978737,0.015181441384528467,6,0.6132148960933651,82.43334555625916,1.0,0.375,0.0,0.0,0.0,2
GPrim,0.8576073492303591,0.025403623531674992,41,0.8600491786364522,114.90790820121765,1.0,1.0,1.0,1.0,0.0,4
