models,delta,spacing,onvg,hypervolume,time,c_Prufer,c_NetKeys,c_Prim,c_Kruskal,c_GPrim,score
Prufer,0.9527193437836726,0.01404477997546402,9,0.7163100025445932,123.29664373397827,0.0,0.0,0.0,0.0,0.0,0
NetKeys,0.9632432063554073,0.002123057305277025,8,0.7703699383635695,135.00380063056946,1.0,0.0,1.0,0.25,0.0,3
Prim,0.9830224213207116,0.004938149900685658,4,0.7641437656968411,105.52155876159668,0.7777777777777778,0.0,0.0,0.0,0.0,1
Kruskal,0.9782470121110657,0.02652758167926929,4,0.8033494035508052,120.60920715332031,0.7777777777777778,0.0,0.5,0.0,0.0,2
GPrim,0.9641037228230295,0.04580844888327706,24,0.9597109219611061,183.50582242012024,1.0,1.0,1.0,1.0,0.0,4
