models,delta,spacing,onvg,hypervolume,time,c_Prufer,c_NetKeys,c_Prim,c_Kruskal,c_GPrim,score
Prufer,0.9714920758734908,0.05396465870322052,9,0.6265344297473856,123.29664373397827,0.0,0.0,0.0,0.0,0.0,0
NetKeys,0.960433551135824,0.009834598435384829,8,0.6950893805565005,135.00380063056946,1.0,0.0,1.0,0.25,0.0,3
Prim,0.96447016412745,0.022874898932905622,4,0.6662479979831494,105.52155876159668,0.7777777777777778,0.0,0.0,0.0,0.0,1
Kruskal,0.9496174589326304,0.0429420143338647,4,0.7023668383135421,120.60920715332031,0.7777777777777778,0.0,0.5,0.0,0.0,2
GPrim,1.1232096569457375,0.21219761642566598,24,2.9827852675643363,183.50582242012024,1.0,1.0,1.0,1.0,0.0,4
