models,delta,spacing,onvg,hypervolume,time,c_Prufer,c_NetKeys,c_Prim,c_Kruskal,c_GPrim,score
Prufer,0.9394174766162896,0.03935084132082526,4,0.5857164932846922,22.66727876663208,0.0,0.0,0.0,0.0,0.0,0
NetKeys,0.9367028348485312,0.007001233199329785,5,0.6615472783635784,23.370626211166382,1.0,0.0,0.2222222222222222,0.5714285714285714,0.0,2
Prim,0.8832835105401823,0.010635047017780395,9,0.646090871314326,27.660083055496216,1.0,0.4,0.0,0.5714285714285714,0.0,3
Kruskal,0.9095875456773758,0.009826700032541014,7,0.6660677536075987,34.54437470436096,1.0,0.0,0.1111111111111111,0.0,0.0,1
GPrim,0.7300394570101482,0.016219342046920958,21,0.8256292645243618,40.82808804512024,1.0,1.0,1.0,1.0,0.0,4
