models,delta,spacing,onvg,hypervolume,time,c_Prufer,c_NetKeys,c_Prim,c_Kruskal,c_GPrim,score
Prufer,0.9018570443272242,0.019700608894862037,5,0.41473683473221495,21.973653078079224,0.0,0.0,0.0,0.0,0.0,0
NetKeys,0.8980288564563711,0.01837757696567522,6,0.5087245067184619,23.55803394317627,1.0,0.0,0.2857142857142857,0.1111111111111111,0.09523809523809523,1
Prim,0.9017605022804659,0.005071187842317461,7,0.4998179499779095,27.28787612915039,1.0,0.5,0.0,0.3333333333333333,0.09523809523809523,3
Kruskal,0.8345753655872087,0.023440319261117566,9,0.5634044445955175,32.28708028793335,1.0,0.3333333333333333,0.2857142857142857,0.0,0.14285714285714285,2
GPrim,0.7196459217221621,0.036689685307998585,21,0.6604532950931129,39.45939564704895,1.0,0.6666666666666666,0.2857142857142857,0.6666666666666666,0.0,4
