models,delta,spacing,onvg,hypervolume,c_A,c_B,c_C,c_D,c_E,score
A,0.9124579165143134,2.872326147876789,4,0.16409030342149278,0.0,0.0,0.0,0.0,0.0,0
B,0.9393939413732266,0.0001766920222349756,9,0.15684067923967737,0.75,0.0,0.5833333333333334,0.2,0.0,2
C,0.8971533580758775,0.38922218199604375,12,0.20849971808363965,1.0,0.2222222222222222,0.0,0.25,0.0,2
D,0.817118588989635,0.5982663320608942,20,0.4412855705204053,1.0,0.4444444444444444,0.16666666666666666,0.0,0.0,2
E,0.6125701891232073,0.49927713961755077,46,0.5924357486103046,1.0,1.0,1.0,0.65,0.0,4
