models,delta,spacing,onvg,hypervolume,c_A,c_B,c_C,c_D,c_E,score
A,0.9124579165143134,2.872326147876789,4,0.16409030342149278,0.0,0.0,0.0,0.0,0.0,0
B,0.8438934895967398,0.9534637622969929,12,0.2575799796575771,0.75,0.0,0.25,0.14285714285714285,0.0,1
C,0.8576675908862262,0.5221643152101482,12,0.268374767806241,1.0,0.4166666666666667,0.0,0.047619047619047616,0.0,2
D,0.7848484980212618,0.4831630349648838,21,0.4718576702681172,1.0,0.75,0.5,0.0,0.0,3
E,0.8111550398806392,0.2823295128936886,24,0.34863656621797484,1.0,0.8333333333333334,1.0,0.6190476190476191,0.0,4
