models,delta,spacing,onvg,hypervolume,c_A,c_B,c_C,c_D,c_E,score
A,0.9191919197416398,0.5476088519360874,5,0.13846614751688358,0.0,0.0,0.0,0.0,0.0,0
B,0.8787878851921593,0.8696690200546139,13,0.24680572561764497,1.0,0.0,0.2727272727272727,0.3125,0.0,1
C,0.9111111144974942,0.3014946129881668,11,0.18546845725161648,1.0,0.46153846153846156,0.0,0.375,0.0,3
D,0.8040404199892708,0.793257954747673,16,0.39707612297367145,1.0,0.6153846153846154,0.2727272727272727,0.0,0.0,2
E,0.7857522734042367,0.4893464497045964,20,0.33272399168118993,1.0,0.7692307692307693,1.0,0.5625,0.0,4
