models,delta,spacing,onvg,hypervolume,c_A,c_B,c_C,c_D,c_E,score
A,0.9191919197416398,0.5476088519360874,5,0.13846614751688358,0.0,0.0,0.0,0.0,0.0,0
B,0.8826728892727487,0.42576611217743277,14,0.2395004632503089,1.0,0.0,0.6,0.55,0.0,3
C,0.8787878860562434,0.5269899013936409,10,0.20620946783597072,1.0,0.07142857142857142,0.0,0.05,0.0,1
D,0.8431685445675269,0.4471983109232574,20,0.320382125782968,1.0,0.21428571428571427,0.5,0.0,0.0,2
E,0.4776575774108456,0.21971657351169885,60,1.5836305719359585,1.0,1.0,1.0,1.0,0.0,4
