models,delta,spacing,onvg,hypervolume,c_A,c_B,c_C,c_D,c_E,score
A,0.9196162492969565,0.007158841074005968,5,0.08414455238885614,0.0,0.0,0.0,0.0,0.0,0
B,0.8804983351889678,0.0028965179273164575,10,0.13732075339237224,1.0,0.0,0.6666666666666666,0.3076923076923077,0.0,2
C,0.8816992954559194,0.009394666757260237,9,0.1189488355105244,1.0,0.1,0.0,0.07692307692307693,0.0,1
D,0.8265644875568214,0.021675719229903464,13,0.23436074769843412,1.0,0.5,0.7777777777777778,0.0,0.0,3
E,0.9018495165481037,0.10943968576202615,23,0.6950783261365203,1.0,1.0,1.0,1.0,0.0,4
