models,delta,spacing,onvg,hypervolume,c_A,c_B,c_C,c_D,c_E,score
A,0.9102564123642262,3.891686560570657e-05,5,0.026138549171472313,0.0,0.0,0.0,0.0,0.0,0
B,0.8388278404640692,0.35352602614891604,8,0.044786717033043724,1.0,0.0,0.5714285714285714,0.6428571428571429,0.0,3
C,0.8119658212841668,0.534458220755939,7,0.04346886300453762,1.0,0.125,0.0,0.42857142857142855,0.0,2
D,0.7199210761957858,0.578865245477522,14,0.10512141123784224,1.0,0.125,0.14285714285714285,0.0,0.0,1
E,0.6529914858674015,6.754112822636604e-05,16,0.07948757405280736,1.0,1.0,1.0,1.0,0.0,4
