models,delta,spacing,onvg,hypervolume,time,c_A,c_B,c_C,c_D,c_E,score
A,0.8689734925714181,0.016579487388552222,5,0.11814500784808797,18.18162989616394,0.0,0.0,0.0,0.0,0.0,0
B,0.8782387656536036,0.02346531139150842,10,0.1745773566976349,40.37494444847107,1.0,0.0,0.2727272727272727,0.23076923076923078,0.0,1
C,0.8255071823423389,0.020825889160678384,11,0.24461466947762828,28.66184139251709,1.0,0.5,0.0,0.15384615384615385,0.0,2
D,0.8241234187014218,0.0272537390120143,13,0.24566760010556166,37.33107304573059,1.0,0.6,0.45454545454545453,0.0,0.0,3
E,0.7898940700044554,0.08791601592226281,35,0.8189730276490149,43.49307942390442,1.0,1.0,1.0,1.0,0.0,4
