models,delta,spacing,onvg,hypervolume,time,c_A,c_B,c_C,c_D,c_E,score
A,0.8974358867024729,0.5474978728093008,5,0.03733760312024695,18.18162989616394,0.0,0.0,0.0,0.0,0.0,0
B,0.8290598412628485,0.9486670070537819,10,0.05517203119186697,40.37494444847107,1.0,0.0,0.2727272727272727,0.23076923076923078,0.0,1
C,0.7743589806460561,0.4044570170198226,11,0.07730606322435382,28.66184139251709,1.0,0.5,0.0,0.15384615384615385,0.0,2
D,0.7136752405519626,0.2773130441646034,13,0.07763882299656086,37.33107304573059,1.0,0.6,0.45454545454545453,0.0,0.0,3
E,0.1282075797164616,0.0006946068585986285,35,0.25882168387397353,43.49307942390442,1.0,1.0,1.0,1.0,0.0,4
