models,delta,spacing,onvg,hypervolume,time,c_A,c_B,c_C,c_D,c_E,score
A,1.0,inf,1,0.0,37.70012927055359,0.0,0.0,0.0,0.0,0.0,0
B,1.0,inf,1,0.0,56.89138841629028,0.0,0.0,0.0,0.0,0.0,0
C,0.9667422186558491,0.0,2,0.028419319633877456,41.53101086616516,0.0,0.0,0.0,0.0,0.0,0
D,1.0,inf,1,0.0,49.591432094573975,0.0,0.0,0.0,0.0,0.0,0
E,0.8554626372903088,0.20419520419854267,4,0.3756185193812913,77.96813368797302,1.0,1.0,1.0,1.0,0.0,4
