models,delta,spacing,onvg,hypervolume,time,c_A,c_B,c_C,c_D,c_E,score
A,0.8974358441824014,0.9568856786397943,4,0.06368828387333889,24.465449810028076,0.0,0.0,0.0,0.0,0.0,0
B,1.0,inf,1,0.0,56.89138841629028,1.0,0.0,0.0,0.0,0.0,1
C,0.9743589742208489,0.0,2,0.017849128831075905,41.53101086616516,1.0,0.0,0.0,0.0,0.0,1
D,0.9743587588404095,0.0,2,0.0773011487295253,53.352540731430054,1.0,1.0,1.0,0.0,0.0,3
E,0.9230771592108878,0.003206187334339771,4,0.23591216926187586,77.96813368797302,1.0,1.0,1.0,1.0,0.0,4
