models,delta,spacing,onvg,hypervolume,c_A,c_B,c_C,c_D,c_E,score
A,0.8642079227374517,0.0269012614897174,4,0.10140425975178752,0.0,0.0,0.0,0.0,0.0,0
B,1.0,inf,1,0.0,1.0,0.0,0.0,0.0,0.0,1
C,0.9667422186558491,0.0,2,0.028419319633877456,1.0,0.0,0.0,0.0,0.0,1
D,0.8375187244213051,0.0,2,0.12307861490615164,1.0,1.0,1.0,0.0,0.0,3
E,0.8554626372903088,0.20419520419854267,4,0.3756185193812913,1.0,1.0,1.0,1.0,0.0,4
