models,delta,spacing,onvg,hypervolume,time,c_Prufer,c_NetKeys,c_Prim,c_Kruskal,c_GPrim,score
Prufer,0.9545843530954453,0.012429262032490607,7,0.5846998162068514,239.617045879364,0.0,0.3333333333333333,0.0,0.0,0.0,1
NetKeys,0.8981003465030806,0.01746712597027857,18,0.664757485683118,1131.3068730831146,0.0,0.0,0.0,0.0,0.0,0
Prim,0.9825908687335333,0.003928382125377297,6,0.5860963442994156,187.97766733169556,1.0,0.3333333333333333,0.0,0.375,0.0,3
Kruskal,0.9222917999305253,0.0070183428922637,16,0.721855219413626,342.20418882369995,0.7142857142857143,1.0,0.0,0.0,0.0,2
GPrim,0.749278001680279,0.003371731897842563,98,0.7815547438351507,243.9889838695526,1.0,1.0,1.0,1.0,0.0,4
