models,delta,spacing,onvg,hypervolume,time,c_Prufer,c_NetKeys,c_Prim,c_Kruskal,c_GPrim,score
Prufer,0.9859417335181713,0.015783273557136147,5,0.4669560818458215,568.9793915748596,0.0,0.5,0.0,0.25,0.0,2
NetKeys,0.928803690184803,0.013977478099339807,6,0.5089155169964343,1504.7984035015106,0.0,0.0,0.25,0.0,0.0,0
Prim,0.991281394660357,0.058455228149209115,4,0.5268965675246119,288.68248772621155,1.0,0.5,0.0,0.25,0.0,3
Kruskal,0.9589737911950741,0.011761584508070185,4,0.5198050586012315,478.1966173648834,0.0,0.5,0.0,0.0,0.0,1
GPrim,0.9306488714341224,0.0024101834970420774,26,0.7524735234366486,780.8970773220062,1.0,1.0,1.0,1.0,0.0,4
