models,delta,spacing,onvg,hypervolume,time,c_Prufer,c_NetKeys,c_Prim,c_Kruskal,c_GPrim,score
Prufer,0.951561778163953,0.005117495593109147,10,0.5322707770798809,653.9499015808105,0.0,0.0,0.0,0.0,0.0,0
NetKeys,0.9876670337420518,0.0019368889006405334,7,0.6439659013544077,1515.93066239357,1.0,0.0,1.0,1.0,0.0,3
Prim,0.9930312675419277,0.03298073289903392,3,0.5814825831345358,306.4848966598511,0.5,0.0,0.0,0.0,0.0,1
Kruskal,0.9681804104948006,0.012868996920425594,5,0.6285549779802332,471.5513868331909,0.5,0.0,0.6666666666666666,0.0,0.0,2
GPrim,0.9463956510187336,0.0014024563052447258,26,0.7928632464458617,551.3391668796539,1.0,1.0,1.0,1.0,0.0,4
