models,delta,spacing,onvg,hypervolume,time,c_Prufer,c_NetKeys,c_Prim,c_Kruskal,c_GPrim,score
Prufer,0.9890150388967164,0.01529378201440998,5,0.5205494002300637,568.9793915748596,0.0,0.5,0.0,0.25,0.0,2
NetKeys,0.9594488043000203,0.01557656089922377,6,0.5805931067907193,1504.7984035015106,0.0,0.0,0.25,0.0,0.0,0
Prim,0.9816364841275698,0.01770313329896362,4,0.5688106367316819,288.68248772621155,1.0,0.5,0.0,0.25,0.0,3
Kruskal,0.9683246688548562,0.013854844330301989,4,0.5947107493881435,478.1966173648834,0.0,0.5,0.0,0.0,0.0,1
GPrim,0.9406317666900427,0.001371604643237339,26,0.7901384229088333,780.8970773220062,1.0,1.0,1.0,1.0,0.0,4
