models,delta,spacing,nds,c_1.2.4.0.1.0,c_1.2.4.0.1.1,c_1.2.4.0.1.2,c_1.2.4.0.1.3,score
1.2.4.0.1.0,1.1111106776999506,0.5765017255299055,4,0.0,0.0,0.0,0.0,0
1.2.4.0.1.1,1.1249999190727495,0.00045160824431570514,5,0.75,0.0,0.3333333333333333,0.3333333333333333,1
1.2.4.0.1.2,1.0894801016902989e-07,0.00017114701096058657,3,0.75,0.4,0.0,0.3333333333333333,3
1.2.4.0.1.3,3.8638704358273657e-07,0.0006133188475223781,3,0.75,0.4,0.0,0.0,2
