models,igd,delta,spacing,onvg,hypervolume,time,c_HMOEA,c_Prufer,c_NetKeys,c_Prim,c_Kruskal,c_GPrim,score
HMOEA,0.03183666233304589,0.74905303828187,0.026805902995628433,10,0.8510105884149913,40.27250623703003,0.0,0.2222222222222222,0.0,0.0,0.0,0.0,0
Prufer,0.03686234630737915,0.7677051474659881,0.009123501057864742,9,0.7241536651081366,28.175554513931274,0.5,0.0,0.14285714285714285,0.1111111111111111,0.2222222222222222,0.0,1
NetKeys,0.04814794075063096,0.8274875255699815,0.00028405910338567044,7,0.7252508277686472,34.049978256225586,0.7,0.4444444444444444,0.0,0.2222222222222222,0.2222222222222222,0.0,2
Prim,0.033314654902635285,0.7840452755276303,0.008522583030491188,9,0.7253515684117693,19.13048505783081,0.7,0.6666666666666666,0.42857142857142855,0.0,0.5555555555555556,0.0,4
Kruskal,0.03692203887167443,0.7679722057653601,0.007046302560418208,9,0.7234553982272406,31.335567951202393,0.7,0.7777777777777778,0.5714285714285714,0.2222222222222222,0.0,0.0,3
GPrim,8.493116049317285e-05,0.5370938960090649,0.04954935722113731,20,0.8844211283970324,27.095609664916992,0.9,0.8888888888888888,1.0,0.8888888888888888,1.0,0.0,5
