Instance,A-mean,A-std,B-mean,B-std,C-mean,C-std,D-mean,D-std,E-mean,E-std
NIn1,0.707349072546616,0.09031776974599104,0.530036951547826,0.13531755948962154,0.48682433430316846,0.12846039639159665,0.558762181970706,0.10017400967193991,0.011292388303621613,0.03350367605991773
NIn2,0.7908573636841355,0.08540872031401336,0.6089237229529165,0.1022834756281002,0.5604602532806032,0.09687269795408197,0.5371953833954857,0.11367115427252891,0.04741922024326971,0.07906593945497133
NIn3,0.7467384353348818,0.0661946091226626,0.6036169132460646,0.10557761094976709,0.5973701743263345,0.10793001591999533,0.6298314159074565,0.14164179234926652,0.04492211557277307,0.05900854951551814
NIn4,0.7733159665613898,0.14656887148341513,0.8169542349133417,0.1197321565886604,0.564573403488082,0.12452664866974168,0.5573779221702903,0.11436721957411408,0.04975459251501096,0.05267339334474719
NIn5,0.7562994982577143,0.13605545208468858,0.5785328302859692,0.15182152211600367,0.6166315208313261,0.13969817893739012,0.602561914984397,0.157858001618735,0.03346776423120005,0.046150989826534164
NIn6,0.7514232810567126,0.1077639648348966,0.5780183864618569,0.08885244672866363,0.5940932977901532,0.10513403672648197,0.6163133370324907,0.13750592566871145,0.043574436098095734,0.048489939448270514
NIn7,0.7260745381660083,0.08255774667162356,0.49693927625708945,0.13153465680748622,0.6472803498740919,0.08960001472256061,0.606020734289472,0.07898658458843562,0.03493519917842859,0.061477942587241444
NIn8,0.7369678228170131,0.10549150468216023,0.6552336727058783,0.20351621827030072,0.5782594072644004,0.05114766446821788,0.5046279467294427,0.1258993844783461,0.04241270579074225,0.08031917633680002
NIn9,0.7772234845551086,0.14465017690880175,0.6108305442035606,0.08146200472978875,0.6079350028281577,0.19148119071512062,0.6023003557191833,0.09478550669099929,0.0237620772627158,0.056439071797187136
