Instance,A-mean,A-std,B-mean,B-std,C-mean,C-std,D-mean,D-std,E-mean,E-std,F-mean,F-std
NIn1,0.7069796086507399,0.09044247822887377,0.47542420821167414,0.1302759717221125,0.36923614261146,0.16782334775927593,0.5814661639111891,0.16476379592579926,0.0001241852086607787,1.7242617940059092e-07,0.00012405668542626332,1.3574119748835634e-07
NIn2,0.8145151691877921,0.12375402386247944,0.6949309762354557,0.14771915073689237,0.4644960204272185,0.1781669408047026,0.5348047077930177,0.20972346440152087,6.582074855719461e-05,1.364789886571745e-07,6.566698754976795e-05,7.659480899489902e-08
NIn3,0.7367273731824249,0.05461496894554401,0.5743810237561698,0.1511173331117539,0.329643224613708,0.10646763169828906,0.5333058348230725,0.17630908734418668,6.65427140255525e-05,2.2348584197718107e-07,6.63610491200173e-05,9.393222284413266e-08
NIn4,0.7671288744231053,0.14836882292396303,0.5699792772058151,0.14447710467428107,0.4078491187403549,0.1147131659898078,0.4964397398934814,0.1407039176982247,6.616554266991783e-05,1.8292171793833207e-07,6.601139255267278e-05,1.0553588838505287e-07
NIn5,0.7663684510314264,0.13938943405465515,0.5043166116629513,0.11582212057054467,0.3929541832081901,0.10764303180954063,0.4336956523408112,0.17002379392079867,6.636716645046052e-05,1.6522380089567433e-07,6.621775384408384e-05,4.2480653385811656e-08
NIn6,0.7516284336257442,0.10749286903542495,0.526120942473694,0.13302918828828833,0.5978829173372275,0.15979996473757796,0.6759731476642974,0.10634994285930045,6.64653038150751e-05,1.0237996592712468e-07,6.636465111593452e-05,7.273068853142132e-08
NIn7,0.7360346281417314,0.09084625861233818,0.5463505025671134,0.14916815510749504,0.429390345992649,0.16007480751471215,0.5824036268277478,0.16219132657728788,6.633442565121945e-05,3.740351437346363e-08,6.627924754096129e-05,9.357680659485087e-08
NIn8,0.7371518751504968,0.10539042604676724,0.6275116887259415,0.20731400514492224,0.34379646193287744,0.12269481566303866,0.42142962193568456,0.18068505913530417,4.3403008705785134e-05,1.8815077726679535e-07,4.316425559798917e-05,1.3258245576542235e-07
NIn9,0.7551045035825846,0.138084059213454,0.5053732538305266,0.14525111474953392,0.39550059871078214,0.07796979411874776,0.46384831580909214,0.2075927472661549,6.650019698868914e-05,1.9416958874349107e-07,6.633747523051081e-05,1.2881075131210186e-07
