Instance,A-mean,A-std,B-mean,B-std,C-mean,C-std,D-mean,D-std,E-mean,E-std
NIn1,6.2,1.0770329614269007,10.0,1.0954451150103321,9.8,1.8330302779823362,10.4,0.66332495807108,19.8,0.6
NIn2,5.4,1.0198039027185568,10.5,1.284523257866513,9.3,0.9,10.1,1.0440306508910548,19.2,1.16619037896906
NIn3,5.7,0.9,10.0,0.7745966692414834,8.7,1.4177446878757827,9.9,2.1656407827707715,19.2,0.9797958971132713
NIn4,5.6,1.624807680927192,7.7,1.1874342087037917,8.8,1.2489995996796797,10.6,1.2,19.1,0.9433981132056604
NIn5,6.2,1.3266499161421599,9.8,1.469693845669907,9.2,1.2489995996796797,9.9,1.0440306508910548,19.3,1.004987562112089
NIn6,5.8,0.7483314773547882,8.4,0.6633249580710799,8.7,1.1,9.9,0.8306623862918076,19.2,0.8717797887081348
NIn7,6.0,0.8944271909999159,9.6,1.4966629547095764,8.6,0.8,9.8,0.8717797887081347,19.4,1.019803902718557
NIn8,5.7,0.6403124237432849,10.3,1.4866068747318506,8.9,0.8306623862918076,11.0,1.0954451150103321,19.3,1.1874342087037917
NIn9,5.1,1.0440306508910548,9.3,1.004987562112089,8.3,1.4177446878757827,9.8,0.6,19.6,0.9165151389911681
