Instance,A-mean,A-std,B-mean,B-std,C-mean,C-std,D-mean,D-std,E-mean,E-std
NIn1,0.04386416756818981,0.004838198559130734,0.032355974799087354,0.0039872306662344596,0.028333828278288377,0.0035402486238134377,0.031958032506078024,0.006874933984380526,0.012206244646577321,3.109151921197661e-05
NIn2,0.053778027484457036,0.0034424184149156947,0.0366026660770804,0.00580241540416521,0.03928176556293733,0.004709414290026888,0.042469544149928554,0.006561348432371538,0.01681261241023673,2.267517533490441e-05
NIn3,0.05064091641634534,0.003925932707366214,0.04113731199029615,0.007009000021340525,0.03913480807960028,0.006280274368888071,0.038681013613822694,0.00416868139539337,0.016989315633481748,1.8272000644577254e-05
NIn4,0.05117863296049481,0.005943981948799971,0.04012557805675265,0.006724649412797238,0.03808100355235157,0.0043772759650212495,0.040004981913910914,0.0030601836367775757,0.01696747298219972,2.8907667067484776e-05
NIn5,0.05941960458674346,0.003548282246470551,0.04468938694993703,0.009300012363374372,0.05088648340430032,0.003724517967168853,0.05484698536494627,0.0019106281002466063,0.011057262233347137,2.2922260668945862e-05
NIn6,0.0516703350028538,0.0057599679930008295,0.037843644494301346,0.006281901847307213,0.03681527600034423,0.0050280252727525725,0.038273397155657196,0.006051800156847367,0.016990795919135906,4.728839523650406e-05
