Instance,A-mean,A-std,B-mean,B-std,C-mean,C-std,D-mean,D-std,E-mean,E-std
NIn1,5.6,1.2806248474865698,9.9,0.7,11.6,2.1071307505705477,10.6,1.8,20.0,0.0
NIn2,5.0,0.8944271909999159,10.6,1.3564659966250536,11.8,2.181742422927143,9.9,2.211334438749598,20.0,0.0
NIn3,5.2,0.8717797887081347,9.4,1.1135528725660042,11.0,2.32379000772445,10.8,1.469693845669907,20.0,0.0
NIn4,6.0,1.0954451150103321,10.0,1.7888543819998317,11.7,1.676305461424021,10.7,1.4866068747318506,20.0,0.0
NIn5,5.2,0.39999999999999997,10.5,1.91049731745428,10.6,1.6852299546352716,8.4,0.6633249580710799,20.0,0.0
NIn6,5.2,1.16619037896906,10.8,1.98997487421324,12.3,2.193171219946131,10.9,2.0223748416156684,20.0,0.0
