Instance,A-mean,A-std,B-mean,B-std,C-mean,C-std,D-mean,D-std,E-mean,E-std
NIn1,0.7071439188411346,0.09053997375376698,0.5480995530119872,0.10994038070607272,0.5688445689735987,0.13101855293053674,0.6250922669107255,0.1037288193026789,0.00012084994921155809,1.7460346376820915e-07
NIn2,0.8152580235057332,0.11337735503577154,0.7860824719969074,0.144306599060072,0.7052190504811733,0.16406139467415765,0.9080237475137063,0.11288455626569442,0.31684173252400283,0.09006294060952034
NIn3,0.7808448336847239,0.14758510064967514,0.7284382285610909,0.11566225235053335,0.5454856569584796,0.18356309646315597,0.573517478033724,0.1353798730080492,0.0050651391240032284,0.014978304426923125
NIn4,0.8787654637206306,0.09094667714018329,0.6129473401660777,0.1295977396993874,0.4862738291460052,0.13052886294286756,0.664457999408765,0.14914953997937036,0.08107384982410379,0.06838989059609095
NIn5,0.8677709761062081,0.14395683200465342,0.6282873979660824,0.16048352800653568,0.5673432768899975,0.0766265300744791,0.5351801224873294,0.11217062964849045,0.00025659752055483774,9.961958842209238e-08
NIn6,0.7371722757382264,0.10524754954140945,0.7104795733116073,0.18565772318144827,0.5356268693875583,0.09275700549688312,0.5112709463814549,0.14089723361454545,0.00019244821777038537,2.697811146525645e-07
