Instance,A-mean,A-std,B-mean,B-std,C-mean,C-std,D-mean,D-std,E-mean,E-std
NIn1,0.7548120360267041,0.054863754830988744,0.5639766284974652,0.07630732804162935,0.5684802008726167,0.10445258566730846,0.5414035361908722,0.054245418092422844,0.010532078809660873,0.03157743861230579
NIn2,0.787017550954173,0.057970177348308206,0.5374063020825741,0.06527569379665574,0.5848997752473086,0.05721566285842223,0.5570380805864226,0.06350801662281666,0.042109041976797615,0.06137668300395518
NIn3,0.7770175486039912,0.05389392160446309,0.5528070418640073,0.05171904325923318,0.6230952585375245,0.08225584603541561,0.5561741206430483,0.12632147984126338,0.04210898672493786,0.05156618748842938
NIn4,0.7803508843314579,0.09361518195938949,0.6698120412536269,0.07165417649301863,0.6205430391293909,0.06354866809668688,0.5178735019544255,0.07587775005862665,0.047372151336908336,0.04965015021267096
NIn5,0.7492481281494354,0.07072255216839397,0.5765075804118475,0.07883369020503356,0.5892059865462248,0.060757304938544185,0.5565497464738496,0.06525646502237466,0.0461304602568358,0.06637022317417075
NIn6,0.7638596464116695,0.03962115899981804,0.6539056064249416,0.03921929370733662,0.6278696955349365,0.059888391048113304,0.5626608434839231,0.02855575641530837,0.04678777473574426,0.04899540895870154
NIn7,0.7608270750829536,0.05304930576648031,0.6091850980063815,0.07911912049937511,0.609022578857632,0.04610438473677535,0.5579991955643498,0.062309811267599755,0.03158371374627765,0.05367175241062066
NIn8,0.7419298297142691,0.0629550787218745,0.5310821486490095,0.08401331286989233,0.6157477237850689,0.06117495546551821,0.4987719683573844,0.06669970945293835,0.036846354734185224,0.06249474250665198
NIn9,0.7728070203550723,0.04434989592439795,0.5888889121923195,0.05508727866179301,0.6425229918698199,0.05768701457273166,0.5624269328668416,0.0433205105057939,0.02105772655326383,0.04823595115727558
