Instance,A-mean,A-std,B-mean,B-std,C-mean,C-std,D-mean,D-std,E-mean,E-std
NIn1,0.7712301797364549,0.0519669267726756,0.7424095825926815,0.025044160985105236,0.691148432023795,0.0545963980694463,0.7083260138672737,0.0418072292281034,0.6426917852685583,0.0007554170506203778
NIn2,0.7819080778402017,0.03191096982584103,0.7350471301088608,0.03188547717321299,0.6894383632961129,0.0613754544147142,0.7683121553410261,0.044640140641942806,0.6435768367548869,0.0008449526131300512
NIn3,0.7684251812003536,0.03504022793651872,0.7585076477853686,0.02976297488348971,0.7155908447800174,0.06203963875472722,0.730050717999021,0.042253290854647005,0.6435596684694462,0.000496738238458265
NIn4,0.7763932624768037,0.044244367702607756,0.7412683076530536,0.04558412478860505,0.6963089744934907,0.042218196525838435,0.6731180788581644,0.04008698745144908,0.6426754247661315,0.0004097592799600008
NIn5,0.774363297704755,0.029822976842974563,0.7389991792721351,0.0308858888994,0.7231945494610535,0.04745664306917192,0.7439487397417653,0.028473443858500525,0.6430407628961828,0.0005044765149341148
NIn6,0.7623914519042884,0.037396770039340055,0.7157778074594281,0.056559163683953174,0.679708536367248,0.05495145172168244,0.7171357061207276,0.05122966163651922,0.6429368160381925,0.0008088852320753389
