Instance,Prufer-mean,Prufer-std,NetKeys-mean,NetKeys-std,Prim-mean,Prim-std,Kruskal-mean,Kruskal-std,GPrim-mean,GPrim-std
NIn1,0.7938025982639705,0.05076500427212452,0.7621415518389574,0.045958354828378935,0.759216523085387,0.05342984200251253,0.7798587573100252,0.025397003023285552,0.913360737325301,0.003953189982178647
NIn2,0.8093424839363876,0.031138964592519344,0.7498187437260548,0.035625669551274046,0.7746517687161918,0.027861284643310405,0.7656726590337279,0.03718632134822157,0.9122701440156845,0.0032537410126356786
NIn3,0.7822254520060972,0.030852581575198303,0.7373524928658373,0.03576469247456668,0.7681787929676235,0.03881643696136178,0.7670753685455235,0.02096028644838328,0.9106327913618181,0.003189515736084108
NIn4,0.809090281332252,0.025978725980650614,0.7619210922766392,0.045233063044074595,0.7638811488129323,0.060105899991511204,0.7871748285020337,0.03630118487503613,0.9134930977391461,0.0014185911319340712
NIn5,0.794235200708737,0.024513657622989748,0.8056487183586809,0.06832628161514356,0.7574912356423258,0.04365418157393085,0.794636716604361,0.038282005659305826,0.9124495925506787,0.0028306249156706056
NIn6,0.7994867422290614,0.03365570258031207,0.764748830406105,0.05328013933065883,0.7500698714192989,0.06182385080247205,0.7584842789673558,0.0444869508712108,0.9127714318290991,0.0018793010048401186
