Instance,Prufer-mean,Prufer-std,NetKeys-mean,NetKeys-std,Prim-mean,Prim-std,Kruskal-mean,Kruskal-std,GPrim-mean,GPrim-std
NIn1,0.9359067463244626,0.09058066021857111,1.0500521420367166,0.10255321813103527,0.9825643760610587,0.060084637777164614,1.01665089988471,0.1181934521123036,1.4383365976809168,0.001874427358589158
NIn2,0.8746763810269279,0.06209553046720631,1.1418603416245265,0.11356080519283511,0.985417878340867,0.07570648965172284,0.9500987390887534,0.11658097977593013,1.431675880799335,0.0025884472730067416
NIn3,0.9594694466627878,0.0838048754912601,1.1084929483914852,0.09059297074578021,0.9881647592750118,0.0973417843226115,1.0356390989429618,0.10267137353313689,1.4334821998109248,0.0013497391229606679
NIn4,0.879650103382572,0.09018145544752453,1.0901370886853692,0.1189339447374747,0.946052233258856,0.07784298905885909,0.9805592013891669,0.07806489873758884,1.4318325509705616,0.0015103490784754855
NIn5,0.95656163921028,0.12387603177509321,1.155267603780053,0.12442776464855972,0.9229871456909384,0.06558813470681185,1.0112048545975556,0.07358133086558216,1.437547214529813,0.0016473898349690123
NIn6,0.9326652227612854,0.12186711158093878,1.0829080001617848,0.14082986458155985,1.0411560849872106,0.12393146499670313,1.0004510289156818,0.07919488416919146,1.4404276188355634,0.0023608463999833184
