Instance,A-mean,A-std,B-mean,B-std,C-mean,C-std,D-mean,D-std,E-mean,E-std,F-mean,F-std
NIn1,0.7414787070260476,0.05847899504259962,0.4733333799385731,0.0830356550262068,0.38851679607073036,0.11984283446076643,0.4157898629322134,0.0760883866203078,6.408621304379122e-06,1.090951815765208e-07,6.501390709409512e-06,6.144907859445204e-08
NIn2,0.801052638668005,0.06169953383196055,0.5085175628309053,0.07858264307370755,0.43076927651567265,0.10258504510211919,0.4338387157161977,0.09535351122427084,6.450756001601685e-06,8.998529018310066e-08,6.536200538289009e-06,2.0214686335466967e-08
NIn3,0.7650877268302618,0.05510251808562264,0.50067256193118,0.07872525872459901,0.36658697008896624,0.07979905436644978,0.4307021313129538,0.09660639388655405,6.444889336282619e-06,1.961530156814149e-07,6.549728146058112e-06,7.0763769600019795e-09
NIn4,0.7743859697666442,0.10414669788338213,0.5164912681063497,0.07719276762311342,0.4052632003383126,0.1053946453533772,0.4284798281479141,0.08451371069666,6.3367541851421645e-06,1.62460048245755e-07,6.465091917894635e-06,9.348594140051166e-08
NIn5,0.7583709347181288,0.06654797395310594,0.43492828538376554,0.05168570419562803,0.38947383914460343,0.09761683904905326,0.4179702439348996,0.11043727160295774,6.456797732057963e-06,1.7587081133744737e-07,6.5251724069929935e-06,5.0925497849304555e-08
NIn6,0.7687719265732419,0.03673165419113196,0.522046817105355,0.09106740150336898,0.5200000372394166,0.06841295148126854,0.5202172626944359,0.07783696247116421,6.438462408579556e-06,1.4005043707443475e-08,6.429732141478046e-06,3.5665903443626825e-08
NIn7,0.7642105342064012,0.037126717488731455,0.5180489483256355,0.06788157280181045,0.4198830821161227,0.12533732947468723,0.48289478239174083,0.08197061608098548,6.3624648551790015e-06,3.252913449435033e-08,6.377634867761309e-06,3.820539414525892e-08
NIn8,0.7435087795302346,0.06300565970922112,0.49078982020807516,0.11844441385076601,0.3859526883804069,0.09357293524666781,0.37251468777185004,0.10940673933041777,6.477596626010032e-06,1.0294793909876865e-07,6.5468906072781845e-06,1.529040359139674e-08
NIn9,0.7645614072330326,0.040112190100413385,0.5005423012594324,0.08466946741733523,0.4367251884645066,0.08432447185365104,0.4000000579052198,0.10578815426188345,6.425893831315235e-06,1.1001778260627252e-07,6.46518228440598e-06,5.043629641731801e-08
