Instance,A-mean,A-std,B-mean,B-std,C-mean,C-std,D-mean,D-std,E-mean,E-std
NIn1,0.04158462172388978,0.003301840689758176,0.029058839502084745,0.004969812747334841,0.025327995329241966,0.007061276871081775,0.03286075832972391,0.007038154656965064,0.012185255371660566,2.7370839602807767e-05
NIn2,0.053818798438935854,0.005640829487608541,0.042283072812677305,0.0070854497349397035,0.0360403597509286,0.007245196373348058,0.034458975109166415,0.008275504548741954,0.016810346882217407,1.9993355723276647e-05
NIn3,0.04905425634751821,0.002677870152986602,0.037127883365193584,0.005023196298521733,0.0319742404580783,0.0037242318334247348,0.03427505105904471,0.007882294174345687,0.01697488938937831,1.872629189682741e-05
NIn4,0.04906225862679798,0.006595955033102838,0.03793364181553405,0.005471214839890843,0.0363582787937892,0.005169625120896977,0.033427275581969305,0.00501155257263571,0.016894524854632872,2.5179026199829508e-05
NIn5,0.04998767295784799,0.0062885967296435995,0.033926263004734114,0.004638669435300463,0.034137876897809824,0.004995961546154038,0.032898661431613366,0.006784868462134263,0.016952140196277218,1.0571586657034296e-05
NIn6,0.048753174561695624,0.00472781899180384,0.03721266456287385,0.005576909514917444,0.04048732573428485,0.006034957691127365,0.03963940792929345,0.0038622936468302865,0.016973731887285553,1.4503160429455126e-05
NIn7,0.04842262878164438,0.0041497315840742285,0.037237012451528176,0.005100766686377922,0.03640262516524956,0.005948606657788584,0.03990732075484623,0.003961741600072451,0.016959413918951734,2.0443747836166606e-05
NIn8,0.05638233594678284,0.004629597456608451,0.04537341154066381,0.00804310989285623,0.04399801294392981,0.0034714387767572578,0.03928205153746694,0.006657352253627274,0.011041609016312463,3.3625996975023294e-05
NIn9,0.05029431737823864,0.00692522941814593,0.03722821996930593,0.006934151200343774,0.03411062398136416,0.003914737832216099,0.033226574952703605,0.007455047222199651,0.016972445104342194,2.7300780429707952e-05
