Instance,A-mean,A-std,B-mean,B-std,C-mean,C-std,D-mean,D-std,E-mean,E-std
NIn1,0.17738342131839163,0.03727187299026339,0.29813566282540327,0.07636953084659641,0.2969029671522577,0.03817148055326012,0.27137084269070805,0.047929684708892806,0.8063649660879427,0.00027676593276442803
NIn2,0.15210833915888688,0.02467500482962369,0.33266499718587317,0.09356447960553879,0.29654830382630815,0.05882122523432171,0.26033738399417217,0.0552049866370815,0.8068766107395587,0.0001667092035741519
NIn3,0.1699089025234593,0.03234500565062512,0.2857301502022317,0.08084128905340593,0.2840985925631473,0.061703096569453574,0.2784444593909126,0.038747162510798155,0.8066965450807946,8.632561284676492e-05
NIn4,0.16323255064872125,0.04691790631770002,0.2735772823930712,0.05053460966969212,0.29255571068094677,0.05251870330599218,0.2677125740886025,0.035657971238750114,0.8069870773245306,0.0001617847984288937
NIn5,0.16182499743182904,0.02889164763997993,0.32692506591791215,0.10401945417622813,0.2635644296275668,0.046795543441509053,0.21406031922270524,0.017485845563565087,0.8063668677010716,0.00019798172931730134
NIn6,0.15951970186378878,0.04531848905142258,0.28605697043670086,0.05475769614703189,0.30788164837821774,0.056515732887967345,0.28802978160100323,0.05952697668302782,0.8062947927724942,0.00026913293468332797
