Instance,A-mean,A-std,B-mean,B-std,C-mean,C-std,D-mean,D-std,E-mean,E-std
NIn1,0.23127700058617262,0.05264209846076868,0.29813566282540327,0.07636953084659641,0.2969029671522577,0.03817148055326012,0.28176468306033575,0.03398997354356105,0.8063649660879427,0.00027676593276442803
NIn2,0.2256765528299558,0.04190844405339759,0.33266499718587317,0.09356447960553879,0.29654830382630815,0.05882122523432171,0.22021473078365497,0.042770147431446665,0.8068766107395587,0.0001667092035741519
NIn3,0.24931532755393312,0.05349002820970454,0.2857301502022317,0.08084128905340593,0.2840985925631473,0.061703096569453574,0.27292906332478545,0.03960154475981953,0.8066965450807946,8.632561284676492e-05
NIn4,0.2347121620791141,0.04916058238744676,0.2735772823930712,0.05053460966969212,0.29255571068094677,0.05251870330599218,0.29998424120179634,0.03403752749368854,0.8069870773245306,0.0001617847984288937
NIn5,0.23898371674335617,0.043549542889078766,0.32692506591791215,0.10401945417622813,0.2635644296275668,0.046795543441509053,0.24687040557139076,0.030647965950270743,0.8063668677010716,0.00019798172931730134
NIn6,0.23466356190613036,0.0410197742779583,0.28605697043670086,0.05475769614703189,0.30788164837821774,0.056515732887967345,0.2631362825002661,0.04140653756808493,0.8062947927724942,0.00026913293468332797
