Instance,A-mean,A-std,B-mean,B-std,C-mean,C-std,D-mean,D-std,E-mean,E-std
NIn1,0.015931481645916963,0.003285085936070635,0.02709035506275485,0.00516323651359824,0.02332492708374908,0.003951022861871707,0.028141428554271854,0.0043403237152667366,0.060356625313741266,0.007636291072714223
NIn2,0.012671825026457775,0.002593404330576879,0.0322434784449734,0.011291516181702344,0.019962871731741806,0.0035482875743360434,0.02403807077586991,0.003765077193253788,0.052486385334885734,0.01116946030085531
NIn3,0.014143252798419654,0.0018293930686721284,0.02583494064580174,0.00429606118805232,0.019947298464419692,0.0034574798090179627,0.026327163760839562,0.009449747503207515,0.05196743262022137,0.01128791217978903
NIn4,0.014717474286008832,0.0038238619025324724,0.020891850957386764,0.005613538587270217,0.020257872119294227,0.0035510901065157322,0.02741374280431144,0.004440885669320787,0.05114065588234819,0.011901452402003567
NIn5,0.014046230358940653,0.003577467951861736,0.02672535358685917,0.004562119729159163,0.021270561675184343,0.007007415242304509,0.025530324322682246,0.005255647173193126,0.05605624686518017,0.010531763199979706
NIn6,0.015066225334323249,0.003280702409037155,0.022176613381558786,0.004930482591823766,0.02173495795584208,0.004270136744123668,0.025704052105207226,0.004921256345764201,0.05337519612394992,0.011789575938077014
NIn7,0.01527138461929784,0.0028942693703122107,0.025753277463320373,0.0032462133890204864,0.017948365336809595,0.0024651743055891634,0.022677959340263253,0.0027183370544723263,0.055630931239519774,0.011426936297424575
NIn8,0.01492851110314312,0.003306212258361515,0.027425473619258067,0.006748093439650421,0.01980297126709239,0.0016409886315940031,0.026116466681270028,0.003601641033256091,0.0538646860119665,0.011713309458470357
NIn9,0.013492992594299697,0.004302755983775725,0.021496416012709234,0.004481181905398754,0.019441223395748546,0.005067710274360281,0.024931894495194683,0.002598338392220374,0.058132226044721326,0.009769106575395762
