Instance,A-mean,A-std,B-mean,B-std,C-mean,C-std,D-mean,D-std,E-mean,E-std
NIn1,0.8220853138525663,0.04059163158247781,0.700812690911595,0.04259142816382608,0.671858516287148,0.057477442546416485,0.7032513641198791,0.050269302353783685,0.6432188007737544,0.0008967306373288155
NIn2,0.8602988237493326,0.03567387694916581,0.7497882795777377,0.04615145307564033,0.6881795485822765,0.05507820864985315,0.7050786893742459,0.06729785130751573,0.6429578694052859,0.001009287231892366
NIn3,0.8260824126028309,0.025453884321551802,0.7194904949386847,0.03989252379921981,0.6652928599537284,0.04365001893543223,0.7081712425289067,0.04974746469691276,0.6441325098655226,0.0005687911675286975
NIn4,0.8368911566846151,0.037715547640017735,0.729910727456219,0.039617406060250694,0.6755034267958416,0.054827271011417426,0.6888558181712564,0.0354733081664134,0.6435223900158826,0.0006541377623977978
NIn5,0.8269039967083172,0.03822792039532558,0.6832296529535583,0.021097147904528855,0.6774109878803631,0.055148060379025546,0.6743127769269787,0.054863592277083026,0.643954340139788,0.0008411125927481424
NIn6,0.8188859669914252,0.060089531302365,0.7228943436840529,0.037888533037691616,0.7353952591187538,0.03668872142938472,0.7224682900122164,0.018364798296346317,0.6432318992156676,0.000566747335422684
NIn7,0.8280318126240809,0.029172863336594405,0.7226921250699985,0.020316040939894926,0.6837527594509436,0.06263597842882461,0.7128844123372289,0.03777084395106048,0.6422414636025721,0.0012024892339453684
NIn8,0.8185875289079906,0.03372894181330791,0.7219159781523565,0.056962949019010306,0.6587164937162375,0.04416633187642531,0.675443434283179,0.060408457687224804,0.6439363211204997,0.0005830262400137505
NIn9,0.842283514841512,0.039620491436429005,0.7122218752591826,0.03872026982907856,0.6901213314721859,0.03673655573359727,0.6762244314820325,0.05985284865673754,0.642939246715476,0.0009466633380480415
