Instance,A-mean,A-std,B-mean,B-std,C-mean,C-std,D-mean,D-std,E-mean,E-std
NIn1,6.4,1.1135528725660044,11.4,1.2806248474865698,12.7,2.238302928559939,12.1,1.445683229480096,20.0,0.0
NIn2,4.9,1.2206555615733703,10.5,1.5652475842498528,11.9,2.0223748416156684,12.0,1.7320508075688772,20.0,0.0
NIn3,5.9,0.8306623862918076,10.8,1.3266499161421599,13.2,1.4000000000000001,11.9,1.8681541692269403,20.0,0.0
NIn4,5.7,1.7916472867168918,10.5,1.4317821063276353,12.3,2.0024984394500787,12.1,1.445683229480096,20.0,0.0
NIn5,6.0,1.2649110640673518,11.9,0.9433981132056604,12.6,1.8547236990991407,12.3,2.0024984394500787,20.0,0.0
NIn6,5.7,0.6403124237432849,10.5,1.5,10.2,1.32664991614216,10.4,1.1135528725660042,20.0,0.0
NIn7,5.9,0.5385164807134504,10.5,1.02469507659596,12.1,2.3,10.9,1.445683229480096,20.0,0.0
NIn8,5.6,0.66332495807108,10.9,2.118962010041709,13.0,1.7320508075688772,13.0,1.9493588689617927,20.0,0.0
NIn9,5.5,1.2041594578792296,10.8,1.5362291495737217,11.9,1.374772708486752,12.4,2.0099751242241783,20.0,0.0
