Instance,A-mean,A-std,B-mean,B-std,C-mean,C-std,D-mean,D-std,E-mean,E-std,F-mean,F-std
NIn1,0.015455016271096616,0.003042278695201849,0.026767241452287628,0.003200528915786901,0.02633784933034438,0.005317865587427951,0.033030697119047985,0.006920338829881051,0.06290186693345974,1.3243801061073869e-05,0.0628965068334896,1.2123760590930663e-05
NIn2,0.012004440838381415,0.002813682106732268,0.029881076223713922,0.012591900857598235,0.025544971336476867,0.004769855864145539,0.0323428196733425,0.006714489354022404,0.0629370408276193,1.3913634597036765e-05,0.0629387809354737,1.0965564253383411e-05
NIn3,0.014221920057055798,0.001684431878338408,0.02614790509688465,0.0037314395238346077,0.027552342190469557,0.0027506907541148895,0.030886738432610184,0.008895754592113966,0.06294006737579101,2.717556192988881e-05,0.06293616558996014,1.2984563747705501e-05
NIn4,0.015127625777598236,0.003751718838520995,0.024828463120887025,0.0055226828895023885,0.024193354266885354,0.004530771280005794,0.030246798818904887,0.007571613500105221,0.06290464377895921,2.131082158992103e-05,0.0628909953638624,1.574337505596378e-05
NIn5,0.013793499712418587,0.0037216011261777438,0.028206418035046033,0.004294125024278096,0.025832348233600633,0.0047574816620390955,0.027739795127155714,0.00521537424599639,0.06288162456787245,2.637000125589437e-05,0.06288337750745908,1.1243324895517486e-05
NIn6,0.015179827726221586,0.0033018965715259523,0.02385515411849573,0.0038821281721433077,0.021817220944759137,0.00310903109425163,0.027247571642166273,0.003249107208728995,0.0629045658027303,1.2562538855551474e-05,0.06292013903434814,9.790018350460638e-06
NIn7,0.014914408217361846,0.002854893514070717,0.02452133400870929,0.002286059275240222,0.024434338601707337,0.004568675602682833,0.02338440291468531,0.0016163723272702383,0.06294185967802123,9.529371276295606e-06,0.06294515501990904,9.5604350338028e-06
NIn8,0.01459298379589562,0.0031453787696799143,0.027971704427572124,0.008133794889521928,0.026556655493723498,0.003397571667100692,0.03104000435854823,0.0053624542318824785,0.0628917250393122,2.1300292999610007e-05,0.06290101559209056,1.100841851232852e-05
NIn9,0.013981198301237011,0.004376456119760466,0.023398105797712263,0.004580033212372221,0.02496235212438471,0.003066289657558133,0.028438215881867197,0.003988829960224016,0.06287873263940257,2.1528590784971553e-05,0.06288982869355356,1.3245407486047611e-05
