Instance,A-mean,A-std,B-mean,B-std,C-mean,C-std,D-mean,D-std,E-mean,E-std
NIn1,0.19812091415106933,0.038999573059197115,0.34313456891969574,0.041028213975321776,0.33763010627556633,0.06817077206732582,0.4234270474701055,0.08871319390166454,0.8062827765548356,0.000155416887895233
NIn2,0.15388730435828907,0.03606914812240114,0.38305143349033327,0.16141807067990765,0.3274660462577796,0.06114572690167086,0.41460901027256825,0.08607436870606096,0.806824696639751,0.00014056973968551155
NIn3,0.18231360959203927,0.0215930658181008,0.335195173532005,0.04783406219662867,0.35319893075671166,0.03526164949896021,0.3959432164984385,0.11403643975123018,0.8067911700076932,0.00016645169402758854
NIn4,0.19392403058145619,0.048094026747525824,0.3182809855513155,0.07079636562278727,0.31013939938064505,0.058080854271431066,0.387739703862487,0.09706201287182367,0.8062121239342425,0.00020181744251825595
NIn5,0.1768216043536379,0.047707941828757844,0.36158365853561214,0.05504723905596985,0.3311499876115352,0.06098709955439309,0.3556019270735785,0.06685691526505474,0.8061144691244368,0.00014413040836221635
NIn6,0.19459321769846155,0.04232766602817597,0.30580394470433453,0.04976576982031724,0.2796792757763196,0.03985528528165873,0.3492920167440041,0.041650948732553025,0.8065857224175487,0.00012550018396136718
NIn7,0.19119075245310543,0.036597445314207694,0.3143438366412328,0.02930544655984284,0.31322862529108986,0.05856675729005786,0.29976929179937073,0.020720596955058946,0.8069064072903938,0.00012255710996053796
NIn8,0.1870703491423395,0.040321233330939295,0.3585748183208405,0.10426872743208297,0.34043502581432034,0.04355414402498065,0.3979079627544383,0.06874236273052098,0.8063405752242148,0.00014111909691734127
NIn9,0.1792277497338351,0.05610265767306515,0.29994495177048847,0.05871235273782458,0.31999733520132184,0.03930737434055653,0.36455512103716536,0.05113360117198256,0.8061971681565167,0.00016979550156453923
