Instance,Prufer-mean,Prufer-std,NetKeys-mean,NetKeys-std,Prim-mean,Prim-std,Kruskal-mean,Kruskal-std,GPrim-mean,GPrim-std
NIn1,0.04654383396175106,0.004881028608081711,0.04416319590277328,0.005166823609292937,0.043642164801835484,0.006600973784284223,0.04646103953737944,0.0032161827911024246,0.0005138529876820131,0.00023747456179044183
NIn2,0.05047762691755041,0.003377454176021311,0.04625174833187658,0.0048272070116001185,0.043927830898827784,0.006671763561415755,0.04523848622931265,0.005620063111013467,0.0002808714605564957,0.0001304473944357659
NIn3,0.046638010751732226,0.004881058410994311,0.047590473087527646,0.0038581543982661418,0.044030663838874426,0.004902810250656673,0.04510099527431956,0.0027628669059331177,0.00044458025339165475,0.00021359333571914022
NIn4,0.04648813442366059,0.005755306579459649,0.04430910967811259,0.003534346795387698,0.044628285720330105,0.006123644412670881,0.048265572119416164,0.0045288814823931075,0.0002854213680009886,7.908863187635878e-05
NIn5,0.04920300283031,0.004365033009695284,0.04587088408978659,0.007748107082337325,0.042662243162013135,0.004600291070182236,0.046880216094771845,0.006503221596824433,0.000330830970311338,0.00014980154041299303
NIn6,0.04725788063017018,0.004477431182662841,0.04668594088005557,0.005452138600581175,0.04445986484654365,0.00668977403107303,0.0444593173242661,0.005467476187671556,0.000448370816954704,0.00016792014958585778
