Instance,Prufer-mean,NetKeys-mean,Prim-mean,Kruskal-mean,GPrim-mean
NIn1,16.60542049407959,21.559284472465514,16.38882186412811,19.363688278198243,23.57900822162628
NIn2,16.653080534934997,23.214724206924437,16.356279563903808,19.393940567970276,23.697305035591125
NIn3,18.33568263053894,23.699784636497498,17.881879091262817,21.255373692512514,25.535519313812255
NIn4,17.969267749786376,24.0571293592453,18.0319881439209,20.954941630363464,25.679884910583496
NIn5,17.50861783027649,23.708763575553895,18.019462728500365,20.78804519176483,25.345522570610047
NIn6,17.654499554634093,23.052836656570435,18.222083687782288,20.951336240768434,25.764715099334715
