Instance,Prufer-mean,Prufer-std,NetKeys-mean,NetKeys-std,Prim-mean,Prim-std,Kruskal-mean,Kruskal-std,GPrim-mean,GPrim-std
NIn1,0.09182159962718506,0.006751032100371825,0.08052457214475527,0.010151350681129835,0.08909078782513224,0.007613802772426792,0.09244409679833394,0.003966461414905662,0.001304262275164577,0.0006027582201121331
NIn2,0.09222749101442604,0.005396578216688132,0.08288281841608729,0.006379474008297469,0.08969242444770649,0.010709426495356875,0.08832444790929166,0.004099148315864013,0.0007129082810761272,0.0003311017344154658
NIn3,0.08835860825266,0.006514996619507075,0.08380247586828837,0.004023923594238982,0.08735170826398128,0.005511571128509483,0.09075977994401208,0.003363804911642612,0.0011284341371596192,0.0005421428631985156
NIn4,0.09057128953398967,0.007902896944555801,0.08196268565651373,0.00843799953749576,0.09119595502997403,0.0073495512416757135,0.09123659533496761,0.006355836787499138,0.0007244568616577246,0.00020074286113628162
NIn5,0.09118839973549357,0.005300797860389366,0.0723952602438058,0.017558433761592163,0.08809797993223475,0.00652006777986531,0.09210422030607748,0.008060263405253301,0.0008397155691934815,0.0003802264511559411
NIn6,0.09132749937466218,0.005490487772775637,0.08766213420325356,0.010078000796463987,0.09237530282464676,0.008441445068529793,0.08931572561487028,0.006669306559987651,0.0011380553501824354,0.00042621512688442015
