Instance,A-mean,A-std,B-mean,B-std,C-mean,C-std,D-mean,D-std,E-mean,E-std
NIn1,0.7498997563181954,0.05561927285179523,0.5751333072594906,0.07944741577140392,0.5850121788869165,0.06667064941061315,0.497288745011182,0.0618268487576504,6.329411575464555e-06,1.2837249027977221e-07
NIn2,0.8108772162499381,0.04702800969963909,0.7053133369261947,0.05037503559582343,0.710375991824519,0.03472262608729457,0.7191980428394018,0.059235638492302685,0.2315833976521069,0.05367357626890002
NIn3,0.7778947442359126,0.09072803859385771,0.6077527426051175,0.08963243790894228,0.5894524434233612,0.08907869034435664,0.5060528562225299,0.07073082278997117,0.009947667021956047,0.029824302527961265
NIn4,0.7635088003528823,0.064778420658448,0.6748872807703525,0.07761338917993062,0.5775226749627234,0.05686762565849281,0.6794486858221074,0.07130048716291351,0.07369244892730611,0.058603893711607256
NIn5,0.7803508861326339,0.07741514386609102,0.6566082481789709,0.12498669282673315,0.6306600421642957,0.07370052656322297,0.604440351111553,0.05479087723336675,6.856317975875416e-06,9.589418577234167e-08
NIn6,0.7398245668404394,0.06447958636490983,0.5783837669679388,0.1159059921085441,0.5743734602081816,0.06768195464240583,0.49770604842520927,0.07436678008291897,6.386888631452231e-06,1.4846729376578936e-07
