Instance,Prufer-mean,Prufer-std,NetKeys-mean,NetKeys-std,Prim-mean,Prim-std,Kruskal-mean,Kruskal-std,GPrim-mean,GPrim-std
NIn1,0.05194944545354322,0.006336207768619543,0.044922523023082125,0.0075864536822504176,0.04722665346601999,0.002187479249136599,0.04788161089255011,0.0031229024809257843,0.00018123506944630658,6.22568428402002e-05
NIn2,0.052413429142850354,0.005096819841050347,0.042291143363983784,0.007480652135532053,0.04772188212569241,0.004361969513112124,0.05356829113339018,0.004831432028696157,0.00012300248897734935,8.5790048070175e-05
NIn3,0.0494003267655268,0.006474751338569925,0.0476801012396776,0.00811753855792455,0.04788387173526433,0.005732215400825991,0.048589924405789055,0.004173465273027056,0.00016821196421085252,4.490088774985438e-05
NIn4,0.05153007838722947,0.0053373649845113915,0.04810412004220882,0.0061411090261626585,0.04749918520455547,0.00422058180582587,0.04806419620776296,0.0025402230838785546,0.00010563664012434549,6.434824714274598e-05
NIn5,0.050878412472413904,0.006103873851200128,0.04341810176022631,0.009942848367580475,0.05070415117235694,0.003963601375359136,0.05066652345086643,0.0036213387175936603,0.00016920762667363502,5.012926648463263e-05
NIn6,0.05108524305486021,0.004650895104435161,0.046200526450083226,0.0059321186129316006,0.04614085185299301,0.004822577533342305,0.050477765921026096,0.004567882629551487,0.00016055286890291094,6.913992724235464e-05
