Instance,Prufer-mean,Prufer-std,NetKeys-mean,NetKeys-std,Prim-mean,Prim-std,Kruskal-mean,Kruskal-std,GPrim-mean,GPrim-std
NIn1,0.6590334363993658,0.03556195112162177,0.7205531115653384,0.02405212678288443,0.687423884923873,0.0265790785752396,0.6795597022920628,0.027509684615053046,0.824846560506782,0.0005239750974570329
NIn2,0.6632931749765201,0.03180211566901178,0.7375098410072173,0.017565777646610246,0.6784290534534868,0.042023092830231486,0.7003038580532968,0.019160433990951162,0.8259144002521863,0.0003022826684672731
NIn3,0.6805211481881479,0.021095673074318578,0.7395107214092357,0.02508933298172913,0.7088390597650607,0.0165127032473125,0.7017391341909539,0.001599179559115681,0.8258017925098476,0.0004715185673780481
NIn4,0.6643207280027877,0.02502251082499554,0.7304292184241387,0.022306577157398443,0.6750815424439534,0.03413093101907262,0.6965016136212963,0.028791751966814667,0.8256527440735365,0.000194514290974233
NIn5,0.6636069884512403,0.01619791290075173,0.7518915726908386,0.03357374757777193,0.6918185050555067,0.02442803642294195,0.6747360075726949,0.02623244406433172,0.8254629439313133,0.0003139854707104022
NIn6,0.6624893795217572,0.02494186614999131,0.712326283205717,0.041492853449932525,0.6747919670085396,0.043513331745517504,0.6949885731833582,0.02821610553067981,0.8245660319906032,0.0003920943976253112
