Instance,A-mean,A-std,B-mean,B-std,C-mean,C-std,D-mean,D-std,E-mean,E-std
NIn1,6.3,1.1,9.8,1.4000000000000001,9.5,1.4317821063276353,10.9,0.9433981132056604,20.0,0.0
NIn2,4.8,1.077032961426901,7.1,1.0440306508910548,7.1,0.7000000000000001,6.7,1.1,15.6,1.0198039027185568
NIn3,5.6,1.5620499351813308,8.8,1.469693845669907,9.4,1.8,10.9,1.1357816691600546,19.9,0.3
NIn4,5.4,1.3564659966250536,7.8,1.3266499161421599,9.8,1.32664991614216,7.8,1.2489995996796797,18.6,1.1135528725660042
NIn5,5.2,1.077032961426901,8.0,2.280350850198276,8.7,1.1,9.3,1.004987562112089,20.0,0.0
NIn6,5.6,0.66332495807108,9.6,1.9595917942265424,9.6,1.1135528725660042,11.1,1.2206555615733703,20.0,0.0
