Instance,Prufer-mean,Prufer-std,NetKeys-mean,NetKeys-std,Prim-mean,Prim-std,Kruskal-mean,Kruskal-std,GPrim-mean,GPrim-std
NIn1,0.051949775154764975,0.006335389349668104,0.04492345153199211,0.007585308309168978,0.04722651328915345,0.0021870361037833914,0.04788094436308264,0.003122242873283915,0.00020607334662492573,6.547997025986383e-05
NIn2,0.052412305611471324,0.005095256687249189,0.042291588523766285,0.007479937902173583,0.04771998959200548,0.0043607182450474055,0.05356605494836718,0.00483078213451604,0.0001419877597362965,9.372970147449562e-05
NIn3,0.04940097307703178,0.006474984923022331,0.04768073137472203,0.008116858518311636,0.047884726900494855,0.005731375150117834,0.04858987944168152,0.004173271662046645,0.00019453402285812962,4.922195274574601e-05
NIn4,0.05152907829586426,0.005336561050969953,0.04810338303169352,0.006140683338432047,0.04749769798968531,0.004219882030228839,0.04806229300243619,0.002539791490627081,0.00012182168618866311,6.559116461689679e-05
NIn5,0.050878792190466524,0.006103632038782233,0.04341894209294802,0.009941595306251614,0.05070301732687972,0.003962436939752262,0.050666192966341984,0.003620283245112326,0.0001969092733123976,5.139191783561607e-05
NIn6,0.051086819405215,0.004648847553224311,0.04620250200006468,0.005930740153268498,0.04614229037490971,0.004820728809005147,0.05047729315740944,0.004567191138385723,0.00020452870415727463,6.847815823104433e-05
