Instance,Prufer-mean,Prufer-std,NetKeys-mean,NetKeys-std,Prim-mean,Prim-std,Kruskal-mean,Kruskal-std,HMOEA-mean,HMOEA-std,GPrim-mean,GPrim-std
NIn1,0.03704524188396624,0.004572663858261025,0.039109081033060225,0.006234847645187841,0.03299207835126343,0.007548571296390279,0.036075923913691084,0.004428448428984549,0.03911799216120755,0.006987765897770756,0.00027174917617798724,0.0001255875086391758
NIn2,0.0380097524501074,0.004429089913476138,0.03844535379428231,0.004577447888110294,0.033302359711061914,0.006674803940591539,0.03555454854135564,0.00712226011440354,0.04327159814046968,0.011499611393190808,0.00014853779164045468,6.89866028266069e-05
NIn3,0.03551859015411422,0.004886519492138615,0.033189762462365,0.007410231520425197,0.03415225884532176,0.006204920404826568,0.034726192449535426,0.003472593470124054,0.035496642706848096,0.006118888440847201,0.0002351145570821249,0.00011295801408223773
NIn4,0.03561848488013987,0.006003532178218347,0.0358044628818627,0.006884807022901411,0.033787464122669794,0.00676078944731673,0.03907552429884239,0.0049311159143237875,0.033342237021016935,0.00717755930405686,0.00015094399269283042,4.1825718780766596e-05
NIn5,0.03772834441496117,0.006933045076762147,0.03924246290325542,0.004338497266428984,0.03195771002922977,0.005356777267341238,0.036806342531052916,0.006955741585784083,0.03419028685829643,0.0036794488803601364,0.00017495868622234207,7.922196848764024e-05
NIn6,0.03632197632382342,0.0044711202979627425,0.036540866724800766,0.005960584908913858,0.03307297502616363,0.007354542277243214,0.03414176287689894,0.006400600027010534,0.034761657619032035,0.005357263491568531,0.00023711918204335323,8.88039252617517e-05
