Instance,A-mean,A-std,B-mean,B-std,C-mean,C-std,D-mean,D-std,E-mean,E-std
NIn1,0.03618347787247242,0.007953864986212608,0.032355974799087354,0.0039872306662344596,0.028333828278288377,0.0035402486238134377,0.02971198321583003,0.0034303500371714213,0.012206244646577321,3.109151921197661e-05
NIn2,0.045253157779236344,0.005067842967888607,0.0366026660770804,0.00580241540416521,0.03928176556293733,0.004709414290026888,0.04601016401697144,0.0052742525625416115,0.01681261241023673,2.267517533490441e-05
NIn3,0.04195013910355212,0.006385142883423259,0.04113731199029615,0.007009000021340525,0.03913480807960028,0.006280274368888071,0.040050016516145384,0.004028393188129881,0.016989315633481748,1.8272000644577254e-05
NIn4,0.043138744160434936,0.005645053747731868,0.04012557805675265,0.0067246494127972374,0.03808100355235157,0.0043772759650212495,0.038357888332863896,0.0026293362028138125,0.01696747298219972,2.8907667067484776e-05
NIn5,0.05163339141969471,0.005835110919238145,0.04468938694993703,0.009300012363374372,0.05088648340430032,0.003724517967168853,0.05107615713100546,0.0033930180621667655,0.011057262233347137,2.2922260668945862e-05
NIn6,0.04307493624395533,0.004789274384079669,0.037843644494301346,0.006281901847307213,0.03681527600034423,0.0050280252727525725,0.04152014425531503,0.005458915254536365,0.016990795919135906,4.728839523650406e-05
