models,igd,delta,spacing,onvg,hypervolume,time,c_Prufer,c_NetKeys,c_Prim,c_Kruskal,c_GPrim,score
Prufer,0.09091581458973608,0.7980304597460844,0.049552867350745426,7.7,0.5933202393705009,16.855511105060575,0.0,0.20952598327598326,0.10262593887593886,0.10353049728049728,0.0016666666666666668,0.2333333333333333
NetKeys,0.08153832442211732,0.7636052382453791,0.062369269805982674,8.799999999999999,0.6692340854816045,22.29632184108098,0.5073743386243387,0.0,0.21213753838753838,0.19090825840825845,0.012500000000000002,1.1166666666666665
Prim,0.08963402638727926,0.7622482234406265,0.034914163663317434,9.600000000000001,0.6133580199141608,17.165546500682833,0.7573743386243387,0.5181913456913457,0.0,0.3762465312465313,0.016666666666666666,2.316666666666667
Kruskal,0.09069747765125885,0.7754837681605046,0.03313920896561813,9.033333333333335,0.617687446597155,19.376726444562276,0.7761044973544973,0.5300119325119326,0.3271170496170497,0.0,0.015833333333333335,2.2833333333333337
GPrim,0.0009746387457389942,0.9124962991369546,0.2367523762481155,20.0,2.4870509725147634,23.75703175465266,0.9623412698412698,0.8858215395715395,0.6542036667036667,0.6964056314056314,0.0,4.0
