models,igd,delta,spacing,onvg,hypervolume,time,c_Prufer,c_NetKeys,c_Prim,c_Kruskal,c_GPrim,score
Prufer,0.04776808158586241,0.8034146828053915,0.023539547782632227,7.7,0.66554414258997,16.85551110506058,0.0,0.20952598327598326,0.10262593887593886,0.10353049728049728,0.0016666666666666668,0.2333333333333333
NetKeys,0.04581189199502205,0.773549295950577,0.0265309275783564,8.8,0.7320367913837477,22.29632184108098,0.5073743386243387,0.0,0.21213753838753838,0.19090825840825842,0.012500000000000002,1.1166666666666667
Prim,0.043891842211404096,0.7513723920005773,0.01548977949744215,9.6,0.6860640021084033,17.165546500682833,0.7573743386243385,0.5181913456913457,0.0,0.37624653124653124,0.016666666666666666,2.316666666666667
Kruskal,0.04606760442991096,0.7658561995172248,0.014052890927418363,9.033333333333333,0.6913048148189439,19.376726444562276,0.7761044973544973,0.5300119325119326,0.3271170496170496,0.0,0.015833333333333335,2.2833333333333337
GPrim,0.0003839879761495324,0.5994553282293804,0.09327565336546967,20.0,0.8253740788773783,23.75703175465266,0.9623412698412698,0.8858215395715395,0.6542036667036667,0.6964056314056314,0.0,4.0
