models,igd,delta,spacing,onvg,hypervolume,c_A,c_B,c_C,c_D,c_E,score
A,0.7632169219523852,0.8421052792410343,0.0001611378466340752,5,0.023955688288205393,0.0,0.0,0.0,0.0,0.0,0
B,0.5172040626397336,0.6578948077782335,0.00023077964940113082,9,0.0462554239784153,1.0,0.0,0.0,0.25,0.0,1
C,1.184271957088331,0.8421053000385121,0.00010828453573248814,4,0.01270514396667511,1.0,0.5555555555555556,0.0,0.75,0.0625,3
D,1.0500000299721397,0.8596491532416686,0.5001520878147192,4,0.01744955603323739,1.0,0.3333333333333333,0.0,0.0,0.0,2
E,0.2738613131428062,0.21053098378070498,0.0010048006410651096,16,0.11165188920694771,1.0,1.0,0.75,1.0,0.0,4
