models,delta,spacing,onvg,hypervolume,time,c_A,c_B,c_C,c_D,c_E,score
A,0.9611709684568226,0.014801694362652431,5,0.05272411383688902,51.310253858566284,0.0,0.0,0.0,0.0,0.0,0
B,0.9787462822646977,0.010181462527578934,4,0.02886161208233131,140.34508156776428,1.0,0.0,0.8333333333333334,0.625,0.0,3
C,0.9654854714994641,0.007310288365615066,6,0.04543260925883025,104.68560934066772,1.0,0.0,0.0,0.125,0.0,1
D,0.9717801493288752,0.02064884429309767,8,0.07732660530933888,155.49672937393188,1.0,0.0,0.5,0.0,0.0,2
E,1.0897551683322078,0.10541002076700337,24,0.5643201013757855,178.16686725616455,1.0,1.0,1.0,1.0,0.0,4
