models,delta,spacing,onvg,hypervolume,time,c_A,c_B,c_C,c_D,c_E,score
A,0.9393939499514088,1.3039072825621876,5,0.20933571612975665,51.310253858566284,0.0,0.0,0.0,0.0,0.0,0
B,0.9730639785677078,0.0004529988277077259,4,0.11459208688846409,140.34508156776428,1.0,0.0,0.8333333333333334,0.625,0.0,3
C,0.9535353655495625,0.40831169143948653,6,0.18038554093604112,104.68560934066772,1.0,0.0,0.0,0.125,0.0,1
D,0.9595959777648333,2.1212943286440535,8,0.30701739906698844,155.49672937393188,1.0,0.0,0.5,0.0,0.0,2
E,0.7676791347899695,0.004185197356332692,24,2.2405754018622166,178.16686725616455,1.0,1.0,1.0,1.0,0.0,4
