models,igd,delta,spacing,onvg,hypervolume,c_A,c_B,c_C,c_D,c_E,c_F,score
A,0.8062257836556421,0.768421062238929,0.4083755490123621,6,0.01457226828043096,0.0,0.0,0.0,0.0,0.0,0.0,0
B,0.41833002522750745,0.5157895008594667,0.00013055084309635844,11,0.02602861676683687,1.0,0.0,0.1111111111111111,0.18181818181818182,0.0,0.0,1
C,0.6519202533003001,0.5789473999967204,3.5804747419542754e-06,9,0.01660436821218548,1.0,0.45454545454545453,0.0,0.36363636363636365,0.0,0.05,3
D,0.5123475495590876,0.4736842547889836,0.00011863556509502716,11,0.02283257684780396,1.0,0.5454545454545454,0.3333333333333333,0.0,0.05,0.05,2
E,6.645466410020603e-05,6.452210399159923e-06,0.00045858940987730063,20,0.06290258308838562,1.0,0.7272727272727273,0.4444444444444444,0.5454545454545454,0.0,0.1,4
F,6.635052823812502e-05,6.452480725603621e-06,0.0004589711156724873,20,0.06291592894669296,1.0,0.7272727272727273,0.5555555555555556,0.6363636363636364,0.25,0.0,5
