models,igd,delta,spacing,onvg,hypervolume,c_A,c_B,c_C,c_D,c_E,score
A,0.8062257836556421,0.768421062238929,0.4083755490123621,6,0.01457226828043096,0.0,0.0,0.0,0.0,0.0,0
B,0.39686271496926817,0.618421072619243,0.4409230353451965,9,0.023047473195562516,1.0,0.0,0.125,0.2222222222222222,0.0,1
C,0.7648529365818753,0.6315789719968024,6.789926341597623e-05,8,0.01565984444945344,1.0,0.7777777777777778,0.0,0.4444444444444444,0.0,2
D,0.7382411601551458,0.5789473979848819,0.00013938388789662534,9,0.020286626608373146,1.0,0.6666666666666666,0.5,0.0,0.0,3
E,0.050000047660530136,0.09942055655500828,0.0004382380494943298,19,0.06273053493141299,1.0,1.0,1.0,1.0,0.0,4
