models,delta,spacing,onvg,hypervolume,time,c_Prufer,c_NetKeys,c_Prim,c_Kruskal,c_GPrim,score
Prufer,0.9719312038350904,0.029999999999999978,4,0.4392032034953973,126.65594100952148,0.0,0.0,0.0,0.0,0.0,0
NetKeys,1.0,inf,1,0.4347224270251827,163.48730206489563,0.25,0.0,0.0,0.0,0.0,1
Prim,0.9671080092565744,0.0,2,0.4795668893193004,108.7380440235138,1.0,1.0,0.0,0.0,0.0,2
Kruskal,1.0,inf,1,0.6012804239757055,150.1272840499878,1.0,1.0,1.0,0.0,0.0,3
GPrim,0.9096081730579371,0.18418473390186346,6,0.8094931300876338,227.4598889350891,1.0,1.0,1.0,1.0,0.0,4
