models,igd,delta,spacing,onvg,hypervolume,time,c_Prufer,c_NetKeys,c_Prim,c_Kruskal,c_GPrim,score
Prufer,0.07175120829572833,0.830187417621221,0.13577139154808882,9,0.6063773301361879,17.388006925582886,0.0,0.2,0.1,0.375,0.05,0
NetKeys,0.08151363594145351,0.7311001183871184,0.04041603885639403,10,0.6445572679805985,22.480193853378296,0.6666666666666666,0.0,0.3,0.25,0.0,1
Prim,0.07771435930151385,0.6335331259299393,0.04963944978818145,10,0.6514625962766926,17.619035959243774,0.8888888888888888,0.6,0.0,0.625,0.0,3
Kruskal,0.08861703804209134,0.7569782581021737,0.03883786655114973,8,0.6221950616253648,20.031407356262207,0.6666666666666666,0.5,0.2,0.0,0.0,2
GPrim,0.0007840698113150028,0.9145141533043785,0.23774561172739989,20,2.4922253740100273,23.98755168914795,0.8888888888888888,0.9,0.7,0.75,0.0,4
