models,igd,delta,spacing,onvg,hypervolume,time,c_Prufer,c_NetKeys,c_Prim,c_Kruskal,c_GPrim,score
Prufer,0.04148314992869328,0.789825583774859,0.053491185413552085,9,0.6934140543902209,17.388006925582886,0.0,0.2,0.1,0.375,0.05,0
NetKeys,0.043078892394615154,0.734772438844035,0.015923102823785774,10,0.7387570876799522,22.480193853378296,0.6666666666666666,0.0,0.3,0.25,0.0,1
Prim,0.03452724893567098,0.7331401827484545,0.03303237827489655,10,0.7414776475270316,17.619035959243774,0.8888888888888888,0.6,0.0,0.625,0.0,3
Kruskal,0.0461364335523002,0.7817039684328758,0.018405065063012486,8,0.6996459210468255,20.031407356262207,0.6666666666666666,0.5,0.2,0.0,0.0,2
GPrim,0.0003089076658639438,0.6009967484377455,0.09366696807894449,20,0.8256103390761452,23.98755168914795,0.8888888888888888,0.9,0.7,0.75,0.0,4
