models,delta,spacing,onvg,hypervolume,c_A,c_B,c_C,c_D,c_E,score
A,0.9819095484688061,2.041403348688385,6,0.26260898587065973,0.0,0.0,0.0,0.0,0.0,0
B,0.8607322207680316,1.2347421094705229,15,1.4629589075249974,0.5,0.0,0.0,0.0,0.0,1
C,0.9497487458409198,1.7043812334420845,7,0.402216331075983,1.0,0.4,0.0,0.25,0.0,3
D,0.8576214470275141,1.0646904786165832,16,1.0676106270048553,1.0,1.0,0.0,0.0,0.043478260869565216,2
E,0.8839652860848526,0.7029021329301893,23,0.9394413197031586,1.0,0.4666666666666667,1.0,0.3125,0.0,4
