models,delta,spacing,onvg,hypervolume,c_A,c_B,c_C,c_D,c_E,c_F,score
A,0.7552031905645735,0.5685791385169201,6.2,0.8566328386446689,0.0,0.0,0.0,0.0,0.0,0.0,0.0
B,0.41337039820631416,0.09128828794072164,12.6,1.2112470300555522,1.0,0.0,0.16750874125874124,0.10404220779220778,0.03,0.02,1.1
C,0.3785680100005987,0.05349609696004774,13.1,-0.10094157267965365,1.0,0.4963547237076649,0.0,0.1423647186147186,0.06999999999999999,0.034999999999999996,1.9
D,0.37298246078088043,0.15551064174270376,13.8,3.720014759403471,1.0,0.6737089381207029,0.35166583416583413,0.0,0.11000000000000001,0.09578947368421054,3.0
E,0.2817969219911873,0.4542262642017255,20.0,26.193608547684953,1.0,0.7449613784907902,0.4027534965034965,0.4022997835497836,0.0,0.18578947368421053,4.4
F,0.28768451644746484,0.4558083603470454,19.9,26.256807493417153,1.0,0.7678113063407181,0.44617132867132864,0.43159632034632034,0.215,0.0,4.5
