models,delta,spacing,onvg,hypervolume,c_A,c_B,c_C,c_D,c_E,score
A,0.9629629625853329,1.4141302013093493,4,0.09689407985540233,0.0,0.0,0.0,0.0,0.0,0
B,0.9242424294699133,0.5547178743103679,13,0.24025046364356975,1.0,0.0,0.0,0.1,0.0,1
C,0.8914141497541997,1.5366000014853975,9,0.2165769412456375,1.0,0.6923076923076923,0.0,0.3,0.0,3
D,0.8527379287157476,0.3663174065702301,20,0.4422827311552291,1.0,0.8461538461538461,0.0,0.0,0.0,2
E,0.5431235884106599,0.1923815365978049,53,0.6399971421480659,1.0,1.0,1.0,0.55,0.0,4
