models,delta,spacing,onvg,hypervolume,c_A,c_B,c_C,c_D,c_E,score
A,0.9629629625853329,1.4141302013093493,4,0.09689407985540233,0.0,0.0,0.0,0.0,0.0,0
B,0.8616938699924914,0.46904585635947393,14,0.30916499231483585,0.75,0.0,0.4444444444444444,0.2631578947368421,0.0,1
C,0.954545454523601,2.2912543999886243,9,0.2184793069364961,1.0,0.5,0.0,0.3684210526315789,0.0,2
D,0.8316497988322634,0.37450244413571765,19,0.46766904689604544,0.75,0.5,0.5555555555555556,0.0,0.0,3
E,0.8006379713940516,0.6805613952749188,20,0.332281423663985,1.0,0.7142857142857143,1.0,0.47368421052631576,0.0,4
