models,delta,spacing,onvg,hypervolume,time,c_Prufer,c_NetKeys,c_Prim,c_Kruskal,c_GPrim,score
Prufer,0.9937434514009412,0.0,2,0.6380653554431409,187.4776906967163,0.0,0.0,0.5,0.0,0.0,1
NetKeys,0.9940018371890891,0.0,2,0.65724271444092,275.4364559650421,1.0,0.0,0.5,0.0,0.0,2
Prim,0.9523237081014854,0.0,2,0.6840307254515903,207.29232931137085,0.0,0.0,0.0,0.0,0.0,0
Kruskal,0.9335613573897751,0.0,2,0.7449629417648921,222.87734532356262,0.0,0.0,1.0,0.0,0.0,1
GPrim,0.9517538658019321,0.09584137704705459,6,0.8983153491535123,436.43423199653625,1.0,1.0,1.0,1.0,0.0,4
