models,delta,spacing,onvg,hypervolume,time,c_Prufer,c_NetKeys,c_Prim,c_Kruskal,c_GPrim,score
Prufer,0.9730961701308978,0.006251396037695823,10,0.5802224170166896,254.74086475372314,0.0,0.13333333333333333,0.0,0.0,0.0,1
NetKeys,0.9338018538741042,0.007555494320618166,15,0.6851727623069017,1231.7294681072235,0.1,0.0,0.0,0.0,0.0,0
Prim,0.9759931615605412,0.004651115593408757,7,0.600653626541545,201.39300751686096,1.0,0.26666666666666666,0.0,0.3076923076923077,0.0,3
Kruskal,0.9618679346742594,0.003269847293062679,13,0.6930914218064236,338.1732907295227,1.0,1.0,0.0,0.0,0.0,2
GPrim,0.7546055585076004,0.0036194011285678265,98,0.8273753646000719,265.5676620006561,1.0,1.0,1.0,1.0,0.0,4
