models,delta,spacing,onvg,hypervolume,time,c_Prufer,c_NetKeys,c_Prim,c_Kruskal,c_GPrim,score
Prufer,0.9744144197591674,0.00985828633014918,5,0.44469305419669924,237.33232188224792,0.0,0.07692307692307693,0.0,0.0,0.0,0
NetKeys,0.8966157018583901,0.013786192399494999,26,0.5981192116017877,1180.238049507141,0.2,0.0,0.0,0.0,0.0,1
Prim,0.9858131671371961,0.008478621390866095,8,0.5527990148304145,192.17493629455566,1.0,0.5769230769230769,0.0,0.8,0.0,3
Kruskal,0.978430068700434,0.004599430386111299,10,0.5430740022552025,343.3806743621826,1.0,0.5,0.25,0.0,0.0,2
GPrim,0.7939374522934096,0.0017543284801521104,85,0.6658985272407936,288.48575830459595,1.0,1.0,1.0,1.0,0.0,4
