models,delta,spacing,nds,c_1.2.6.0.1.0,c_1.2.6.0.1.1,c_1.2.6.0.1.2,c_1.2.6.0.1.3,score
1.2.6.0.1.0,2.8888888009779765,3.366411933846905,4,0.0,0.5,1.0,0.8888888888888888,2
1.2.6.0.1.1,0.0,0.0,2,0.5,0.0,1.0,0.8888888888888888,2
1.2.6.0.1.2,inf,inf,1,0.0,0.0,0.0,0.0,0
1.2.6.0.1.3,0.3749996313227667,0.33325533417750575,9,0.0,0.0,0.0,0.0,0
