models,igd,delta,spacing,onvg,hypervolume,c_A,c_B,c_C,c_D,c_E,score
A,0.7615773230665196,0.7684210483047811,0.0002365444228552178,6,0.014856911928938458,0.0,0.0,0.0,0.0,0.0,0
B,0.602079736833238,0.4736842609351672,0.00030838262942081213,11,0.031148276688332907,1.0,0.0,0.14285714285714285,0.21428571428571427,0.0,1
C,0.7000000106320667,0.7192982566821554,0.00010375721973009354,7,0.015766367471675796,1.0,0.6363636363636364,0.0,0.35714285714285715,0.0,3
D,0.4769696069969432,0.3157927492000649,0.0005355364700090252,14,0.050974063756874785,1.0,0.7272727272727273,0.2857142857142857,0.0,0.0,2
E,6.712250887989135e-05,6.053606003550601e-06,0.00045847125793448037,20,0.06296812556716876,1.0,1.0,1.0,0.7857142857142857,0.0,4
