models,igd,delta,spacing,onvg,hypervolume,time,c_A,c_B,c_C,c_D,c_E,score
A,0.05018639333951728,0.7901579123914314,0.0008398529293144526,4,0.1769153785760204,13.39671516418457,0.0,0.0,0.0,0.0,0.0,0
B,0.0445699487595745,0.7655152671818343,0.015917024293647077,9,0.2242746873933603,23.194177865982056,1.0,0.0,0.18181818181818182,0.18181818181818182,0.0,1
C,0.03797921902825467,0.7230231129906853,0.029625916610740537,11,0.2782222238089389,17.765485286712646,1.0,0.6666666666666666,0.0,0.2727272727272727,0.05,2
D,0.03789553671883463,0.7103399061990097,0.019455057834446492,11,0.2769353913077008,20.316781997680664,1.0,0.6666666666666666,0.36363636363636365,0.0,0.0,3
E,0.01696839334315974,0.643673068615736,0.11758089026648696,20,0.8068383413580293,25.092703342437744,1.0,1.0,0.45454545454545453,0.5454545454545454,0.0,4
