models,igd,delta,spacing,onvg,hypervolume,time,c_Prufer,c_NetKeys,c_Prim,c_Kruskal,c_GPrim,score
Prufer,0.08224736311811412,0.7905656842615075,0.0710818763509118,9,0.6148177135629113,17.28914189338684,0.0,0.0,0.0,0.0,0.0,0
NetKeys,0.08273997916737495,0.6905892448016976,0.04870371389243356,8,0.6478994903374916,22.38852572441101,0.7777777777777778,0.0,0.1,0.2,0.0,1
Prim,0.08712191301717856,0.7548748460511907,0.041800155716190536,10,0.6281561492324237,17.721815586090088,1.0,0.625,0.0,0.8,0.1,3
Kruskal,0.08637258621217676,0.7560203438758877,0.043928879798659747,10,0.6270311580120748,19.720784425735474,1.0,0.625,0.0,0.0,0.0,2
GPrim,0.0007442034027278849,0.912072610544602,0.23683179581165753,20,2.475461094817267,24.350237369537354,1.0,0.875,0.2,0.8,0.0,4
