models,igd,delta,spacing,onvg,hypervolume,c_A,c_B,c_C,c_D,c_E,c_F,score
A,0.7599342201978565,0.6842105445468875,0.00022203833543148974,7,0.014852309295113983,0.0,0.0,0.0,0.0,0.0,0.0,0
B,0.6020797345903846,0.4736842734455369,0.00029628540672008055,11,0.028788021042358045,1.0,0.0,0.3076923076923077,0.42857142857142855,0.05,0.0,2
C,0.33166249284042426,0.36842110512129045,0.00022393646337061696,13,0.03103488160396932,1.0,0.2727272727272727,0.0,0.42857142857142855,0.05,0.0,2
D,0.47696960630208085,0.3157927484307531,0.0005399306600084311,14,0.05141956254207871,1.0,0.45454545454545453,0.3076923076923077,0.0,0.15,0.05,2
E,6.701258312647322e-05,6.053577208570952e-06,0.0004588420813317091,20,0.06298253976108945,1.0,0.6363636363636364,0.5384615384615384,0.5714285714285714,0.0,0.0,4
F,6.63021441576332e-05,6.552048973340158e-06,0.00045926694050525804,20,0.06294325929757348,1.0,0.7272727272727273,0.6153846153846154,0.7857142857142857,0.35,0.0,5
