models,igd,delta,spacing,onvg,hypervolume,time,c_Prufer,c_NetKeys,c_Prim,c_Kruskal,c_GPrim,score
Prufer,0.03572883152201113,0.7694561018877486,0.06306385092550013,10,0.949064274182753,17.55570936203003,0.0,0.2222222222222222,0.09090909090909091,0.16666666666666666,0.0,0
NetKeys,0.0445699487595745,0.7655152671818343,0.015917024293647077,9,1.0458489129731263,23.194177865982056,0.4,0.0,0.18181818181818182,0.16666666666666666,0.0,1
Prim,0.03797921902825467,0.7230231129906853,0.029625916610740537,11,0.8799127194504135,17.765485286712646,0.7,0.6666666666666666,0.0,0.4166666666666667,0.05,3
Kruskal,0.03919460657624018,0.6802720670926502,0.013949594783103803,12,0.9467950465637933,22.083574295043945,0.5,0.5555555555555556,0.18181818181818182,0.0,0.0,2
GPrim,0.01696839334315974,0.643673068615736,0.11758089026648696,20,1.4310510177298528,25.092703342437744,1.0,1.0,0.45454545454545453,0.5833333333333334,0.0,4
