models,igd,delta,spacing,onvg,hypervolume,c_A,c_B,c_C,c_D,c_E,score
A,0.0489274214831542,0.8376562938398677,0.05692706784726535,7,0.1903946940713001,0.0,0.0,0.0,0.0,0.0,0
B,0.035213075810662624,0.7845262546262032,0.07596282604862901,11,0.36903934266175326,1.0,0.0,0.3076923076923077,0.42857142857142855,0.0,2
C,0.026011798570836176,0.6809131617209115,0.057413717406067516,13,0.3978422931490274,1.0,0.2727272727272727,0.0,0.42857142857142855,0.0,2
D,0.02978911435545415,0.7702181680842378,0.13842956107282517,14,0.6591575548928149,1.0,0.45454545454545453,0.3076923076923077,0.0,0.05,2
E,0.016970113951107826,0.6454116284961217,0.1177486771882988,20,0.8068821056503626,1.0,0.7272727272727273,0.6153846153846154,0.7857142857142857,0.0,4
