models,delta,spacing,onvg,hypervolume,c_A,c_B,c_C,c_D,c_E,score
A,0.8512820486724928,0.8365435592010336,6,0.039571262566147514,0.0,0.0,0.0,0.0,0.0,0
B,0.7692307843046879,6.910785482471061e-05,10,0.039022926771513845,1.0,0.0,0.125,0.0,0.0,1
C,0.8205128306345132,6.431539771245017e-05,8,0.030274742561359202,1.0,0.7,0.0,0.25,0.0,2
D,0.8315018369411458,0.5174837162761995,8,0.04961323212744656,1.0,0.8,0.25,0.0,0.0,2
E,0.6776557092597751,0.2581860475965641,15,0.07239283372173429,1.0,1.0,1.0,1.0,0.0,4
