models,delta,spacing,onvg,hypervolume,c_A,c_B,c_C,c_D,c_E,score
A,0.8512820486724928,0.8365435592010335,6,0.039571262566147514,0.0,0.0,0.0,0.0,0.0,0
B,0.8388278508077741,4.538639011322745e-05,8,0.03785549015743088,1.0,0.0,0.42857142857142855,0.0,0.0,2
C,0.8461538564702957,6.349519573646869e-05,7,0.027924160743985602,1.0,0.375,0.0,0.1111111111111111,0.0,1
D,0.8141025638467891,0.3332720197342224,9,0.05986210906945037,1.0,0.875,0.5714285714285714,0.0,0.09523809523809523,3
E,0.4871796239927949,0.000301163577668842,21,0.12904637051283452,1.0,1.0,1.0,0.7777777777777778,0.0,4
