models,delta,spacing,onvg,hypervolume,time,c_A,c_B,c_C,c_D,c_E,score
A,0.9499202965794986,0.053081532001355396,3,0.05176794670283842,52.26547384262085,0.0,0.0,0.0,0.0,0.0,0
B,0.9905954230960093,0.0,2,0.007420348294713365,156.5144817829132,1.0,0.0,0.3333333333333333,0.0,0.0,2
C,0.9816222253097255,0.06727177939233449,3,0.05785422513180341,102.51091432571411,1.0,0.0,0.0,0.0,0.0,1
D,0.9863423398317602,0.16362363307965924,3,0.13741603715854367,153.05822110176086,1.0,0.0,1.0,0.0,0.0,2
E,0.906855898815864,0.18326977030082825,6,0.4245932942054157,223.9631462097168,1.0,1.0,1.0,1.0,0.0,4
