models,delta,spacing,onvg,hypervolume,time,c_Prufer,c_NetKeys,c_Prim,c_Kruskal,c_GPrim,score
Prufer,0.8959918968268374,0.03898725364505652,7,0.6498519815867169,41.99509310722351,0.0,0.0,0.0,0.0,0.0,0
NetKeys,0.919487193037371,0.01288734712347413,6,0.7310177538710878,54.928548097610474,1.0,0.0,1.0,0.5,0.0,3
Prim,0.9129965641760313,0.01606595909442223,7,0.676228007510044,43.335227489471436,1.0,0.0,0.0,0.0,0.0,1
Kruskal,0.9516064128232657,0.06383599080884665,6,0.7483169162919827,52.23628067970276,1.0,0.3333333333333333,0.7142857142857143,0.0,0.0,2
GPrim,0.9541492936235377,0.15235671748997776,10,0.830231331771166,71.92267179489136,1.0,1.0,1.0,1.0,0.0,4
