models,delta,spacing,onvg,hypervolume,time,c_Prufer,c_NetKeys,c_Prim,c_Kruskal,c_GPrim,score
Prufer,0.9623432665937846,0.01028110615131498,3,0.5827278968159686,38.4482102394104,0.0,0.0,0.0,0.0,0.0,0
NetKeys,0.9195061680621154,0.07693148486718168,5,0.6762789254241139,52.7109100818634,1.0,0.0,0.5,0.0,0.0,2
Prim,0.8620089461053122,0.0314736018575228,8,0.6972635500542484,44.433624505996704,1.0,0.4,0.0,0.0,0.0,1
Kruskal,0.9100571737058144,0.02811376003101169,6,0.7578569257907782,47.065892457962036,1.0,0.6,0.5,0.0,0.0,3
GPrim,0.9526866439340536,0.16082778443310444,9,0.8572045464374087,75.92137622833252,1.0,1.0,1.0,1.0,0.0,4
