models,delta,spacing,onvg,hypervolume,time,c_A,c_B,c_C,c_D,c_E,score
A,0.8726103080866507,0.0930945755260694,5,0.18761018337489704,21.989545106887817,0.0,0.0,0.0,0.0,0.0,0
B,0.9497375185698088,0.014173756655038481,4,0.05445802439646599,52.11421871185303,1.0,0.0,0.2,0.0,0.0,1
C,0.9160507629501211,0.06185496213570034,5,0.1380774078040312,40.02347183227539,1.0,0.5,0.0,0.0,0.0,2
D,0.9579314920532852,0.08114969063689022,4,0.1243420875210886,51.679232597351074,1.0,1.0,1.0,0.0,0.0,3
E,0.9600090165005509,0.1570112580431317,9,0.48894888293123373,73.1702048778534,1.0,1.0,1.0,1.0,0.0,4
