models,delta,spacing,onvg,hypervolume,time,c_A,c_B,c_C,c_D,c_E,score
A,0.8461534015950004,0.8347958890022174,5,0.1178310521230247,21.989545106887817,0.0,0.0,0.0,0.0,0.0,0
B,0.9230769389955465,0.00022255037401959054,4,0.03420308106812254,52.11421871185303,1.0,0.0,0.2,0.0,0.0,1
C,0.9102563018348809,0.4468824951314602,5,0.08672133859310481,40.02347183227539,1.0,0.5,0.0,0.0,0.0,2
D,0.9230769704952579,0.0012741783595104248,4,0.07809468938317501,51.679232597351074,1.0,1.0,1.0,0.0,0.0,3
E,0.794872551432612,0.0024653248290648815,9,0.3070908000502161,73.1702048778534,1.0,1.0,1.0,1.0,0.0,4
