models,igd,delta,spacing,onvg,hypervolume,time,c_Prufer,c_NetKeys,c_Prim,c_Kruskal,c_GPrim,score
Prufer,0.05215617154690264,0.8207439309985327,0.014582385803514654,7,0.6121714345780604,17.101438999176025,0.0,0.5,0.125,0.0,0.0,1
NetKeys,0.0408560562529636,0.7783166053872941,0.06475765425830338,10,0.7640413409953103,23.14673638343811,0.14285714285714285,0.0,0.125,0.0,0.0,0
Prim,0.049777094732388796,0.7959691134947368,0.000680270498226981,8,0.6580872309582444,17.565136432647705,0.8571428571428571,0.5,0.0,0.5555555555555556,0.0,3
Kruskal,0.04906858495781324,0.7707222613951906,0.013592140813223255,9,0.7451614784910596,19.83537530899048,1.0,0.9,0.25,0.0,0.1,2
GPrim,0.0002588230953483563,0.6009590290691866,0.09371085534567371,20,0.8257022484522752,24.463165283203125,1.0,1.0,0.875,0.7777777777777778,0.0,4
