models,igd,delta,spacing,onvg,hypervolume,time,c_HMOEA,c_Prufer,c_NetKeys,c_Prim,c_Kruskal,c_GPrim,score
HMOEA,0.03753241370022627,0.7526878080742495,0.021670269640249037,10,0.8510092116477821,38.00260305404663,0.0,0.125,0.2222222222222222,0.125,0.1111111111111111,0.1,0
Prufer,0.035665476578144305,0.8077388592627333,0.017502599077934736,8,0.6765606499832415,27.62247943878174,0.4,0.0,0.0,0.0,0.0,0.0,1
NetKeys,0.029644211510267478,0.7838034538485571,0.030427624900868668,9,0.7687169717494629,35.10866093635559,0.6,0.875,0.0,0.125,0.2222222222222222,0.05,2
Prim,0.03963417066357398,0.7951174633195882,0.00035975843656234623,8,0.6778345932952253,19.576950073242188,0.5,0.875,0.6666666666666666,0.0,0.5555555555555556,0.0,4
Kruskal,0.04067956478991509,0.7727161375667884,0.007188151391608453,9,0.7709988588173872,28.838393926620483,0.7,1.0,0.5555555555555556,0.25,0.0,0.1,3
GPrim,0.00013687759850153472,0.5376431836611671,0.04955862542319283,20,0.8842656121622612,24.796287536621094,0.8,1.0,0.8888888888888888,0.875,0.7777777777777778,0.0,5
