models,igd,delta,spacing,onvg,hypervolume,c_A,c_B,c_C,c_D,c_E,c_F,score
A,0.5315073047634827,0.7368421082656722,0.7558671571689551,7,0.019974435947758662,0.0,0.0,0.0,0.0,0.0,0.0,0
B,0.39051249433413077,0.4641148700494681,0.00017347185816119358,12,0.029075421141212594,1.0,0.0,0.2727272727272727,0.3333333333333333,0.0,0.0,2
C,0.460977238012637,0.47368424640540646,7.620638214592152e-05,11,0.02157867600858282,1.0,0.3333333333333333,0.0,0.6666666666666666,0.0,0.0,3
D,0.5522680637327304,0.6184210742190104,6.439936558217841e-05,9,0.01956150499347059,1.0,0.25,0.09090909090909091,0.0,0.0,0.0,1
E,6.625815439987016e-05,6.558036178315972e-06,0.00045807204973453606,20,0.06286910416943373,1.0,0.6666666666666666,0.7272727272727273,0.7777777777777778,0.0,0.15,4
F,6.623815923235182e-05,6.558148421351709e-06,0.00045815593752506726,20,0.06287173311123104,1.0,0.5833333333333334,0.7272727272727273,0.7777777777777778,0.2,0.0,5
