models,igd,delta,spacing,onvg,hypervolume,c_A,c_B,c_C,c_D,c_E,score
A,0.5315073047969013,0.7368421084389345,0.755866404683001,7,0.01996250547864289,0.0,0.09090909090909091,0.0,0.1,0.0,0
B,0.39370040478849855,0.5368421278214893,0.30148688808870344,11,0.029992590521272455,0.7142857142857143,0.0,0.0,0.3,0.0,1
C,0.6041523125828104,0.5789473941622268,6.329627359352018e-05,9,0.016714744942996553,1.0,0.7272727272727273,0.0,0.7,0.0,3
D,0.5500000115363707,0.5263158179598832,9.166523911128894e-05,10,0.020694853761541294,0.8571428571428571,0.5454545454545454,0.2222222222222222,0.0,0.0,2
E,6.627533333726919e-05,6.558038217191527e-06,0.0004580192933140609,20,0.06286684529663285,1.0,1.0,1.0,0.9,0.0,4
