models,delta,spacing,onvg,hypervolume,time,c_A,c_B,c_C,c_D,c_E,score
A,0.929292935362877,0.0,2,0.08181584540032755,52.43196892738342,0.0,0.0,0.0,0.0,0.0,0
B,0.8989899030876648,0.0,2,0.2711715962109118,155.94855046272278,1.0,0.0,0.0,0.3333333333333333,0.0,2
C,0.9696969763841085,0.0,4,0.07663087924682367,102.21467089653015,1.0,1.0,0.0,0.3333333333333333,0.0,3
D,0.9797979828951047,5.196894518044274,3,0.1873452621036844,157.36714363098145,1.0,0.0,0.0,0.0,0.0,1
E,0.9494958822215113,0.0072633087836321735,6,1.6839650007441678,219.56996321678162,1.0,1.0,1.0,1.0,0.0,4
