models,delta,spacing,onvg,hypervolume,time,c_A,c_B,c_C,c_D,c_E,score
A,0.9815745373421746,1.4139296358193443,4,0.3445350100564153,169.64592385292053,0.0,0.0,0.0,0.0,0.0,0
B,0.9798995022228199,3.5779346507507013,5,1.2414633253334033,1393.0456755161285,1.0,0.0,0.42857142857142855,0.6666666666666666,0.0,3
C,0.979899500534107,0.0001490912667387133,7,0.4130385920467562,286.06343483924866,1.0,0.0,0.0,0.0,0.0,1
D,0.9899497441445002,4.618557069613179,3,0.5154482567918017,601.7076737880707,1.0,0.2,0.42857142857142855,0.0,0.0,2
E,0.91306536814243,0.21821401111205052,21,1.2218667870759565,469.89233326911926,1.0,1.0,1.0,1.0,0.0,4
