models,delta,spacing,onvg,hypervolume,c_A,c_B,c_C,c_D,c_E,score
A,0.8694749722164676,0.5957177451756402,6.6,0.039636756999783515,0.0,0.0,0.0,0.0,0.0,0.0
B,0.8058844943528521,0.7436485128957229,9.8,0.06599867973632947,0.9246031746031746,0.0,0.2982359307359307,0.23080086580086578,0.0,1.4
C,0.7641353622789325,0.4207084458248741,11.4,0.06254941234716548,1.0,0.5325624375624376,0.0,0.2997186147186147,0.0,2.1
D,0.7409211982522035,0.39999945166702416,12.7,0.07876782174157018,0.975,0.5351931401931402,0.43247835497835496,0.0,0.0,2.3
E,0.337926509935505,0.04006019328199843,27.6,0.11893440819533656,1.0,0.976923076923077,1.0,0.9443939393939396,0.0,4.0
