models,delta,spacing,onvg,hypervolume,c_A,c_B,c_C,c_D,c_E,score
A,0.8653235683011076,0.5957121594976786,6.7,0.03969367115616604,0.0,0.0,0.0,0.0,0.0,0.0
B,0.7883850076661358,0.613834565433669,10.6,0.059692198589353276,1.0,0.0,0.28006160506160505,0.2268692418692419,0.0028571428571428567,1.3
C,0.7499073741224783,0.18403970563813227,11.9,0.06295384374889422,1.0,0.5764074814074813,0.0,0.2769308469308469,0.005714285714285713,2.0
D,0.7088415404693076,0.13492140908112932,13.6,0.08135154428134427,1.0,0.5823923298923298,0.476973026973027,0.0,0.011428571428571427,2.7
E,0.12820701329518586,0.0006982413817519346,35.0,0.2592653585916764,1.0,0.9875,0.9734848484848484,0.9521911421911422,0.0,4.0
