models,delta,spacing,onvg,hypervolume,time,c_Prufer,c_NetKeys,c_Prim,c_Kruskal,c_GPrim,score
Prufer,0.9344489954890031,0.00800897750689753,10,0.5889313261024323,244.4713978767395,0.0,0.17647058823529413,0.0,0.0,0.0,0
NetKeys,0.9342167456263865,0.005248204691289648,17,0.7069421964753777,1142.9925382137299,0.5,0.0,0.09090909090909091,0.0,0.0,1
Prim,0.9793758309453685,0.00727517436095241,11,0.5954602806135296,190.40476989746094,1.0,0.17647058823529413,0.0,0.0,0.0,2
Kruskal,0.9384860143845424,0.010545897839379302,21,0.7271618881502012,343.9649589061737,1.0,1.0,0.5454545454545454,0.0,0.0,3
GPrim,0.754946334364586,0.0024776989738805252,98,0.7671598641723436,249.17802357673645,1.0,1.0,1.0,1.0,0.0,4
