models,delta,spacing,onvg,hypervolume,time,c_Prufer,c_NetKeys,c_Prim,c_Kruskal,c_GPrim,score
Prufer,0.9623290588336246,0.00607781374096884,11,0.7106709773988714,131.52627992630005,0.0,0.2857142857142857,0.0,0.23809523809523808,0.0,1
NetKeys,0.9431760775253683,0.004848587301893889,14,0.7782597477669255,368.58432507514954,0.5454545454545454,0.0,0.0,0.7142857142857143,0.0,2
Prim,0.972567801160015,0.0230438205472139,8,0.6939483671404741,157.43342447280884,0.6363636363636364,0.35714285714285715,0.0,0.3333333333333333,0.0,3
Kruskal,0.9371678861508294,0.020962530290815778,21,0.8403954160190699,199.65203213691711,0.18181818181818182,0.0,0.0,0.0,0.0,0
GPrim,0.8103179323475361,0.016744551088511042,97,0.9410346355896883,221.96313428878784,1.0,1.0,1.0,1.0,0.0,4
