models,igd,delta,spacing,onvg,hypervolume,time,c_Prufer,c_NetKeys,c_Prim,c_Kruskal,c_GPrim,score
Prufer,0.04648813442366059,0.8040767544103451,0.027789651488546223,8.0,0.6643207280027876,17.294980669021605,0.0,0.32166666666666666,0.13775946275946277,0.20003968253968257,0.005,0.5
NetKeys,0.04430910967811259,0.7645116196261926,0.02799928221698799,9.1,0.7304292184241388,22.99852764606476,0.45357142857142857,0.0,0.24697191697191698,0.14250000000000002,0.01,0.7
Prim,0.044628285720330105,0.7633865592944875,0.0150600561839625,9.1,0.6750815424439534,17.83225839138031,0.7190079365079365,0.5036111111111111,0.0,0.40253968253968253,0.01,2.3
Kruskal,0.048265572119416164,0.784829408241088,0.015962656130250174,8.3,0.6965016136212964,19.950613832473756,0.7232142857142857,0.6238888888888889,0.3563369963369964,0.0,0.02,2.4
GPrim,0.00028542136800098857,0.6005646199858893,0.09383213815728679,20.0,0.8256527440735365,24.46658914089203,0.937936507936508,0.9005555555555557,0.6721520146520147,0.74,0.0,4.0
