models,igd,delta,spacing,onvg,hypervolume,time,c_A,c_B,c_C,c_D,c_E,score
A,0.05117863296049481,0.8382516793077199,0.030184992445880438,6.0,0.16323255064872125,12.951766538619996,0.0,0.0,0.0,0.0,0.0,0.0
B,0.04012557805675265,0.7412683076530536,0.025194649577297622,10.0,0.2735772823930712,24.0571293592453,1.0,0.0,0.2295027195027195,0.21932012432012432,0.005,1.4
C,0.03808100355235157,0.6963089744934907,0.014252400762508662,11.7,0.29255571068094677,18.0319881439209,1.0,0.5270115995115995,0.0,0.27048174048174045,0.015000000000000003,2.4
D,0.040004981913910914,0.7204201977603235,0.014616494394629758,10.7,0.2677125740886025,21.20709297657013,1.0,0.6155250305250306,0.28990620490620495,0.0,0.02,2.1
E,0.01696747298219972,0.6426754247661315,0.11774846668448698,20.0,0.8069870773245305,25.679884910583496,1.0,0.900103785103785,0.553090243090243,0.5683721833721834,0.0,4.0
