models,igd,delta,spacing,onvg,hypervolume,time,c_Prufer,c_NetKeys,c_Prim,c_Kruskal,c_GPrim,score
Prufer,0.09057128953398969,0.8090902813322518,0.054719187368976185,8.0,0.5940604571909543,17.294980669021605,0.0,0.32166666666666666,0.13775946275946277,0.20003968253968257,0.005,0.5
NetKeys,0.08196268565651373,0.7619210922766391,0.0625190823475491,9.1,0.6489159539015182,22.99852764606476,0.45357142857142857,0.0,0.24697191697191698,0.14250000000000002,0.01,0.7
Prim,0.09119595502997403,0.7638811488129323,0.031482699312927256,9.1,0.6059916086029993,17.83225839138031,0.7190079365079365,0.5036111111111111,0.0,0.40253968253968253,0.01,2.3
Kruskal,0.09123659533496763,0.7871748285020337,0.0367576698857497,8.3,0.621905157125124,19.950613832473756,0.7232142857142857,0.6238888888888889,0.3563369963369964,0.0,0.02,2.4
GPrim,0.0007244568616577246,0.9134930977391459,0.23816484662012596,20.0,2.495329889740545,24.46658914089203,0.937936507936508,0.9005555555555557,0.6721520146520147,0.74,0.0,4.0
