models,delta,spacing,onvg,hypervolume,time,c_Prufer,c_NetKeys,c_Prim,c_Kruskal,c_GPrim,score
Prufer,0.9686129883870256,0.007472574792883149,10.1,0.5881105639515406,252.31017184257507,0.0,0.3200204980777736,0.01111111111111111,0.01666666666666667,0.0,0.8
NetKeys,0.9292276556053622,0.017870895548991197,15.9,0.6815846488109488,1226.849452137947,0.10472222222222223,0.0,0.0,0.0,0.0,0.2
Prim,0.9694988383600898,0.007525996077781384,9.5,0.6043515552734535,201.30676896572112,0.9438888888888888,0.42006011918937614,0.0,0.12907009657009655,0.0,2.1
Kruskal,0.9837373327649541,0.00828134573880995,10.3,0.6820408434948394,381.7832550287247,0.8882051282051282,0.8727774186597715,0.4889102564102564,0.0,0.0,2.9
GPrim,0.7543957451332617,0.0025422129851960084,98.2,0.7854111668312334,261.68318128585815,1.0,1.0,1.0,1.0,0.0,4.0
