models,delta,spacing,onvg,hypervolume,time,c_Prufer,c_NetKeys,c_Prim,c_Kruskal,c_GPrim,score
Prufer,0.9812926308876655,0.006609301778903386,4.6,0.4393096158407654,236.11122920513154,0.0,0.17582181707181704,0.0,0.0,0.0,0.7
NetKeys,0.9295753626021572,0.00841793673214106,23.4,0.631730008112598,1197.3007045745849,0.16190476190476188,0.0,0.0,0.0,0.0,0.3
Prim,0.9879159399884427,0.0069089655986554945,7.6,0.557387513071163,188.69356842041014,1.0,0.5040577478077478,0.0,0.4383333333333333,0.0,2.5
Kruskal,0.9875158523474262,0.01377735470640123,6.2,0.5573704622232573,342.0645842552185,1.0,0.49975288600288603,0.3471212121212121,0.0,0.0,2.5
GPrim,0.7887547265751466,0.0010428108635577777,86.5,0.6998415173503523,283.00506806373596,1.0,1.0,1.0,1.0,0.0,4.0
