models,delta,spacing,onvg,hypervolume,time,c_Prufer,c_NetKeys,c_Prim,c_Kruskal,c_GPrim,score
Prufer,0.9771794486532073,0.008109039518203433,4.6,0.431382648901611,236.11122920513154,0.0,0.17582181707181707,0.0,0.0,0.0,0.7
NetKeys,0.8625280474236862,0.017829259711757587,23.4,0.5999909759751916,1197.3007045745849,0.16190476190476188,0.0,0.0,0.0,0.0,0.3
Prim,0.985720687414776,0.007253035987647566,7.6,0.5479329793824368,188.69356842041014,1.0,0.5040577478077478,0.0,0.4383333333333333,0.0,2.5
Kruskal,0.9851478870928446,0.014316917339656062,6.2,0.5478542200528964,342.0645842552185,1.0,0.49975288600288603,0.3471212121212121,0.0,0.0,2.5
GPrim,0.7896672464952855,0.0011870806485594688,86.5,0.6920301352750848,283.00506806373596,1.0,1.0,1.0,1.0,0.0,4.0
