models,delta,spacing,onvg,hypervolume,time,c_HMOEA,c_Prufer,c_NetKeys,c_Prim,c_Kruskal,c_GPrim,score
HMOEA,0.7224688287420351,0.006974844957778651,12.1,0.9350198690334119,4207.968451595307,0.0,0.5607142857142857,0.942899322899323,0.00909090909090909,0.0,0.0,1.9
Prufer,0.9812926308876655,0.006609301778903386,4.6,0.4393096158407654,236.11122920513154,0.06282051282051279,0.0,0.17582181707181704,0.0,0.0,0.0,0.8
NetKeys,0.9295753626021572,0.00841793673214106,23.4,0.631730008112598,1197.3007045745849,0.02371794871794871,0.16190476190476188,0.0,0.0,0.0,0.0,0.3
Prim,0.9879159399884427,0.0069089655986554945,7.6,0.557387513071163,188.69356842041014,0.33642191142191136,1.0,0.5040577478077478,0.0,0.4383333333333333,0.0,3.5
Kruskal,0.9875158523474262,0.01377735470640123,6.2,0.5573704622232573,342.0645842552185,0.3196386946386946,1.0,0.49975288600288603,0.3471212121212121,0.0,0.0,3.5
GPrim,0.7887547265751466,0.0010428108635577777,86.5,0.6998415173503523,283.00506806373596,0.5603146853146853,1.0,1.0,1.0,1.0,0.0,5.0
