models,delta,spacing,onvg,hypervolume,time,c_Prufer,c_NetKeys,c_Prim,c_Kruskal,c_GPrim,score
Prufer,0.9484665508932174,0.021533251635625836,6.9,0.6290440576145289,123.04954195022583,0.0,0.13333333333333333,0.025,0.0,0.0,0.0
NetKeys,0.9617749566683316,0.015696603381383595,5.3,0.6760227564752401,134.43052723407746,0.8177777777777777,0.0,0.4089285714285714,0.11666666666666665,0.0,1.7
Prim,0.9605417227848367,0.02803759001675547,5.3,0.6777634188930894,105.9751739025116,0.9266666666666665,0.42000000000000004,0.0,0.08333333333333333,0.0,1.6
Kruskal,0.9632221249964654,0.022715794117287365,4.0,0.7106207906909453,117.68631134033203,0.7387301587301588,0.45095238095238094,0.5349999999999999,0.0,0.0,2.4
GPrim,1.1216624917147295,0.22722840403871078,23.8,3.150715281908053,186.0210044145584,1.0,1.0,1.0,1.0,0.0,4.0
