models,delta,spacing,onvg,hypervolume,c_A,c_B,c_C,c_D,c_E,c_F,score
A,0.6842105422987339,9.204004740803487e-05,7,0.01427579202068867,0.0,0.0,0.0,0.0,0.0,0.0,0
B,0.4210526744243382,0.0001275231291281374,12,0.02617852616651297,1.0,0.0,0.42857142857142855,0.2,0.0,0.0,2
C,0.3157895250027292,3.6772845239193626e-06,14,0.02582289802516713,1.0,0.16666666666666666,0.0,0.13333333333333333,0.0,0.0,1
D,0.26315796948763187,0.00015871521350795196,15,0.033065744980679886,1.0,0.5,0.42857142857142855,0.0,0.15,0.2,3
E,6.407260162594259e-06,0.00045786356882133837,20,0.06287590288984521,1.0,0.5,0.6428571428571429,0.4666666666666667,0.0,0.15,4
F,6.408099873976942e-06,0.00045815122562522696,20,0.06288869134570652,1.0,0.5833333333333334,0.5714285714285714,0.4,0.15,0.0,4
