models,delta,spacing,onvg,hypervolume,c_A,c_B,c_C,c_D,c_E,c_F,score
A,0.6898852465446885,0.0920400474080716,7,1.3874332806886676,0.0,0.0,0.0,0.0,0.0,0.0,0
B,0.5887337399228264,0.1315528188377044,9,1.821415104881364,1.0,0.0,0.4166666666666667,0.09090909090909091,0.0,0.0,2
C,0.43035626775455066,0.050884228763155875,12,-0.599505136304403,1.0,0.2222222222222222,0.0,0.0,0.0,0.0,1
D,0.5020011258722588,0.18258596587888842,11,4.177605423827998,1.0,0.5555555555555556,0.5833333333333334,0.0,0.05555555555555555,0.1,3
E,0.23116927014133767,0.15069570749322947,18,9.083715249796006,1.0,0.7777777777777778,0.75,0.7272727272727273,0.0,0.25,5
F,0.28160147072759945,0.45597467959070476,20,26.276475302998847,1.0,0.8888888888888888,0.75,0.7272727272727273,0.2222222222222222,0.0,4
