models,igd,delta,spacing,onvg,hypervolume,c_A,c_B,c_C,c_D,c_E,score
A,0.8046738520228514,0.6842105422987339,9.204004740803487e-05,7,0.01427579202068867,0.0,0.0,0.0,0.0,0.0,0
B,0.6519202442416994,0.5789473955483879,0.00013155281883766394,9,0.01900589342488137,1.0,0.0,0.4166666666666667,0.09090909090909091,0.0,2
C,0.3872983412914243,0.42105267087895387,5.088422876312595e-05,12,0.0230291525536956,1.0,0.2222222222222222,0.0,0.0,0.0,1
D,0.6020797322159115,0.4736842640738277,0.00018258596587887618,11,0.025658203323827997,1.0,0.5555555555555556,0.5833333333333334,0.0,0.05,3
E,0.00011959948908436705,5.688275984809146e-06,0.00045869448461894637,20,0.06300460705763637,1.0,0.8888888888888888,0.75,0.8181818181818182,0.0,4
