models,igd,delta,spacing,onvg,hypervolume,c_A,c_B,c_C,c_D,c_E,score
A,0.8046738521561425,0.6842105422981415,9.204997680270601e-05,7,0.01427598779825052,0.0,0.0,0.0,0.0,0.0,0
B,0.7416198517927786,0.7192982547134749,0.3779062264843287,7,0.020570591083940087,1.0,0.0,0.2,0.25,0.0,1
C,0.5147815118644263,0.5672514840356017,0.00013693557778967743,10,0.02391371014209359,1.0,0.8571428571428571,0.0,0.3333333333333333,0.05,2
D,0.4821825435688264,0.46411488353280317,0.28864276764203156,12,0.03231401303974606,1.0,0.5714285714285714,0.5,0.0,0.05,3
E,0.00012066156559748255,6.40809950511691e-06,0.00045820838390622174,20,0.06289218243278934,1.0,1.0,0.8,0.8333333333333334,0.0,4
