models,delta,spacing,onvg,hypervolume,c_A,c_B,c_C,c_D,c_E,c_F,score
A,0.6898852465446885,0.0920400474080716,7,1.3874332806886676,0.0,0.0,0.0,0.0,0.0,0.0,0
B,0.4398908619265368,0.1275231291281338,12,2.5498684765129696,1.0,0.0,0.42857142857142855,0.2,0.0,0.0,2
C,0.32609406403277374,0.003677284523880343,14,-2.101879244832867,1.0,0.16666666666666666,0.0,0.13333333333333333,0.0,0.0,1
D,0.30406037218889315,0.1587152135079648,15,2.992907920679878,1.0,0.5,0.42857142857142855,0.0,0.15,0.2,3
E,0.2817062808478938,0.45786356882133916,20,26.262377856669644,1.0,0.5,0.6428571428571429,0.4666666666666667,0.0,0.15,4
F,0.28222812089749216,0.4581512256252327,20,26.275166312530963,1.0,0.5833333333333334,0.5714285714285714,0.4,0.15,0.0,4
