models,igd,delta,spacing,onvg,hypervolume,time,c_A,c_B,c_C,c_D,c_E,score
A,0.046918459639701975,0.8750240966214383,0.04430658184950593,5,0.13450196555348842,11.655171871185303,0.0,0.0,0.0,0.0,0.0,0
B,0.028836795155694744,0.7462390953399356,0.020096864328745898,10,0.2780139005101256,20.91539764404297,1.0,0.0,0.18181818181818182,0.08333333333333333,0.0,1
C,0.024305573652582565,0.7217823739431964,0.014877690626772426,11,0.3231474145026707,16.245383501052856,1.0,0.5,0.0,0.08333333333333333,0.0,2
D,0.021804306712751617,0.6985536797475577,0.044821432075420053,12,0.36089503406420814,19.159509658813477,1.0,0.5,0.36363636363636365,0.0,0.05,3
E,0.012224758440628794,0.6422619949204041,0.11748909138640233,20,0.8061338092174162,23.73989748954773,1.0,0.7,0.7272727272727273,0.4166666666666667,0.0,4
