models,igd,delta,spacing,onvg,hypervolume,c_A,c_B,c_C,c_D,c_E,score
A,0.045345154723057265,0.8129563268988357,0.023600137627609256,7,0.1830067146735017,0.0,0.0,0.0,0.0,0.0,0
B,0.027122577656176716,0.7282212536762381,0.03518258822019007,9,0.3139077736869929,1.0,0.0,0.08333333333333333,0.07692307692307693,0.0,1
C,0.023620214702394983,0.6748740000579281,0.022066089557804314,12,0.3395240298136635,1.0,0.8888888888888888,0.0,0.23076923076923078,0.0,2
D,0.027165354614655402,0.6681510558331077,0.049062333583090506,13,0.4189485947343886,1.0,0.8888888888888888,0.3333333333333333,0.0,0.2,3
E,0.012214570164193826,0.6423654606883992,0.11743542683410503,20,0.8063595199497349,1.0,1.0,0.5,0.5384615384615384,0.0,4
