models,delta,spacing,onvg,hypervolume,time,c_Prufer,c_NetKeys,c_Prim,c_Kruskal,c_GPrim,score
Prufer,0.9622570926714161,0.012887591898887083,5,0.5209242955029327,135.13847589492798,0.0,0.0,0.0,0.0,0.0,0
NetKeys,0.9905954230960093,0.0,2,0.5261836674066164,163.62896728515625,1.0,0.0,0.3333333333333333,0.0,0.0,2
Prim,0.9816222253097255,0.06727177939233449,3,0.5383950383273177,110.40317296981812,0.8,0.0,0.0,0.0,0.0,1
Kruskal,0.8827356536758674,0.0,2,0.6172955827449227,120.25725269317627,0.8,0.5,1.0,0.0,0.0,3
GPrim,0.906855898815864,0.18326977030082825,6,0.8140259643867774,233.88919758796692,1.0,1.0,1.0,1.0,0.0,4
