models,delta,spacing,onvg,hypervolume,time,c_HMOEA,c_Prufer,c_NetKeys,c_Prim,c_Kruskal,c_GPrim,score
HMOEA,1.0,inf,0,0.0,335.4477436542511,1,0.0,0.0,0.0,0.0,0.0,0
Prufer,1.0,inf,1,inf,142.31436610221863,1,0.0,0.0,0.0,0.0,0.0,1
NetKeys,1.0,inf,1,inf,151.76417350769043,1,0.0,0.0,0.0,0.0,0.0,1
Prim,1.0,inf,1,inf,104.71359419822693,1,0.0,0.0,0.0,0.0,0.0,1
Kruskal,1.0,inf,1,inf,121.0273129940033,1,0.0,0.0,0.0,0.0,0.0,1
GPrim,1.0,inf,1,inf,251.981605052948,1,0.0,0.0,0.0,0.0,0.0,1
