models,delta,spacing,onvg,hypervolume,time,c_Prufer,c_NetKeys,c_Prim,c_Kruskal,c_GPrim,score
Prufer,0.9356630291045028,0.023306262088687652,8.583333333333334,0.6830044052007663,173.1095676422119,0.0,0.08634259259259258,0.08311965811965812,0.03333333333333333,0.0,0.3333333333333333
NetKeys,0.9550080954916282,0.012843150004545641,8.5,0.7515684826560861,427.07529803117114,0.7930555555555556,0.0,0.45922364672364674,0.2500228937728937,0.0,1.5
Prim,0.9420774915100937,0.0090122293076012,7.583333333333333,0.6978416354829804,118.96586835384369,0.889814814814815,0.25302706552706555,0.0,0.13063949938949937,0.0,1.6666666666666667
Kruskal,0.9483971604432617,inf,9.75,0.8027956276024507,166.1332069238027,0.7935185185185185,0.45997150997151,0.3952228327228327,0.0,0.0,2.25
GPrim,0.8435569512835958,0.039142045064312424,40.0,0.8915426179314303,184.69725032647452,0.9666666666666667,0.9895833333333334,1.0,0.9767628205128206,0.0,4.0
