models,delta,spacing,onvg,hypervolume,c_A,c_B,c_C,c_D,c_E,c_F,score
A,0.7447079174079361,0.1965248777501078,6,0.817474158427693,0.0,0.0,0.0,0.0,0.0,0.0,0
B,0.6892734352685768,0.005721462268044188,7,-1.3763126914648902,1.0,0.0,0.375,0.3333333333333333,0.0,0.0,1
C,0.6374521287853488,0.09520144830013016,8,-0.1147310966551558,1.0,0.5714285714285714,0.0,0.3333333333333333,0.05263157894736842,0.0,2
D,0.7405707861508041,0.09730404855254925,6,1.255541851209074,1.0,0.42857142857142855,0.375,0.0,0.10526315789473684,0.0,3
E,0.505534373554496,0.9035570431687658,19,47.88063432597736,1.0,1.0,0.75,0.6666666666666666,0.0,0.35,4
F,0.48587613203488833,0.9115585380457024,20,55.450004506904364,1.0,0.8571428571428571,0.875,1.0,0.3684210526315789,0.0,5
