models,igd,delta,spacing,onvg,hypervolume,c_A,c_B,c_C,c_D,c_E,score
A,0.8587782190163645,0.736842140040853,0.00019652487775009058,6,0.02154877210842769,0.0,0.0,0.0,0.0,0.0,0
B,0.6041523029421314,0.5789474557386572,5.206253462654086e-06,9,0.031566993838499674,1.0,0.0,0.25,0.2857142857142857,0.0,1
C,0.6062177885417955,0.6691729877132139,0.3535230938662366,8,0.0329574716947703,1.0,0.6666666666666666,0.0,0.5714285714285714,0.0,3
D,0.8046738512272291,0.6842105962702483,0.00010333210242713599,7,0.02543836013046827,1.0,0.3333333333333333,0.25,0.0,0.0,2
E,0.11180404941327382,0.1052678365192142,0.0009576918756873126,18,0.1192294147479459,1.0,1.0,1.0,1.0,0.0,4
