models,delta,spacing,onvg,hypervolume,time,c_A,c_B,c_C,c_D,c_E,score
A,0.8895246900838275,0.0,2,0.05682993506906775,51.89865684509277,0.0,0.0,0.0,0.0,0.0,0
B,0.9856679980587082,0.13669772817878895,3,0.09343608691656607,157.79308080673218,1.0,0.0,0.0,0.0,0.0,1
C,0.9777398867583827,0.0,2,0.018213531678421456,104.35312533378601,1.0,1.0,0.0,0.6666666666666666,0.0,3
D,0.9743224762711789,0.09585535223549616,3,0.08447002237925685,156.72618341445923,1.0,0.6666666666666666,0.0,0.0,0.0,2
E,0.9569887464434464,0.17782881008485943,7,0.43088278427742027,216.39109802246094,1.0,1.0,1.0,1.0,0.0,4
