models,delta,spacing,onvg,hypervolume,time,c_A,c_B,c_C,c_D,c_E,score
A,0.9696969048682549,0.0,2,0.2256374605383566,51.89865684509277,0.0,0.0,0.0,0.0,0.0,0
B,0.9797979829376159,2.313911596482523,3,0.37097845262136014,157.79308080673218,1.0,0.0,0.0,0.0,0.0,1
C,0.9898989828115993,0.0,2,0.07231496974894121,104.35312533378601,1.0,1.0,0.0,0.6666666666666666,0.0,3
D,0.9595959691981871,1.7351689534507013,3,0.3353796079145567,156.72618341445923,1.0,0.6666666666666666,0.0,0.0,0.0,2
E,0.9393950335416125,0.007060511519033058,7,1.7107761449295014,216.39109802246094,1.0,1.0,1.0,1.0,0.0,4
