models,delta,spacing,onvg,hypervolume,time,c_Prufer,c_NetKeys,c_Prim,c_Kruskal,c_GPrim,score
Prufer,0.9417935579744782,0.007306382163057671,9,0.06461458500882214,670.9321413040161,0.0,0.0,0.0,0.0,0.0,0
NetKeys,0.9860826337689371,0.055273138685705776,6,0.10943595820846122,1494.8246273994446,0.4444444444444444,0.0,0.4,0.0,0.0,2
Prim,0.9851139548506413,0.004123801557932647,5,0.027897919019302525,290.82806968688965,1.0,0.16666666666666666,0.0,0.1,0.0,1
Kruskal,0.9600527051228365,0.02261630029096804,10,0.09862226571020755,464.5184030532837,0.7777777777777778,0.8333333333333334,0.6,0.0,0.0,3
GPrim,0.9338530756522798,0.0025311759322525773,24,0.09893663967983339,496.70433831214905,1.0,1.0,1.0,1.0,0.0,4
