models,delta,spacing,onvg,hypervolume,time,c_A,c_B,c_C,c_D,c_E,score
A,0.9648240380367009,1.3431936628065928,5,1.235678380755314,170.3692786693573,0.0,0.0,0.0,0.0,0.0,0
B,0.9819095506685546,10.315312784471807,6,1.7445838336321724,1494.8246273994446,1.0,0.0,0.4,0.6363636363636364,0.0,3
C,0.9798994995581395,0.5475804420156116,5,0.44473735424643746,290.82806968688965,1.0,0.16666666666666666,0.0,0.36363636363636365,0.0,2
D,0.963819093641263,0.9244378373951007,11,1.8586299227075074,645.3071663379669,1.0,0.0,0.0,0.0,0.0,1
E,0.8876994131654632,0.4643187913467638,24,1.5772079393734733,496.70433831214905,1.0,1.0,1.0,1.0,0.0,4
