models,delta,spacing,onvg,hypervolume,time,c_A,c_B,c_C,c_D,c_E,score
A,0.9428338177176656,0.04509317245983705,5,0.07751284004156883,170.3692786693573,0.0,0.0,0.0,0.0,0.0,0
B,0.9860826337689371,0.055273138685705776,6,0.10943595820846122,1494.8246273994446,1.0,0.0,0.4,0.6363636363636364,0.0,3
C,0.9851139548506413,0.004123801557932647,5,0.027897919019302525,290.82806968688965,1.0,0.16666666666666666,0.0,0.36363636363636365,0.0,2
D,0.9566779874410267,0.006357902164725115,11,0.11658995264385746,645.3071663379669,1.0,0.0,0.0,0.0,0.0,1
E,0.9338530756522798,0.0025311759322525773,24,0.09893663967983339,496.70433831214905,1.0,1.0,1.0,1.0,0.0,4
