models,delta,spacing,onvg,hypervolume,time,c_Prufer,c_NetKeys,c_Prim,c_Kruskal,c_GPrim,score
Prufer,0.9721526707030482,0.01084719202079048,9,0.5699210865268133,238.16545939445496,0.0,0.17391304347826086,0.0,0.0,0.0,1
NetKeys,0.8577784712170814,0.011149670255630755,23,0.669026015204018,1135.188660144806,0.0,0.0,0.0,0.0,0.0,0
Prim,0.9638765917347614,0.003189592276814115,15,0.585684854489414,195.85757398605347,1.0,0.391304347826087,0.0,0.0,0.0,2
Kruskal,0.9104394293965802,0.0040740791871857794,17,0.7590261935319534,337.5589861869812,1.0,1.0,0.6,0.0,0.0,3
GPrim,0.7601518842248582,0.001983489245187591,99,0.7527728486787351,246.66003227233887,1.0,1.0,1.0,0.8235294117647058,0.0,4
