models,igd,delta,spacing,onvg,hypervolume,c_A,c_B,c_C,c_D,c_E,c_F,score
A,0.8366600367402336,0.7368421149154024,0.00010819821943839452,6,0.011539326527134602,0.0,0.0,0.0,0.0,0.0,0.0,0
B,0.5123475472353773,0.47368424991736446,0.00018572309385736182,11,0.025829245138224537,1.0,0.0,0.06666666666666667,0.09090909090909091,0.0,0.0,1
C,0.2783882432322889,0.26315794579590757,6.875805714439705e-05,15,0.029012454758604384,1.0,0.7272727272727273,0.0,0.2727272727272727,0.0,0.0,3
D,0.6020797368027385,0.47368426352376136,9.819923102115496e-05,11,0.024029751311856,1.0,0.9090909090909091,0.2,0.0,0.05,0.0,2
E,6.629829389633246e-05,6.399945989635289e-06,0.0004591008178975528,20,0.06293663686452225,1.0,1.0,0.6,0.8181818181818182,0.0,0.0,4
F,6.617419478477175e-05,6.4002288797661315e-06,0.00045952824625897074,20,0.06295322129591457,1.0,1.0,0.6,0.9090909090909091,0.3,0.0,5
