models,igd,delta,spacing,onvg,hypervolume,c_A,c_B,c_C,c_D,c_E,score
A,0.8381527407281408,0.8157894777767,0.4472524264182167,5,0.01163414004232266,0.0,0.0,0.0,0.0,0.0,0
B,0.7399324364789265,0.6691729325626585,0.00021294716773845687,8,0.022875745091508644,1.0,0.0,0.3333333333333333,0.1,0.0,1
C,0.6041523112280378,0.5789473917089304,6.5691672055737e-05,9,0.01743888051039158,1.0,0.375,0.0,0.5,0.0,3
D,0.5500000131210399,0.5263158216273415,6.404283294101737e-05,10,0.019463419292977204,1.0,0.625,0.4444444444444444,0.0,0.0,2
E,0.05000004394320987,0.052632838111362844,0.00016429219063331213,19,0.043929462924404805,1.0,0.875,1.0,1.0,0.0,4
