models,delta,spacing,onvg,hypervolume,c_A,c_B,c_C,c_D,c_E,c_F,score
A,0.8954495557119905,0.2343808006691022,3,2.204297877233312,0.0,0.0,0.0,0.0,0.0,0.0,0
B,0.648442200064749,0.20870715658287955,8,2.750381871319931,1.0,0.0,0.125,0.14285714285714285,0.0,0.0,1
C,0.6497755482765819,0.20370249785180927,8,4.10590837235674,1.0,0.625,0.0,0.2857142857142857,0.10526315789473684,0.05,2
D,0.6966153002496791,0.1774759706881431,7,3.2201159172216665,1.0,0.625,0.625,0.0,0.0,0.05,3
E,0.5045901985479149,0.9320764288267215,19,47.88257727618053,1.0,1.0,0.75,0.8571428571428571,0.0,0.4,5
F,0.4846017907323623,0.8835833514384677,20,55.43460471175691,1.0,1.0,0.75,0.8571428571428571,0.3157894736842105,0.0,4
