models,delta,spacing,onvg,hypervolume,c_A,c_B,c_C,c_D,c_E,c_F,score
A,0.8947368534800934,0.00023630888886076327,3,0.010481789097040672,0.0,0.0,0.0,0.0,0.0,0.0,0
B,0.6842105893329298,9.000105201923725e-05,7,0.024050487907632173,1.0,0.0,0.3333333333333333,0.0,0.0,0.0,1
C,0.768421067398647,0.0002977303581715203,6,0.030642239726400945,1.0,0.5714285714285714,0.0,0.2857142857142857,0.05263157894736842,0.0625,2
D,0.6842106044229763,0.0002291099813716805,7,0.029435881315516048,1.0,0.7142857142857143,0.5,0.0,0.0,0.0,3
E,0.052636969210414435,0.0008153771751322975,19,0.1211282188310126,1.0,1.0,0.6666666666666666,1.0,0.0,0.4375,5
F,0.21052663266154326,0.00016054732525362233,16,0.06771805959003246,1.0,1.0,0.8333333333333334,1.0,0.2631578947368421,0.0,4
