models,delta,spacing,onvg,hypervolume,c_A,c_B,c_C,c_D,c_E,score
A,0.8955149797463337,0.23630888886079043,3,2.189269917040665,0.0,0.0,0.0,0.0,0.0,0
B,0.6897549260498355,0.09000105201919778,7,-0.8270696323678219,1.0,0.0,0.3333333333333333,0.0,0.0,1
C,0.7552424438392257,0.29773035817156457,6,5.76468218640094,1.0,0.5714285714285714,0.0,0.2857142857142857,0.05555555555555555,2
D,0.7009765862298916,0.22910998137169525,7,4.5583237755160555,1.0,0.7142857142857143,0.5,0.0,0.05555555555555555,3
E,0.3102450000923812,0.34159678288500595,18,15.131411328567893,1.0,1.0,0.6666666666666666,0.8571428571428571,0.0,4
