models,igd,delta,spacing,onvg,hypervolume,c_A,c_B,c_C,c_D,c_E,score
A,1.105667229518916,0.8947368534800934,0.00023630888886076327,3,0.010481789097040672,0.0,0.0,0.0,0.0,0.0,0
B,0.7599342112125307,0.6842105893329298,9.000105201923725e-05,7,0.024050487907632173,1.0,0.0,0.3333333333333333,0.0,0.0,1
C,0.8062257911394646,0.768421067398647,0.0002977303581715203,6,0.030642239726400945,1.0,0.5714285714285714,0.0,0.2857142857142857,0.0625,2
D,0.887411977206351,0.6842106044229763,0.0002291099813716805,7,0.029435881315516048,1.0,0.7142857142857143,0.5,0.0,0.0,3
E,0.1581139615053885,0.21052663266154326,0.00016054732525362233,16,0.06771805959003246,1.0,1.0,0.8333333333333334,1.0,0.0,4
