models,delta,spacing,onvg,hypervolume,time,c_Prufer,c_NetKeys,c_Prim,c_Kruskal,c_GPrim,score
Prufer,0.8892731284356324,0.04046483041826486,7,0.5977683211983118,37.358099699020386,0.0,0.0,0.0,0.0,0.0,0
NetKeys,0.9172774699522536,0.02601175029903782,7,0.7367725624202007,52.348432779312134,1.0,0.0,0.6,0.75,0.0,3
Prim,0.9206713876340006,0.03918146949052094,5,0.6754796661417177,43.792181968688965,1.0,0.0,0.0,0.0,0.0,1
Kruskal,0.8966006179324396,0.011864734394069503,8,0.7503963143822554,46.85730218887329,1.0,0.14285714285714285,0.6,0.0,0.0,2
GPrim,0.9526581183873601,0.15828951051562368,9,0.8258563549790022,78.18799638748169,1.0,1.0,1.0,1.0,0.0,4
