models,delta,spacing,onvg,hypervolume,c_A,c_B,c_C,c_D,c_E,score
A,0.9622371255683122,0.03063511416263443,4,0.06240925394437173,0.0,0.0,0.0,0.0,0.0,0
B,0.9931320737429027,0.0369237307555967,6,0.07649153255714208,1.0,0.0,0.375,0.5,0.0,3
C,0.9586861048057145,0.014330825025061075,8,0.1039060439172711,1.0,0.16666666666666666,0.0,0.125,0.0,1
D,0.9573015552319705,0.004259936165559859,8,0.06313854114791641,1.0,0.0,0.375,0.0,0.0,2
E,1.0914710063741142,0.10012294950064057,27,0.5808678619310054,1.0,1.0,1.0,1.0,0.0,4
