models,delta,spacing,onvg,hypervolume,time,c_Prufer,c_NetKeys,c_Prim,c_Kruskal,c_GPrim,score
Prufer,0.8829782132999219,0.06970160723463706,10,0.5559235276331997,22.743499755859375,0.0,0.0,0.0,0.0,0.0,0
NetKeys,0.838112804898376,0.02932869368742826,10,0.6361605408860038,22.921846628189087,1.0,0.0,0.6666666666666666,0.15384615384615385,0.0,2
Prim,0.9280747370067188,0.14758795496854926,9,0.6119100137295506,28.355122089385986,1.0,0.1,0.0,0.15384615384615385,0.0,1
Kruskal,0.7409202331894984,0.05988728068726949,13,0.6711120838925836,31.633068799972534,1.0,0.8,0.6666666666666666,0.0,0.0,3
GPrim,0.8582331503594036,0.10481211335605543,27,1.390393342113687,40.49138259887695,1.0,1.0,1.0,1.0,0.0,4
