models,delta,spacing,onvg,hypervolume,time,c_A,c_B,c_C,c_D,c_E,score
A,0.9232323291164207,0.8942010531057728,6,0.28203781297807284,51.80063223838806,0.0,0.0,0.0,0.0,0.0,0
B,0.9267676992265355,0.00023735826070266796,9,0.23625882869594664,139.6680085659027,1.0,0.0,0.8,0.0,0.0,2
C,0.9595959720513998,1.7889134291799662,5,0.20343303747618813,105.4257447719574,1.0,0.2222222222222222,0.0,0.0,0.0,1
D,0.9555555695283372,0.40829612809254107,6,0.1841135171105706,151.64968514442444,1.0,0.7777777777777778,1.0,0.0,0.0,3
E,0.7676792358085125,0.004184960593642101,24,2.2383470436816664,180.39365196228027,1.0,1.0,1.0,1.0,0.0,4
