models,delta,spacing,onvg,hypervolume,c_A,c_B,c_C,c_D,c_E,score
A,0.9326576960386027,0.007487787307395384,6,0.07103514886368385,0.0,0.0,0.0,0.0,0.0,0
B,0.9511515935865452,0.005317980107281634,9,0.05950507447765854,1.0,0.0,0.8,0.0,0.0,2
C,0.975590153732159,0.019528292227754214,5,0.05123744205900471,1.0,0.2222222222222222,0.0,0.0,0.0,1
D,0.969032836442005,0.008905793111889295,6,0.04637155194783258,1.0,0.7777777777777778,1.0,0.0,0.0,3
E,1.0898939034930204,0.10540405756909274,24,0.5637588583516477,1.0,1.0,1.0,1.0,0.0,4
