models,delta,spacing,nds,c_1.2.4.0.0.0,c_1.2.4.0.0.1,c_1.2.4.0.0.2,c_1.2.4.0.0.3,score
1.2.4.0.0.0,0.0,0.0,2,0.0,0.0,0.0,0.0,0
1.2.4.0.0.1,2.670248407573202e-08,0.00010091574199997567,4,0.0,0.0,1.0,0.3333333333333333,2
1.2.4.0.0.2,inf,inf,1,0.0,0.0,0.0,0.0,0
1.2.4.0.0.3,0.5000000804210409,0.5777246036644927,3,0.5,0.0,0.0,0.0,1
