models,delta,spacing,onvg,hypervolume,time,c_Prufer,c_NetKeys,c_Prim,c_Kruskal,c_GPrim,score
Prufer,0.8159709251318387,0.0321206804614043,10,0.5622073595272367,22.948957443237305,0.0,0.0,0.0,0.0,0.0,0
NetKeys,0.8095632327748715,0.03973980651925943,12,0.6582122689575463,23.101706504821777,1.0,0.0,0.5555555555555556,0.38461538461538464,0.034482758620689655,2
Prim,0.8863611736432863,0.005339395746653553,9,0.6028931432246468,27.543874740600586,1.0,0.16666666666666666,0.0,0.15384615384615385,0.0,1
Kruskal,0.8810365606806126,0.12461551657334224,13,1.0031822483872819,31.579538345336914,1.0,0.5833333333333334,0.5555555555555556,0.0,0.20689655172413793,3
GPrim,1.1553682858124847,0.3776550150854446,29,5.33650704724977,39.34595227241516,1.0,0.9166666666666666,1.0,0.6153846153846154,0.0,4
