models,igd,delta,spacing,onvg,hypervolume,c_A,c_B,c_C,c_D,c_E,score
A,0.7514232810567127,0.7638596464116697,0.3663771924973494,5.8,0.015066225334323249,0.0,0.0,0.0,0.0,0.0,0.0
B,0.578018386461857,0.6539056064249416,0.32494286268248584,8.4,0.022176613381558782,1.0,0.0,0.31687229437229436,0.29494949494949496,0.01,1.3
C,0.5940932977901532,0.6278696955349365,0.13874213251982043,8.7,0.02173495795584208,1.0,0.5572222222222222,0.0,0.38767676767676773,0.0158187134502924,2.3
D,0.6163133370324907,0.5626608434839232,0.15549768857631852,9.9,0.02570405210520723,1.0,0.5325,0.3613239538239538,0.0,0.015263157894736843,2.3
E,0.043574436098095734,0.04678777473574426,0.0003214620235251861,19.2,0.053375196123949906,1.0,0.9625,0.9196031746031746,0.9697979797979798,0.0,4.0
