models,delta,spacing,onvg,hypervolume,time,c_Prufer,c_NetKeys,c_Prim,c_Kruskal,c_GPrim,score
Prufer,0.9469155381729104,0.011905958492077456,7,0.6607248060529229,121.50659251213074,0.0,0.4,0.0,0.0,0.0,0
NetKeys,0.944119794624339,0.0192463435254754,10,0.7247197494980527,130.21340680122375,0.42857142857142855,0.0,0.2222222222222222,0.2,0.0,1
Prim,0.9473514889553329,0.009646989611279362,9,0.6858135803030788,106.10553765296936,1.0,0.5,0.0,0.0,0.0,2
Kruskal,0.9734760095726775,0.022265076153563376,5,0.7546116804098366,116.61388278007507,1.0,0.6,1.0,0.0,0.0,3
GPrim,1.1153345643241508,0.22410830593976988,23,3.148167814035575,173.25272226333618,1.0,1.0,1.0,1.0,0.0,4
