models,delta,spacing,onvg,hypervolume,time,c_A,c_B,c_C,c_D,c_E,score
A,0.9191919182801872,1.7314642483971796,3,0.19432806035776767,52.84375333786011,0.0,0.0,0.0,0.0,0.0,0
B,0.818181836720977,0.0,2,0.36753272673688286,155.07076001167297,1.0,0.0,0.0,0.0,0.0,1
C,0.9535352548636927,0.4079390381623332,6,0.30778494824258856,102.72728323936462,1.0,1.0,0.0,0.0,0.0,2
D,0.9595959382865339,0.0,2,0.24325527899576488,158.8937463760376,1.0,1.0,0.5,0.0,0.0,3
E,0.9494958579483478,0.007273064112455671,6,1.686160157046782,221.34847950935364,1.0,1.0,1.0,1.0,0.0,4
