models,delta,spacing,onvg,hypervolume,c_A,c_B,c_C,c_D,c_E,score
A,0.9156679075883107,0.0025471989087631278,3,0.04894422684017262,0.0,0.0,0.0,0.0,0.0,0
B,0.8581429691436788,0.0,2,0.09256823289173596,1.0,0.0,0.0,0.0,0.0,1
C,0.945641904078561,0.004522983776551084,6,0.07751992325267856,1.0,1.0,0.0,0.0,0.0,2
D,0.9184394569420253,0.0,2,0.06126722786878416,1.0,1.0,0.5,0.0,0.0,3
E,0.9065806623329372,0.18318224300071825,6,0.42468290510089457,1.0,1.0,1.0,1.0,0.0,4
