models,delta,spacing,onvg,hypervolume,time,c_A,c_B,c_C,c_D,c_E,score
A,0.9156679075883107,0.0025471989087631278,3,0.04894422684017262,52.84375333786011,0.0,0.0,0.0,0.0,0.0,0
B,0.8581429691436788,0.0,2,0.09256823289173596,155.07076001167297,1.0,0.0,0.0,0.0,0.0,1
C,0.945641904078561,0.004522983776551084,6,0.07751992325267856,102.72728323936462,1.0,1.0,0.0,0.0,0.0,2
D,0.9184394569420253,0.0,2,0.06126722786878416,158.8937463760376,1.0,1.0,0.5,0.0,0.0,3
E,0.9065806623329372,0.18318224300071825,6,0.42468290510089457,221.34847950935364,1.0,1.0,1.0,1.0,0.0,4
