models,delta,spacing,onvg,hypervolume,time,c_A,c_B,c_C,c_D,c_E,score
A,0.9454545420087539,1.5490043202615502,6,0.1539849854210502,35.31584286689758,0.0,0.0,0.0,0.0,0.0,0
B,0.8989899067698726,0.42166822893958633,10,0.21050431511564388,127.62814116477966,1.0,0.0,0.1111111111111111,0.0,0.0,1
C,0.9191919169156928,0.7264088726896597,9,0.1946163570599372,69.52493119239807,1.0,0.2,0.0,0.17647058823529413,0.0,2
D,0.887626279091979,0.7018930001656395,17,0.3494101356769803,99.89195036888123,1.0,0.7,0.3333333333333333,0.0,0.0,3
E,0.41046840435936804,0.271476187178149,67,1.6403577153937066,105.54957175254822,1.0,1.0,1.0,1.0,0.0,4
