models,delta,spacing,onvg,hypervolume,time,c_A,c_B,c_C,c_D,c_E,score
A,0.9633590009349419,0.0038581833562111845,8,0.05514132432637886,93.13677930831909,0.0,0.05263157894736842,0.0,0.0,0.0,0
B,0.9058308269566314,0.009006503644892848,19,0.16756875871125843,1121.1800570487976,0.75,0.0,0.0,0.0,0.0,1
C,0.9763423049979202,0.0025166213817133876,9,0.030095819354748005,163.720782995224,1.0,0.5789473684210527,0.0,0.125,0.0,3
D,0.9536355102777758,0.014686625725238338,16,0.11631340284526731,364.6203763484955,1.0,1.0,0.1111111111111111,0.0,0.0,2
E,0.780980540651712,0.0033127323083023083,98,0.384400241501516,230.94247961044312,1.0,1.0,1.0,0.875,0.0,4
