models,delta,spacing,onvg,hypervolume,time,c_Prufer,c_NetKeys,c_Prim,c_Kruskal,c_GPrim,score
Prufer,0.9449437011727058,0.37186237742244127,3,0.5945725574507211,35.683675050735474,0.0,0.0,0.0,0.0,0.0,0
NetKeys,0.8875936838057015,0.45866039145340326,3,1.6574998305737176,55.268147706985474,1.0,0.0,0.0,0.6666666666666666,0.0,2
Prim,1.0,inf,1,0.32048909403028863,43.908470153808594,1.0,0.6666666666666666,0.0,0.6666666666666666,0.0,3
Kruskal,0.9465161638133601,0.1467085641770576,3,0.3362707599258899,44.90872025489807,1.0,0.0,0.0,0.0,0.0,1
GPrim,0.8759854705132227,0.45207532469964673,4,2.6561241100610307,78.59295558929443,1.0,1.0,1.0,1.0,0.0,4
