models,delta,spacing,onvg,hypervolume,time,c_Prufer,c_NetKeys,c_Prim,c_Kruskal,c_GPrim,score
Prufer,0.9700382244087811,0.17281640958521538,12,0.635997728188991,29.4607355594635,0.0,0.125,0.0,0.0,0.0,0
NetKeys,0.8647113256614537,0.011307760035261776,8,0.6675819092732974,40.6935350894928,0.75,0.0,0.2857142857142857,0.15384615384615385,0.0,1
Prim,0.8100204990135057,0.012646657013226465,14,0.6887461512591898,28.938251733779907,0.9166666666666666,0.5,0.0,0.23076923076923078,0.0,2
Kruskal,0.8302319118550435,0.01010840560862116,13,0.7322966125472152,34.0793194770813,1.0,0.5,0.5,0.0,0.0,3
GPrim,1.0147679333091402,0.17276959986376175,38,2.740792622300641,42.12135124206543,1.0,0.875,1.0,0.8461538461538461,0.0,4
