models,igd,delta,spacing,onvg,hypervolume,time,c_Prufer,c_NetKeys,c_Prim,c_Kruskal,c_GPrim,score
Prufer,0.05087879219046652,0.774363297704755,0.029089442653475565,8.5,0.6637886352632714,17.50861783027649,0.0,0.12752525252525254,0.04671717171717172,0.04797979797979798,0.0,0.0
NetKeys,0.043418942092948026,0.7389991792721349,0.0406745489524287,10.5,0.7215055518454202,23.708763575553895,0.6392784992784993,0.0,0.10183621933621934,0.198989898989899,0.005,1.2
Prim,0.05070301732687973,0.7231945494610534,0.01460048724753868,10.6,0.650895697517113,18.019462728500365,0.7593542568542568,0.40547979797979794,0.0,0.27989898989898987,0.02,2.6
Kruskal,0.050666192966341984,0.7439487397417652,0.014600018589350663,9.9,0.6837083796329436,20.78804519176483,0.8301984126984128,0.4569191919191919,0.27727633477633473,0.0,0.02,2.3
GPrim,0.0001969092733123976,0.6430407628961828,0.11750970306538044,20.0,0.7936898949934905,25.345522570610047,0.9777777777777779,0.7865909090909091,0.4162157287157287,0.5436363636363637,0.0,3.9
