models,igd,delta,spacing,onvg,hypervolume,time,c_Prufer,c_NetKeys,c_Prim,c_Kruskal,c_GPrim,score
Prufer,0.09118839973549356,0.794235200708737,0.05202969825095447,7.2,0.5922488425974975,17.208945989608765,0.0,0.1491147741147741,0.12008158508158509,0.06266233766233767,0.005,0.1
NetKeys,0.0723952602438058,0.8056487183586809,0.10360513947744714,8.8,0.8258946260180714,22.615088796615602,0.5297222222222222,0.0,0.27790986790986794,0.20865800865800868,0.025,1.4
Prim,0.08809797993223475,0.7574912356423257,0.03962832040359181,9.7,0.6177094657085214,17.452322697639467,0.741984126984127,0.4341769341769342,0.0,0.3441919191919192,0.02,2.1
Kruskal,0.09210422030607748,0.794636716604361,0.0337487887355413,8.6,0.6051145715746283,19.815253186225892,0.7948809523809522,0.40811272061272064,0.3415928515928516,0.0,0.01,2.4
GPrim,0.0008397155691934816,0.9124495925506787,0.23578993831344128,20.0,2.4769944626606915,24.454412031173707,0.9206349206349207,0.8261197136197136,0.6896289821289822,0.6151515151515151,0.0,4.0
