models,igd,delta,spacing,onvg,hypervolume,time,c_A,c_B,c_C,c_D,c_E,score
A,0.05941960458674347,0.8470314735671021,0.04373814890972002,5.2,0.16182499743182904,13.134784126281739,0.0,0.0,0.0,0.0,0.0,0.0
B,0.04468938694993703,0.7389991792721349,0.0406745489524287,10.5,0.32692506591791215,23.708763575553895,1.0,0.0,0.10183621933621934,0.2558333333333333,0.005,1.3
C,0.05088648340430031,0.7231945494610534,0.01460048724753868,10.6,0.2635644296275667,18.019462728500365,1.0,0.40547979797979794,0.0,0.26722222222222225,0.02,2.4
D,0.054846985364946275,0.7835782639325508,0.019794191965539575,8.4,0.21406031922270524,20.971145963668825,1.0,0.3639646464646465,0.22882395382395382,0.0,0.015000000000000003,2.3
E,0.011057262233347138,0.6430407628961828,0.11750970306538044,20.0,0.8063668677010716,25.345522570610047,1.0,0.7865909090909091,0.4162157287157287,0.605,0.0,4.0
