models,delta,spacing,nds,c_netkeys,c_prufer,c_kruskal,c_prim,c_guided prim,score
netkeys,0.15277777165027193,0.00026024481076705286,13,0.0,0.75,0.0,0.2,0.0,1
prufer,0.8888889146973366,1.000278799293042,4,0.15384615384615385,0.0,0.06666666666666667,0.13333333333333333,0.0,0
kruskal,0.13265305049028991,0.0003201045782977122,15,0.8461538461538461,0.75,0.0,0.3333333333333333,0.06451612903225806,3
prim,0.33673470126961036,1.7208642349819123e-05,15,0.5384615384615384,0.75,0.26666666666666666,0.0,0.0,2
guided prim,0.06444442431583695,0.0007383445365729951,31,1.0,1.0,0.8666666666666667,1.0,0.0,4
