models,delta,spacing,onvg,hypervolume,time,c_Prufer,c_NetKeys,c_Prim,c_Kruskal,c_GPrim,score
Prufer,0.8709557000341229,0.025644695397501752,7,0.6570451849576799,27.145997047424316,0.0,0.08333333333333333,0.14285714285714285,0.125,0.0,0
NetKeys,0.8213065415599602,0.030013019065756357,12,0.7185471788588516,37.49363470077515,0.8571428571428571,0.0,0.5,0.5625,0.02631578947368421,3
Prim,0.8064635764432019,0.027718842191738077,14,0.6997357488335094,28.4266197681427,0.7142857142857143,0.25,0.0,0.5625,0.0,2
Kruskal,0.916931417328039,0.12790406894609915,16,1.0248486313967653,33.893797874450684,0.7142857142857143,0.16666666666666666,0.14285714285714285,0.0,0.02631578947368421,1
GPrim,1.0175029428170115,0.1611742868783079,38,2.7638958152783695,42.59849786758423,1.0,0.9166666666666666,1.0,0.9375,0.0,4
