models,igd,delta,spacing,onvg,hypervolume,c_A,c_B,c_C,c_D,c_E,score
A,0.05159481139218987,0.871542782730442,0.06206494392332599,5,0.16867175169247695,0.0,0.0,0.0,0.0,0.0,0
B,0.032183241628756826,0.7157358792027315,0.034946551714364636,11,0.33247140726146096,1.0,0.0,0.16666666666666666,0.07692307692307693,0.0,1
C,0.03563375050033188,0.684020359040729,0.019900880630817394,12,0.30176363998212086,1.0,0.7272727272727273,0.0,0.3076923076923077,0.05,3
D,0.031215897189938363,0.6501771807873008,0.024030026012413136,13,0.3532064878710142,1.0,0.9090909090909091,0.25,0.0,0.05,2
E,0.016886459452416687,0.6434026684393088,0.11755655155751442,20,0.806111737504378,1.0,1.0,0.4166666666666667,0.5384615384615384,0.0,4
