models,delta,spacing,onvg,hypervolume,time,c_Prufer,c_NetKeys,c_Prim,c_Kruskal,c_GPrim,score
Prufer,0.9655921232426087,0.005608909855334602,3,0.4716310817747573,55.99991965293884,0.0,0.0,0.0,0.0,0.0,0
NetKeys,0.953644968194625,0.007831612499746177,9,0.6367300222558608,126.42781257629395,1.0,0.0,0.0,0.0,0.0,1
Prim,0.9510009512100605,0.020201015399332868,7,0.6147058182848126,66.12833738327026,1.0,0.6666666666666666,0.0,0.25,0.0,3
Kruskal,0.9773240067120251,0.02389706633609607,4,0.5772498208893011,79.84257984161377,1.0,0.7777777777777778,0.14285714285714285,0.0,0.0,2
GPrim,0.7721940009366923,0.003965510410441255,47,0.8331240364964662,117.85632538795471,1.0,1.0,1.0,1.0,0.0,4
