models,delta,spacing,onvg,hypervolume,c_A,c_B,c_C,c_D,c_E,score
A,0.9728643224142024,1.602118211017345,6,0.291968515293886,0.0,0.0,0.0,0.0,0.0,0
B,0.9979899105433996,3.008743100664979,11,1.1944817366360576,1.0,0.0,0.0,0.0,0.0,1
C,0.9718592978968059,0.5163978869020912,6,0.16891640912638062,1.0,0.5454545454545454,0.0,0.125,0.0,3
D,0.9530988304176474,0.5123349414288783,16,1.0884501551959445,1.0,1.0,0.0,0.0,0.0,2
E,0.6408513357812131,0.5391752203336931,69,2.5400232845412587,1.0,0.5454545454545454,1.0,0.25,0.0,4
