models,delta,spacing,onvg,hypervolume,c_A,c_B,c_C,c_D,c_E,score
A,0.972864322410236,1.6020456238671412,6,0.28324667309516993,0.0,0.0,0.0,0.0,0.0,0
B,0.9361091005688758,2.042554450773549,15,1.3642646038718034,0.5,0.0,0.0,0.0,0.0,1
C,0.9712849975063085,0.3535520631163241,8,0.21718250928464022,1.0,0.6666666666666666,0.0,0.13333333333333333,0.0,2
D,0.9152907431066161,0.7037990239229506,15,0.8689882931529165,1.0,0.9333333333333333,0.375,0.0,0.0,3
E,0.9020100544029246,0.8524417531391925,25,0.8492089223726222,1.0,0.6666666666666666,1.0,0.3333333333333333,0.0,4
