models,igd,delta,spacing,onvg,hypervolume,c_A,c_B,c_C,c_D,c_E,c_F,score
A,0.8062257854272172,0.7684210633911922,0.00010135880942348878,6,0.013768719747766918,0.0,0.0,0.0,0.0,0.0,0.0,0
B,0.722841619824114,0.5263158311906669,0.00019269751423216458,10,0.025187327814699796,1.0,0.0,0.1111111111111111,0.2727272727272727,0.0,0.0,1
C,0.6041523128955228,0.5789473944163093,4.807692758382607e-07,9,0.016551699788317678,1.0,0.5,0.0,0.45454545454545453,0.1,0.05,3
D,0.6020797365401457,0.4736842659640934,0.0001264361123831817,11,0.0242478020487003,1.0,0.8,0.1111111111111111,0.0,0.1,0.0,2
E,6.630711284906965e-05,6.399991796466372e-06,0.0004588414510313978,20,0.0629353804524767,1.0,0.8,0.3333333333333333,0.7272727272727273,0.0,0.05,4
F,6.630934035473821e-05,6.335929146976463e-06,0.000459219077031353,20,0.06295219404915814,1.0,0.8,0.4444444444444444,0.9090909090909091,0.25,0.0,5
