models,igd,delta,spacing,onvg,hypervolume,c_A,c_B,c_C,c_D,c_E,score
A,0.8062257854272172,0.7684210633911922,0.00010135880942348877,6,0.013768719747766918,0.0,0.0,0.0,0.0,0.0,0
B,0.3535534066672908,0.649122825058413,0.9486555275139933,10,0.02720080592312412,1.0,0.0,0.2222222222222222,0.1111111111111111,0.0,1
C,0.6041523109452,0.5789473917004679,8.731052447717449e-05,9,0.01767181885644709,1.0,0.4,0.0,0.2222222222222222,0.0,2
D,0.6062177889784414,0.631578957635964,0.33326805210830546,9,0.02682696459955871,1.0,0.7,0.2222222222222222,0.0,0.0,2
E,6.637452327377827e-05,6.399979428274641e-06,0.0004587842121950451,20,0.06292651183496611,1.0,1.0,1.0,1.0,0.0,4
