models,igd,delta,spacing,onvg,hypervolume,c_A,c_B,c_C,c_D,c_E,c_F,score
A,0.6782330103136804,0.8000000046768554,0.00010083928180660675,6,0.01530972096810531,0.0,0.0,0.0,0.0,0.0,0.0,0
B,0.651920251338739,0.5789473969782277,8.277397687334653e-05,9,0.0178548785645192,1.0,0.0,0.1111111111111111,0.1,0.0,0.0,1
C,0.6041523126727398,0.5789473942331407,6.211820396851148e-05,9,0.016729355789191505,1.0,0.7777777777777778,0.0,0.3,0.05,0.05,2
D,0.6041523050829035,0.5672514881422028,0.3161999953857089,10,0.0257579545761343,1.0,0.6666666666666666,0.4444444444444444,0.0,0.2,0.05,3
E,6.638194452104017e-05,6.194653021502716e-06,0.00045851942180762226,20,0.06291370543296639,1.0,1.0,0.2222222222222222,0.5,0.0,0.05,4
F,6.596541846862195e-05,6.519220568870497e-06,0.0004588209833240148,20,0.06288296413772063,1.0,1.0,0.4444444444444444,0.6,0.35,0.0,5
