models,igd,delta,spacing,onvg,hypervolume,c_A,c_B,c_C,c_D,c_E,c_F,score
A,0.7088723488255468,0.8684210566711497,1.3416986517783773,5,0.01422686927203846,0.0,0.0,0.0,0.0,0.0,0.0,0
B,0.4924428962930564,0.5157895069293156,0.00013550632390815862,11,0.027151081973060716,1.0,0.0,0.0,0.07692307692307693,0.0,0.0,1
C,0.21794495768763072,0.26315795670806663,0.00010011594876899979,15,0.030236687550966767,1.0,0.8181818181818182,0.0,0.5384615384615384,0.05,0.0,3
D,0.47958316404656254,0.36842114089919936,0.0003214287964029828,13,0.037330538365135335,1.0,0.9090909090909091,0.2,0.0,0.0,0.0,2
E,0.00012406823541102273,6.408245578894162e-06,0.00045899225139338617,20,0.06291463727907025,1.0,0.9090909090909091,0.3333333333333333,0.8461538461538461,0.0,0.2,4
F,0.00012409261777022727,6.541212721386096e-06,0.0004576856822371252,20,0.06288357083955062,1.0,0.9090909090909091,0.3333333333333333,0.9230769230769231,0.2,0.0,4
