models,igd,delta,spacing,onvg,hypervolume,c_A,c_B,c_C,c_D,c_E,score
A,0.7088723491620487,0.8684210566711497,1.3416986517783773,5,0.01422686927203846,0.0,0.0,0.0,0.0,0.0,0
B,0.4898979526940613,0.421052689966193,0.00017493131112204715,12,0.027477542681814085,1.0,0.0,0.09090909090909091,0.25,0.0,1
C,0.39051248990761944,0.5157895019873667,1.1611502236335124e-06,11,0.02334462765866909,1.0,0.6666666666666666,0.0,0.25,0.10526315789473684,2
D,0.5937171147630871,0.4210527255837757,0.00039753173297964,12,0.037137866519826326,1.0,0.75,0.36363636363636365,0.0,0.05263157894736842,3
E,0.05000005246815531,0.05263291188651083,0.00019999026407837957,19,0.045540935867014395,1.0,0.9166666666666666,0.45454545454545453,0.75,0.0,4
