models,igd,delta,spacing,onvg,hypervolume,c_A,c_B,c_C,c_D,c_E,score
A,0.7088723488402392,0.8684210566684877,1.3416976718347224,5,0.014217008779201006,0.0,0.0,0.0,0.0,0.0,0
B,0.6041523069066226,0.567251470170801,0.0002493368505610723,10,0.02825336325407334,1.0,0.0,0.09090909090909091,0.18181818181818182,0.0,1
C,0.5123475453687402,0.4736842497514656,0.00018334635662571152,11,0.02546532225077392,1.0,0.8,0.0,0.5454545454545454,0.0,3
D,0.6020797365741339,0.47368425972649164,0.00023597837842690062,11,0.028585871219856597,1.0,0.6,0.36363636363636365,0.0,0.0,2
E,0.11180341648132872,0.10526439464553915,0.00010521520409415876,18,0.03744784176594543,1.0,1.0,0.9090909090909091,1.0,0.0,4
