models,igd,delta,spacing,onvg,hypervolume,time,c_A,c_B,c_C,c_D,c_E,score
A,0.04254270568781574,0.8429535489731392,0.10285480924362625,5,0.23641659610200907,12.069704532623291,0.0,0.0,0.0,0.0,0.0,0
B,0.030377573398299218,0.7149591168231232,0.03466441885518542,10,0.3098992266783207,22.073670387268066,1.0,0.0,0.08333333333333333,0.15384615384615385,0.0,1
C,0.02811081132941944,0.6809196388630694,0.0006175444642014654,12,0.2831918057494529,16.559650897979736,1.0,0.6,0.0,0.23076923076923078,0.0,2
D,0.026065040152070184,0.666646411613038,0.02720838861816072,13,0.32533272451376644,19.450357675552368,1.0,0.6,0.25,0.0,0.0,3
E,0.012163052038162927,0.6433613275266064,0.11769624348897922,20,0.8066980031556266,23.84779405593872,1.0,1.0,0.5,0.38461538461538464,0.0,4
