models,delta,spacing,onvg,hypervolume,time,c_Prufer,c_NetKeys,c_Prim,c_Kruskal,c_GPrim,score
Prufer,0.9180219618092518,0.014323549211938917,13,0.7447476385303419,58.07858157157898,0.0,0.0,0.0,0.0,0.0,0
NetKeys,0.9222213189466844,0.004808672806001239,16,0.8330909529455373,119.40967559814453,0.9230769230769231,0.0,0.3333333333333333,0.25,0.0,1
Prim,0.942150623181679,0.0111659781446859,12,0.7664309524288432,70.85563111305237,1.0,0.375,0.0,0.25,0.0,2
Kruskal,0.9056134128823418,0.007477956947217846,20,0.8892134719381874,82.41769671440125,0.8461538461538461,0.4375,0.4166666666666667,0.0,0.0,3
GPrim,0.8071231478316854,0.02932212200432728,66,0.9665256635513144,98.43346929550171,1.0,1.0,1.0,1.0,0.0,4
