models,delta,spacing,onvg,hypervolume,time,c_Prufer,c_NetKeys,c_Prim,c_Kruskal,c_GPrim,score
Prufer,0.929647759947641,0.06258349215742189,13,0.6892491804402157,58.07858157157898,0.0,0.0,0.0,0.0,0.0,0
NetKeys,0.8978386799973218,0.013112700333995815,16,0.7715643541318462,119.40967559814453,0.9230769230769231,0.0,0.3333333333333333,0.25,0.0,1
Prim,0.8927430074290291,0.012959526696842086,12,0.7170576388418647,70.85563111305237,1.0,0.375,0.0,0.25,0.0,2
Kruskal,0.9007920112688497,0.03368645955791222,20,0.8135778278230066,82.41769671440125,0.8461538461538461,0.4375,0.4166666666666667,0.0,0.0,3
GPrim,1.1184945146481078,0.13457073265650943,66,3.07422783587317,98.43346929550171,1.0,1.0,1.0,1.0,0.0,4
