models,delta,spacing,nds,c_1.2.7.0.1.0,c_1.2.7.0.1.1,c_1.2.7.0.1.2,c_1.2.7.0.1.3,score
1.2.7.0.1.0,2.657842919808116e-05,0.005136008486627496,15,0.0,0.16666666666666666,0.3333333333333333,0.5,1
1.2.7.0.1.1,3.2581910161785544e-05,0.005638861773758801,12,0.6666666666666666,0.0,0.5,0.9166666666666666,3
1.2.7.0.1.2,3.111245255100153e-05,0.005497374688423959,12,0.5333333333333333,0.4166666666666667,0.0,0.5,1
1.2.7.0.1.3,3.0927346827504884e-05,0.005480790077709273,12,0.4,0.08333333333333333,0.5,0.0,0
