models,delta,spacing,nds,c_1.2.7.0.1.0,c_1.2.7.0.1.1,c_1.2.7.0.1.2,c_1.2.7.0.1.3,score
1.2.7.0.1.0,0.4444444491634763,0.5774242412192446,4,0.0,0.8,0.625,1.0,3
1.2.7.0.1.1,0.3749999011890371,0.4471153148157897,5,0.0,0.0,0.5,1.0,2
1.2.7.0.1.2,0.40816323410755334,0.46289822352381627,8,0.0,0.4,0.0,0.75,1
1.2.7.0.1.3,0.4081632754337155,0.35389701296275433,8,0.0,0.0,0.0,0.0,0
