models,delta,spacing,onvg,hypervolume,time,c_Prufer,c_NetKeys,c_Prim,c_Kruskal,c_GPrim,score
Prufer,0.8579939661013662,0.0003843874577463949,4,0.2486237839298077,74.77744388580322,0.0,0.0,0.0,0.0,0.0,0
NetKeys,1.0,inf,1,0.22009770816984348,74.47798609733582,0.5,0.0,0.0,0.0,0.0,1
Prim,1.0,inf,1,0.24650656223132256,110.5404441356659,0.75,0.0,0.0,0.0,0.0,1
Kruskal,1.0,inf,1,0.2898117691097981,111.61492037773132,0.75,1.0,1.0,0.0,0.0,3
GPrim,0.8833705314861351,0.05407634226848655,3,0.8109830916179841,179.2000994682312,1.0,1.0,1.0,1.0,0.0,4
