models,delta,spacing,onvg,hypervolume,c_A,c_B,c_C,c_D,c_E,score
A,0.932212788745983,0.06134356574796821,5,0.14006622148978992,0.0,0.0,0.0,0.0,0.0,0
B,0.9063363179775398,0.019081427715453285,7,0.129062741760413,1.0,0.0,0.625,0.23076923076923078,0.0,2
C,0.9094012630453586,0.05131684912808631,8,0.17816597658542127,1.0,0.14285714285714285,0.0,0.07692307692307693,0.0,1
D,0.8237705714186125,0.009828258911662857,13,0.19708791106611911,1.0,0.42857142857142855,0.875,0.0,0.0,3
E,0.9152538079584249,0.1082141039315773,23,0.6794384214397147,1.0,1.0,1.0,1.0,0.0,4
