models,delta,spacing,onvg,hypervolume,c_A,c_B,c_C,c_D,c_E,score
A,0.9615384512637114,2.2360006558808467,5,0.04426540810986131,0.0,0.0,0.0,0.0,0.0,0
B,0.864468847044479,1.060624750318653,8,0.06203066504354797,1.0,0.0,0.16666666666666666,0.2,0.0,1
C,0.856410264586709,0.5477216718704702,6,0.034402281953527084,1.0,0.5,0.0,0.2,0.0,3
D,0.7863247825943586,0.48299397588667126,10,0.08210824237005246,1.0,0.5,0.16666666666666666,0.0,0.0,2
E,0.6717949078938688,0.24999135575420547,16,0.08570152048245146,1.0,1.0,1.0,1.0,0.0,4
