models,delta,spacing,onvg,hypervolume,time,c_Prufer,c_NetKeys,c_Prim,c_Kruskal,c_GPrim,score
Prufer,0.7708733003801315,0.06090748615055184,10,0.5805621236259788,22.856112957000732,0.0,0.0,0.0,0.0,0.0,0
NetKeys,0.8207744232156491,0.026087434680182646,11,0.6390036021499649,23.522831439971924,1.0,0.0,0.5,0.0,0.0,2
Prim,0.832907522972411,0.03650940426330936,8,0.609834402566946,28.600555181503296,0.9,0.18181818181818182,0.0,0.0,0.0,1
Kruskal,0.7999605379741288,0.06117538965287102,14,0.6739770229588041,32.307759284973145,1.0,0.8181818181818182,0.875,0.0,0.0,3
GPrim,0.8241839509134509,0.08755399161765684,27,1.1219583057545277,40.69496202468872,1.0,1.0,1.0,1.0,0.0,4
