models,delta,spacing,onvg,hypervolume,time,c_Prufer,c_NetKeys,c_Prim,c_Kruskal,c_GPrim,score
Prufer,0.8954451396150728,0.03748407406505828,5,0.33203092412682894,36.053242206573486,0.0,0.5,0.6666666666666666,0.4,0.0,3
NetKeys,0.6927340682454785,0.0,2,0.5648871433566169,57.89803433418274,0.4,0.0,0.3333333333333333,0.4,0.0,0
Prim,0.8973452445286668,0.022720274698448818,3,0.3241098936359355,42.83245277404785,0.4,0.5,0.0,0.4,0.0,2
Kruskal,0.8519815359704713,0.1149092290810343,5,0.7645591715912345,44.99661421775818,0.0,0.5,0.0,0.0,0.0,1
GPrim,0.8954246736390187,0.43529419022605675,4,2.336030066541854,76.29410123825073,0.6,1.0,1.0,1.0,0.0,4
