models,delta,spacing,onvg,hypervolume,time,c_Prufer,c_NetKeys,c_Prim,c_Kruskal,c_GPrim,score
Prufer,0.8954451396150728,0.03748407406505828,5,0.33203092412682894,35.21730089187622,0.0,0.5,0.6666666666666666,0.4,0.0,3
NetKeys,0.6927340682454785,0.0,2,0.5648871433566169,53.82200503349304,0.4,0.0,0.3333333333333333,0.4,0.0,0
Prim,0.8973452445286668,0.022720274698448818,3,0.3241098936359355,40.23671841621399,0.4,0.5,0.0,0.4,0.0,2
Kruskal,0.8519815359704713,0.1149092290810343,5,0.7645591715912345,44.926878690719604,0.0,0.5,0.0,0.0,0.0,1
GPrim,0.8954246736390187,0.43529419022605675,4,2.336030066541854,75.95844531059265,0.6,1.0,1.0,1.0,0.0,4
