models,igd,delta,spacing,onvg,hypervolume,c_A,c_B,c_C,c_D,c_E,c_F,score
A,0.7615773238091117,0.7684210599554635,9.779207568395868e-05,6,0.012576721379738582,0.0,0.0,0.0,0.0,0.0,0.0,0
B,0.8514693245584304,0.5789474095042657,0.00010139099266915832,9,0.01993509148663287,1.0,0.0,0.2857142857142857,0.09090909090909091,0.05,0.05,1
C,0.2958040013307546,0.31578953414093325,0.0001693034309526266,14,0.032776842468341026,1.0,0.5555555555555556,0.0,0.0,0.05,0.0,2
D,0.6020797370486185,0.47368426599400437,7.982363772742688e-05,11,0.024220514505119695,1.0,0.8888888888888888,0.7142857142857143,0.0,0.25,0.05,3
E,6.604611589506776e-05,6.327434082081854e-06,0.0004577406858537064,20,0.06293164453190492,1.0,0.7777777777777778,0.7857142857142857,0.2727272727272727,0.0,0.0,4
F,6.568719847246861e-05,6.4893130556313575e-06,0.0004586344059835823,20,0.06294506546481987,1.0,0.7777777777777778,0.8571428571428571,0.7272727272727273,0.5,0.0,5
