models,igd,delta,spacing,onvg,hypervolume,time,c_A,c_B,c_C,c_D,c_E,score
A,0.054858998020266926,0.8736508386217112,0.01953045608604254,5,0.13931402366630158,11.429579496383667,0.0,0.0,0.0,0.0,0.0,0
B,0.038838336534332066,0.7116676584453868,0.02040610576107035,11,0.27536290039064454,21.855421543121338,1.0,0.0,0.4,0.6923076923076923,0.0,3
C,0.04324491197504014,0.7392125111737069,0.016055117677141795,10,0.2395076202663171,16.253340482711792,1.0,0.18181818181818182,0.0,0.6923076923076923,0.0,2
D,0.03265473309874335,0.6656954613707926,0.030062413337882843,13,0.34311802321622165,19.196017026901245,1.0,0.09090909090909091,0.1,0.0,0.0,1
E,0.016793030786911488,0.6433126842640918,0.11771020486753361,20,0.807053666928998,23.7283878326416,1.0,0.6363636363636364,0.7,1.0,0.0,4
