models,igd,delta,spacing,onvg,hypervolume,c_A,c_B,c_C,c_D,c_E,score
A,0.052259884250361675,0.8287173818053964,0.025072319681032317,6,0.16122348194721803,0.0,0.0,0.0,0.0,0.0,0
B,0.04969696795201027,0.7439126416477647,0.02599502427164017,9,0.25555188553267455,1.0,0.0,0.2857142857142857,0.09090909090909091,0.05,1
C,0.02488849853058305,0.6349571873463756,0.04340668417409408,14,0.42017283443160997,1.0,0.5555555555555556,0.0,0.0,0.0,2
D,0.0392691077340613,0.7178439495670921,0.020465500391606425,11,0.3104875718531393,1.0,0.8888888888888888,0.7142857142857143,0.0,0.05,3
E,0.016815331189542756,0.6425739331262221,0.11758650548240578,20,0.8069052592659711,1.0,0.7777777777777778,0.8571428571428571,0.7272727272727273,0.0,4
