models,igd,delta,spacing,onvg,hypervolume,time,c_Prufer,c_NetKeys,c_Prim,c_Kruskal,c_GPrim,score
Prufer,0.052167781340417815,0.8417479851722246,0.02105451131661833,6,0.6119243683418448,16.257543325424194,0.0,0.1111111111111111,0.0,0.0,0.0,0
NetKeys,0.047422646423191654,0.7609280281610483,0.018057557348844223,9,0.7368947968948677,23.003788948059082,0.3333333333333333,0.0,0.1111111111111111,0.0,0.0,1
Prim,0.041990601314774105,0.7737365635205913,0.028956165973263406,9,0.6579409548688501,16.171561241149902,1.0,0.6666666666666666,0.0,0.2222222222222222,0.0,2
Kruskal,0.046553431499775276,0.7654818313338255,0.01201700205423787,9,0.659855003218971,18.392109870910645,0.8333333333333334,0.6666666666666666,0.6666666666666666,0.0,0.0,3
GPrim,0.00024128088999376653,0.6004536694045672,0.09332773666313247,20,0.825977876968516,22.446541786193848,1.0,1.0,1.0,0.8888888888888888,0.0,4
