models,igd,delta,spacing,onvg,hypervolume,time,c_Prufer,c_NetKeys,c_Prim,c_Kruskal,c_GPrim,score
Prufer,0.05864835240364112,0.8218098640860668,0.018595860350930214,7,0.6022052249304775,16.42034077644348,0.0,0.09090909090909091,0.0,0.0,0.0,0
NetKeys,0.04695967299951066,0.7116676584453868,0.02040610576107035,11,0.6865501574552431,21.855421543121338,0.8571428571428571,0.0,0.4,0.25,0.0,2
Prim,0.0514338775622219,0.7392125111737069,0.016055117677141795,10,0.6491712657951462,16.253340482711792,0.8571428571428571,0.18181818181818182,0.0,0.125,0.0,1
Kruskal,0.05651330381974649,0.7966027631642071,0.016967007501818794,8,0.6493687603155326,19.594550609588623,1.0,0.36363636363636365,0.5,0.0,0.0,3
GPrim,6.35967248977313e-05,0.6433126842640918,0.11771020486753361,20,0.7944006722992636,23.7283878326416,1.0,0.6363636363636364,0.7,0.75,0.0,4
