models,delta,spacing,onvg,hypervolume,c_A,c_B,c_C,c_D,c_E,c_F,score
A,0.7791639393935108,0.5487384356125168,5.2,0.49101122456946306,0.0,0.0,0.0,0.0,0.0,0.0,0.0
B,0.5380792051352021,0.14936936370042503,10.6,0.8258913690309779,1.0,0.0,0.27009379509379505,0.27784632034632034,0.01,0.02,1.4
C,0.6004392186538379,0.22663618806760993,9.3,-0.39087124869290735,1.0,0.519965034965035,0.0,0.3820995670995671,0.030263157894736843,0.045,2.2
D,0.5562657421695899,0.279956984258902,10.4,2.27761221871743,1.0,0.5397727272727273,0.37827922077922077,0.0,0.035,0.034999999999999996,2.2
E,0.43977319591015596,0.7884191916500656,19.8,47.23281045154088,1.0,0.9574999999999999,0.8855519480519479,0.885909090909091,0.0,0.40499999999999997,4.9
F,0.4805783808241449,0.9034370601383855,20.0,53.81942770206915,1.0,0.9184090909090908,0.84491341991342,0.8480844155844156,0.19710526315789473,0.0,4.0
