models,delta,spacing,onvg,hypervolume,time,c_A,c_B,c_C,c_D,c_E,score
A,0.8589743404753624,0.5479909408277635,5,0.08573748659002839,24.297855615615845,0.0,0.0,0.0,0.0,0.0,0
B,0.9743589820405127,0.0,2,0.010887066388969996,56.46407961845398,1.0,0.0,0.0,0.0,0.0,1
C,1.0,inf,1,0.0,41.90372014045715,1.0,1.0,0.0,0.0,0.0,2
D,1.0,inf,1,0.0,52.850000619888306,1.0,1.0,0.0,0.0,0.0,2
E,0.923077165179732,0.0032333036463901895,4,0.23596774214256977,78.01584434509277,1.0,1.0,1.0,1.0,0.0,4
