models,delta,spacing,onvg,hypervolume,time,c_A,c_B,c_C,c_D,c_E,score
A,0.8928317234712099,0.0632917470907601,5,0.13651092213335914,24.297855615615845,0.0,0.0,0.0,0.0,0.0,0
B,0.9807533992422552,0.0,2,0.017334348500230495,56.46407961845398,1.0,0.0,0.0,0.0,0.0,1
C,1.0,inf,1,0.0,41.90372014045715,1.0,1.0,0.0,0.0,0.0,2
D,1.0,inf,1,0.0,52.850000619888306,1.0,1.0,0.0,0.0,0.0,2
E,0.8581482385150521,0.205922184034356,4,0.3757070023248771,78.01584434509277,1.0,1.0,1.0,1.0,0.0,4
