models,delta,spacing,onvg,hypervolume,time,c_A,c_B,c_C,c_D,c_E,score
A,0.8829611744542369,0.010468292866448318,9,0.1229585384885096,28.369151830673218,0.0,0.0,0.0,0.0,0.0,0
B,0.9348535946965624,0.0288826000214793,5,0.0953722471395376,41.37063241004944,0.7777777777777778,0.0,0.4,0.0,0.0,2
C,0.8675665068967906,0.0016428840457687085,10,0.11774793706068098,29.857487678527832,1.0,0.0,0.0,0.0,0.0,1
D,0.9390825556424058,0.004965226491557963,5,0.05636450042544601,37.5523841381073,0.7777777777777778,0.6,0.5,0.0,0.0,3
E,0.6117866582424302,0.0290499138083214,34,0.5738336958140573,44.32627272605896,1.0,1.0,1.0,1.0,0.0,4
