models,delta,spacing,onvg,hypervolume,time,c_Prufer,c_NetKeys,c_Prim,c_Kruskal,c_GPrim,score
Prufer,0.8829611744542369,0.010468292866448318,9,0.6342485501856232,28.369151830673218,0.0,0.0,0.0,0.0,0.0,0
NetKeys,0.9348535946965624,0.0288826000214793,5,0.678939054539574,41.37063241004944,0.7777777777777778,0.0,0.4,0.0,0.0,2
Prim,0.8675665068967906,0.0016428840457687085,10,0.6389388646047218,29.857487678527832,1.0,0.0,0.0,0.0,0.0,1
Kruskal,0.9390825556424058,0.004965226491557963,5,0.6585276735977619,37.5523841381073,0.7777777777777778,0.6,0.5,0.0,0.0,3
GPrim,0.6117866582424302,0.0290499138083214,34,0.8717053929695433,44.32627272605896,1.0,1.0,1.0,1.0,0.0,4
