models,delta,spacing,onvg,hypervolume,time,c_Prufer,c_NetKeys,c_Prim,c_Kruskal,c_GPrim,score
Prufer,0.9382381760459876,0.015247176153832146,4,0.48403212014150554,26.492319107055664,0.0,0.0,0.0,0.0,0.0,0
NetKeys,0.8946255595021442,0.03424417054555021,6,0.5510390767631678,39.149317502975464,0.75,0.0,0.0,0.0,0.0,1
Prim,0.9074333727616747,0.014236424909091982,7,0.56939511888565,27.409395456314087,1.0,1.0,0.0,0.42857142857142855,0.0,3
Kruskal,0.9012462769138754,0.020442617635490358,7,0.5699636075172408,34.536280155181885,1.0,1.0,0.2857142857142857,0.0,0.0,2
GPrim,0.5697136958039987,0.029407714135255343,35,0.7748581698374059,43.62482023239136,1.0,1.0,1.0,0.7142857142857143,0.0,4
