models,delta,spacing,onvg,hypervolume,time,c_A,c_B,c_C,c_D,c_E,score
A,0.9631490797687211,1.1549269822465642,4,0.550634275134191,170.65018582344055,0.0,0.0,0.0,0.0,0.0,0
B,0.9832495847837969,2.92783890517782,7,1.5507287546477644,1378.4007840156555,1.0,0.0,0.0,0.08333333333333333,0.0,1
C,1.0,inf,1,0.0,283.6583454608917,1.0,0.42857142857142855,0.0,0.4166666666666667,0.0,3
D,0.9451804565271995,1.2400618346930372,12,1.2102720249891548,605.4136824607849,1.0,0.7142857142857143,0.0,0.0,0.0,2
E,0.909547778053796,0.31498279447987815,28,2.197773380704106,479.8837389945984,1.0,1.0,1.0,1.0,0.0,4
