models,delta,spacing,onvg,hypervolume,time,c_A,c_B,c_C,c_D,c_E,score
A,0.9673578083641031,0.011929820757594547,4,0.03454072447540332,170.65018582344055,0.0,0.0,0.0,0.0,0.0,0
B,0.9891815933282274,0.016478872072926042,7,0.09727562752485791,1378.4007840156555,1.0,0.0,0.0,0.08333333333333333,0.0,1
C,1.0,inf,1,0.0,283.6583454608917,1.0,0.42857142857142855,0.0,0.4166666666666667,0.0,3
D,0.95546933826146,0.0061401328020148326,12,0.07591912534912779,605.4136824607849,1.0,0.7142857142857143,0.0,0.0,0.0,2
E,0.9489342159163018,0.001912017691066223,28,0.13786407463243366,479.8837389945984,1.0,1.0,1.0,1.0,0.0,4
