models,delta,spacing,onvg,hypervolume,time,c_Prufer,c_NetKeys,c_Prim,c_Kruskal,c_GPrim,score
Prufer,0.9640576598454901,0.00661166351752204,7,0.6456120764834563,60.542441844940186,0.0,0.0,0.0,0.0,0.0,0
NetKeys,0.9735435569733905,0.010642494734247412,7,0.7137355924206418,118.69378447532654,1.0,0.0,0.45454545454545453,0.0,0.0,2
Prim,0.9287996814414524,0.006462437197500524,11,0.6952974987929529,69.41444063186646,1.0,0.42857142857142855,0.0,0.0,0.0,1
Kruskal,0.9607467776960684,0.00667294994312343,9,0.7700387075740049,81.6658091545105,1.0,0.8571428571428571,0.6363636363636364,0.0,0.0,3
GPrim,0.772186763651201,0.023778363447060222,64,0.939539801024722,106.11121797561646,1.0,1.0,1.0,1.0,0.0,4
