models,delta,spacing,onvg,hypervolume,time,c_Prufer,c_NetKeys,c_Prim,c_Kruskal,c_GPrim,score
Prufer,0.9634635633236882,0.038225614989958294,6,0.5119642798973584,53.02406597137451,0.0,0.0,0.0,0.0,0.0,0
NetKeys,0.9413619700779319,0.02762943516093325,13,0.6721339246529011,113.68349432945251,1.0,0.0,0.0,0.0,0.0,1
Prim,0.9716767666067646,0.00047491308555631847,8,0.6322032949022415,67.48370909690857,1.0,0.7692307692307693,0.0,0.2,0.0,2
Kruskal,0.969101247835743,0.006203182458158052,5,0.5960701552636007,83.59434795379639,1.0,0.5384615384615384,0.5,0.0,0.0,3
GPrim,0.7964760869014161,0.00332672944765053,40,0.8331620819632125,115.20499157905579,1.0,1.0,1.0,1.0,0.0,4
