models,delta,spacing,onvg,hypervolume,c_A,c_B,c_C,c_D,c_E,c_F,score
A,0.8153607066829144,0.57938133797081,5,0.2356971666239538,0.0,0.0,0.0,0.0,0.0,0.0,0
B,0.5673392758236968,0.406286203699479,11,12.767723211017888,1.0,0.0,0.3333333333333333,0.42857142857142855,0.0,0.0,3
C,0.7426565500762514,0.15905617793071777,6,1.7665540042378893,1.0,0.2727272727272727,0.0,0.5714285714285714,0.05555555555555555,0.05263157894736842,2
D,0.7182587990244506,0.2276349272872477,7,5.439646091578779,1.0,0.36363636363636365,0.16666666666666666,0.0,0.0,0.0,1
E,0.5334713196326484,0.952776428185564,18,48.332614590433515,1.0,0.9090909090909091,0.8333333333333334,0.8571428571428571,0.0,0.21052631578947367,4
F,0.5052154343165126,0.9298974389336554,19,47.9516826618606,1.0,1.0,0.8333333333333334,1.0,0.3333333333333333,0.0,5
