models,delta,spacing,onvg,hypervolume,time,c_Prufer,c_NetKeys,c_Prim,c_Kruskal,c_GPrim,score
Prufer,0.9958136428088437,0.014741485048461702,4,0.4302128134613308,244.9836061000824,0.0,0.15384615384615385,0.0,0.0,0.0,0
NetKeys,0.9317985442428312,0.0031837298812161263,26,0.5987254943116243,1221.1437449455261,0.25,0.0,0.0,0.0,0.0,1
Prim,0.9939748964482092,0.02263893531033033,8,0.5490486844020964,192.58666563034058,1.0,0.5769230769230769,0.0,0.0,0.0,2
Kruskal,1.0030700033800923,2.760393736398405e-05,5,0.5294533266209298,349.0240032672882,1.0,0.4230769230769231,0.375,0.0,0.0,3
GPrim,0.8001318191803138,0.0009433169547004042,82,0.6950802854650233,302.1265456676483,1.0,1.0,1.0,1.0,0.0,4
