models,igd,delta,spacing,onvg,hypervolume,time,c_Prufer,c_NetKeys,c_Prim,c_Kruskal,c_GPrim,score
Prufer,0.0826879891056305,0.7901936523008684,0.06847995487320786,9,0.6145752420308798,17.631301403045654,0.0,0.15384615384615385,0.1,0.09090909090909091,0.0,0
NetKeys,0.045295379541275445,0.8327242245579628,0.1571137857799759,13,1.0980670792633669,22.22484540939331,0.5555555555555556,0.0,0.3,0.18181818181818182,0.05,1
Prim,0.09188614374364694,0.7744136340306331,0.050945161619605016,10,0.6306743788821323,17.60878348350525,0.7777777777777778,0.46153846153846156,0.0,0.6363636363636364,0.05,3
Kruskal,0.0727454368802539,0.7836175921921615,0.10770020200581319,11,0.6352409567628784,19.892582416534424,0.7777777777777778,0.46153846153846156,0.2,0.0,0.0,2
GPrim,0.0011158154537053997,0.9120355411979781,0.2349252643490725,20,2.480565380595725,24.51269555091858,0.8888888888888888,0.8461538461538461,0.5,0.8181818181818182,0.0,4
