models,igd,delta,spacing,onvg,hypervolume,time,c_Prufer,c_NetKeys,c_Prim,c_Kruskal,c_GPrim,score
Prufer,0.04434953717240511,0.7686127865135962,0.02697971878661211,9,0.6966438660623478,17.631301403045654,0.0,0.15384615384615385,0.1,0.09090909090909091,0.0,0
NetKeys,0.028499561898466964,0.7110280963559837,0.06189965758143617,13,0.8035073316832534,22.22484540939331,0.5555555555555556,0.0,0.3,0.18181818181818182,0.05,1
Prim,0.0420071683749644,0.756427175731026,0.029651758916924835,10,0.7029866007466534,17.60878348350525,0.7777777777777778,0.46153846153846156,0.0,0.6363636363636364,0.05,3
Kruskal,0.034625391728464475,0.7327249543293295,0.05127461315602217,11,0.735086649268478,19.892582416534424,0.7777777777777778,0.46153846153846156,0.2,0.0,0.0,2
GPrim,0.0004396087470335878,0.5988833716116013,0.09255580818859822,20,0.8251826544847292,24.51269555091858,0.8888888888888888,0.8461538461538461,0.5,0.8181818181818182,0.0,4
