models,igd,delta,spacing,onvg,hypervolume,time,c_A,c_B,c_C,c_D,c_E,score
A,0.059382834739940306,0.8273464812843878,0.022781285857564636,5,0.16285593215117108,14.01593804359436,0.0,0.0,0.0,0.0,0.0,0
B,0.051585938821476454,0.7569038424178234,0.036049679230110085,9,0.26096550666795026,22.459540367126465,1.0,0.0,0.0,0.375,0.0,2
C,0.05389449833196858,0.7681824512511413,0.016448820496778246,9,0.21452830521755423,17.7193660736084,1.0,0.6666666666666666,0.0,0.375,0.05,3
D,0.05642513952629917,0.7918384014447518,0.017428815505658602,8,0.204255615426336,20.992393732070923,1.0,0.3333333333333333,0.1111111111111111,0.0,0.05,1
E,0.011082072548512564,0.6421554685016465,0.11740442467349069,20,0.8061559127648793,25.47981834411621,1.0,0.8888888888888888,0.4444444444444444,0.5,0.0,4
