models,delta,spacing,onvg,hypervolume,c_A,c_B,c_C,c_D,c_E,score
A,0.9691330034236194,0.01701681307569436,5,0.04652354081578161,0.0,0.0,0.0,0.0,0.0,0
B,0.8898323752975558,0.005277195945280652,21,0.18072650136270635,1.0,0.0,0.0,0.0,0.0,1
C,0.9820601449647585,0.006790934888651182,8,0.05081350862387177,1.0,0.2857142857142857,0.0,0.2,0.0,3
D,0.9605608141456587,0.005946570039375292,10,0.09651327207442728,1.0,1.0,0.125,0.0,0.0,2
E,0.7608238952060405,0.0028931956575690455,100,0.39784022195130603,1.0,1.0,1.0,1.0,0.0,4
