models,delta,spacing,onvg,hypervolume,c_A,c_B,c_C,c_D,c_E,score
A,0.9497487458441067,2.949664392861253,5,0.3712950745425896,0.0,0.0,0.0,0.0,0.0,0
B,0.9135678324832934,0.6689289057376695,21,1.442342062075487,1.0,0.0,0.0,0.0,0.0,1
C,0.9727207478532621,1.388716847047903,8,0.4055324496253958,1.0,0.2857142857142857,0.0,0.2,0.0,3
D,0.9396984967770566,0.9189270611620952,10,0.7702531217715896,1.0,1.0,0.125,0.0,0.0,2
E,0.6384865736339651,0.6927949831674685,69,2.6983772058937627,1.0,0.6190476190476191,1.0,0.5,0.0,4
