models,delta,spacing,onvg,hypervolume,c_A,c_B,c_C,c_D,c_E,score
A,0.8632478683768808,0.3779304145723383,7,0.03505247483140934,0.0,0.0,0.0,0.0,0.0,0
B,0.7492877413279992,0.48290359692525586,10,0.08827234290377442,0.8571428571428571,0.0,0.2,0.1,0.0,1
C,0.8262108342114721,0.9660786859927069,10,0.058111981953664724,1.0,0.7,0.0,0.1,0.0,2
D,0.8490028585180169,1.2649127685802466,10,0.0679073772204282,1.0,0.7,0.7,0.0,0.0,3
E,0.2564103393460632,5.054010401413681e-05,30,0.12482263309819373,1.0,1.0,1.0,1.0,0.0,4
