models,delta,spacing,onvg,hypervolume,c_A,c_B,c_C,c_D,c_E,score
A,0.955555557742529,0.8368132068803201,6,0.1107759601146307,0.0,0.0,0.0,0.0,0.0,0
B,0.9191919223926299,0.9510756483024052,7,0.18350642357844457,1.0,0.0,0.46153846153846156,0.42857142857142855,0.08695652173913043,2
C,0.9141414156345374,0.5546757924080653,13,0.22638528937161642,1.0,0.0,0.0,0.2857142857142857,0.0,2
D,0.8741258764736793,1.6257048431944532,14,0.37927735472450397,1.0,0.42857142857142855,0.23076923076923078,0.0,0.0,1
E,0.7777777895929526,1.07613383714002,23,0.4171637025649907,1.0,0.2857142857142857,1.0,0.6428571428571429,0.0,4
