models,delta,spacing,onvg,hypervolume,time,c_Prufer,c_NetKeys,c_Prim,c_Kruskal,c_GPrim,score
Prufer,0.9675369067854216,0.020595825970651842,6,0.706717360761682,129.5101125240326,0.0,0.0,0.0,0.0,0.0,0
NetKeys,0.9886493140984416,0.005773502691896247,3,0.8199271933073808,134.30973887443542,1.0,0.0,0.7142857142857143,0.0,0.0,2
Prim,0.9536861089446365,0.009266094245578354,7,0.751175964423511,104.83678913116455,1.0,0.0,0.0,0.0,0.0,1
Kruskal,0.9889806443072909,0.02241158772702237,3,0.842265533308138,109.13242745399475,1.0,0.0,0.2857142857142857,0.0,0.0,2
GPrim,0.9459826685541195,0.02172626954911428,14,0.9418867120384186,188.90520668029785,1.0,1.0,1.0,1.0,0.0,4
