models,delta,spacing,onvg,hypervolume,time,c_Prufer,c_NetKeys,c_Prim,c_Kruskal,c_GPrim,score
Prufer,0.9409333754803672,0.003121995128477663,12,0.7520601062416075,58.77521777153015,0.0,0.13333333333333333,0.0,0.0,0.0,0
NetKeys,0.9410390216194009,0.013574534710761851,15,0.8476597931552324,120.51422047615051,0.6666666666666666,0.0,0.0,0.08333333333333333,0.0,1
Prim,0.9505901078844855,0.005326535249429006,9,0.7492201569454037,69.06819868087769,0.9166666666666666,0.5333333333333333,0.0,0.25,0.0,3
Kruskal,0.9765013217832299,0.023256281805008463,12,0.8786778946965881,81.41596150398254,1.0,0.7333333333333333,0.1111111111111111,0.0,0.0,2
GPrim,0.7915857856884477,0.02770901879941505,69,0.9669921553949281,97.69936037063599,1.0,1.0,1.0,1.0,0.0,4
