models,delta,spacing,onvg,hypervolume,time,c_Prufer,c_NetKeys,c_Prim,c_Kruskal,c_GPrim,score
Prufer,0.911064735450168,0.006856161085186099,12,0.6867824544380062,58.77521777153015,0.0,0.13333333333333333,0.0,0.0,0.0,0
NetKeys,0.8771432225850286,0.01555917866488454,15,0.7663706915933608,120.51422047615051,0.6666666666666666,0.0,0.0,0.08333333333333333,0.0,1
Prim,0.927681816471596,0.009753271317535448,9,0.7099959847854321,69.06819868087769,0.9166666666666666,0.5333333333333333,0.0,0.25,0.0,3
Kruskal,0.9341029492573836,0.031020998636055504,12,0.8010934196758625,81.41596150398254,1.0,0.7333333333333333,0.1111111111111111,0.0,0.0,2
GPrim,1.138690524394978,0.12853465056587263,69,2.9978236000400726,97.69936037063599,1.0,1.0,1.0,1.0,0.0,4
