models,delta,spacing,onvg,hypervolume,c_A,c_B,c_C,c_D,c_E,score
A,0.9251356952837102,0.0162117711336804,6,0.0929597398377606,0.0,0.0,0.0,0.0,0.0,0
B,0.93997023253477,0.004097855483998547,12,0.10757658003552653,0.8333333333333334,0.0,0.0,0.0,0.0,1
C,0.9708172137459442,0.004951100709510749,7,0.06503660406981968,1.0,0.4166666666666667,0.0,0.3076923076923077,0.0,3
D,0.9358878718480307,0.014041796534985258,13,0.17964242152057888,0.8333333333333334,0.6666666666666666,0.14285714285714285,0.0,0.0,2
E,0.9286178772453255,0.06392857771648847,69,0.8201334792522135,1.0,1.0,1.0,1.0,0.0,4
