models,delta,spacing,onvg,hypervolume,time,c_Prufer,c_NetKeys,c_Prim,c_Kruskal,c_GPrim,score
Prufer,0.9529298802447649,0.022521410276159066,6,0.6896356284599737,136.76550006866455,0.0,0.0,0.0,0.0,0.0,0
NetKeys,0.965594827681703,0.008732302161216364,5,0.7542470213544301,140.01151609420776,1.0,0.0,0.3333333333333333,0.0,0.0,1
Prim,0.9854214160045621,0.0375855906559148,6,0.7494760440977849,104.6273684501648,1.0,0.4,0.0,0.0,0.0,2
Kruskal,0.987044602248806,0.028799561691385676,4,0.8054948238451959,120.22604274749756,1.0,0.6,0.3333333333333333,0.0,0.0,3
GPrim,1.089184079691156,0.10541757138283588,24,0.9259161918444231,180.33852219581604,1.0,1.0,1.0,1.0,0.0,4
