models,delta,spacing,onvg,hypervolume,c_A,c_B,c_C,c_D,c_E,score
A,0.9417919291746334,0.011064566740300489,4,0.060455629824134854,0.0,0.0,0.0,0.0,0.0,0
B,0.93854833041907,0.0064569403859227915,10,0.10101576150874875,1.0,0.0,0.0,0.047619047619047616,0.0,1
C,0.9626812318907125,0.0005322030488474422,11,0.09927569289096587,1.0,0.9,0.0,0.047619047619047616,0.0,2
D,0.8896151946653756,0.02328029546984565,21,0.2769365384663439,1.0,0.5,0.2727272727272727,0.0,0.0,3
E,0.9457621674168573,0.06306400576942583,71,0.810582996109953,1.0,1.0,1.0,1.0,0.0,4
