models,delta,spacing,onvg,hypervolume,time,c_A,c_B,c_C,c_D,c_E,score
A,0.9326599342941785,0.577015157931786,4,0.1203187944759932,36.67751979827881,0.0,0.0,0.0,0.0,0.0,0
B,0.9023569096799765,0.7070791429204555,10,0.2010415685547118,116.60288691520691,1.0,0.0,0.0,0.047619047619047616,0.0,1
C,0.9353535401519374,1.0591905078107901e-05,11,0.1975784839916003,68.53552508354187,1.0,0.9,0.0,0.047619047619047616,0.0,2
D,0.8343434216337859,0.35847858504254015,21,0.5511590988557178,100.42732334136963,1.0,0.5,0.2727272727272727,0.0,0.0,3
E,0.3125540824458112,0.0012550998428231212,71,1.613222278858029,102.103187084198,1.0,1.0,1.0,1.0,0.0,4
