Instance,HMOEA-mean,HMOEA-std,Prufer-mean,Prufer-std,NetKeys-mean,NetKeys-std,Prim-mean,Prim-std,Kruskal-mean,Kruskal-std,GPrim-mean,GPrim-std
NIn9,0.908819042649544,0.001246701527511274,0.737330834323471,0.015359368752423379,0.7881262305768739,0.020043700983805767,0.732837497052942,0.013066468857097844,0.8900305795030976,0.019263766250223358,0.9639733507945476,0.006437441528905037
NIn9,0.9223759207915958,0.0006335099442064932,0.6991478557772336,0.011607907712615287,0.7698017999400806,0.035896072593431416,0.7049925109868936,0.01714606529717168,0.8595031677577915,0.020502314253521156,0.9755220378015805,0.00025926146308371124
NIn9,0.9296442585880322,0.00026071250995857186,0.6844895015485009,0.013625545509799922,0.7643152814986782,0.011808674178536045,0.6855603582073706,0.0111846866896553,0.8504660627146963,0.030816503374920635,0.9784598443617194,0.0080798478601971
NIn9,0.9335818990848537,0.00018722365962630627,0.6753375610458844,0.011541968232628284,0.7652249805973913,0.02847182408045371,0.6968352050391539,0.011267051251868294,0.8402303189093121,0.026827587232143114,0.9826980730171708,0.0035751460953070986
NIn15,0.7406034586213268,0.02454904494669765,0.60801860883249,0.03778837885371774,0.6209847559145079,0.029688730172102232,0.6709450118022162,0.01608730453117675,0.7187952028319654,0.0456023773811444,0.8986999522516588,0.001337319926949247
NIn15,0.8680546284657863,0.004185495740670963,0.6395843226064435,0.01372432376403073,0.6981367772125806,0.047607916307612526,0.7206518731697746,0.018406409814735965,0.7522827233991795,0.025050933635911293,0.9520009592140479,0.0019925588979668885
NIn15,0.8996286474522461,0.0016622520484317848,0.6391571696616561,0.020605830041606935,0.7359707092442542,0.027190820849223068,0.7313285493249934,0.030390064671424678,0.7738698336358768,0.03232760545405326,0.9689222819106709,0.0011326048674705814
NIn15,0.9140050602736427,0.001848918944144108,0.6417774134646202,0.007365452049230983,0.767911158014749,0.02343974363193259,0.7174571886822867,0.01666681443999376,0.7757646712427695,0.0367763040745358,0.9772714881434915,0.00047803968202600873
