models,delta,spacing,onvg,hypervolume,time,c_HMOEA,c_Prufer,c_NetKeys,c_Prim,c_Kruskal,c_GPrim,score
HMOEA,0.8568456845218778,0.018419294629628373,6.9750000000000005,0.8895891144908786,568.5365424841642,0.0,0.3535117313242313,0.19723974452834742,0.1159071065780624,0.2783523659433102,0.0,1.2375
Prufer,0.9519865479970991,inf,7.775,0.6656054084075375,171.8611537873745,0.20421859390609387,0.0,0.12760036838161837,0.016975824420677337,0.01890963203463201,0.0,0.525
NetKeys,0.9675935088336372,inf,6.9375,0.7388089616248895,350.1767623484135,0.33102369852369845,0.6750465506715506,0.0,0.24550137362637361,0.18236517062658703,0.0,2.125
Prim,0.9557560169883009,inf,7.8875,0.7075760242832039,180.10854557454587,0.34332483488733484,0.8918409021534022,0.3948048275254158,0.0,0.194764129328274,0.0,2.6625
Kruskal,0.9525327452391534,inf,9.3,0.8076178199993362,216.13768305182455,0.4739226051726052,0.6804659923409924,0.508658166792358,0.2722215468355174,0.0,0.0,2.6875
GPrim,0.8002578908281477,0.0289511661828037,48.412499999999994,0.962193498436861,324.17725138664247,1.0,1.0,1.0,1.0,1.0,0.0,5.0
