models,delta,spacing,onvg,hypervolume,c_A,c_B,c_C,c_D,c_E,c_F,score
A,0.8123936638854421,0.16550859515088015,5,-1.1786183393989056,0.0,0.0,0.0,0.0,0.0,0.0,0
B,0.5437427346853502,0.13431198744136308,10,0.5193830783414093,1.0,0.0,0.36363636363636365,0.45454545454545453,0.1,0.15,2
C,0.4836688747387216,0.004720756220265628,11,-2.3836936370540105,1.0,0.4,0.0,0.36363636363636365,0.0,0.05,2
D,0.5240449613390554,0.305323099190922,11,0.22367821927425524,1.0,0.4,0.36363636363636365,0.0,0.0,0.1,1
E,0.48266762810522496,0.910142184474803,20,53.97755282041136,1.0,0.8,1.0,0.9090909090909091,0.0,0.4,5
F,0.48197702061789477,0.9157153918232506,20,53.77672122404458,1.0,0.6,0.9090909090909091,0.8181818181818182,0.1,0.0,4
