models,delta,spacing,onvg,hypervolume,c_A,c_B,c_C,c_D,c_E,c_F,score
A,0.8157894926991639,0.00016550859515083736,5,0.019552679610601094,0.0,0.0,0.0,0.0,0.0,0.0,0
B,0.4736843447948676,0.00020617360327585942,11,0.04385061600290081,1.0,0.0,0.125,0.2,0.05,0.05,1
C,0.6766917805411558,0.0001016956282379602,8,0.036149973184254294,1.0,0.36363636363636365,0.0,0.2,0.0,0.0,2
D,0.5263159083833843,0.00013954851690155026,10,0.038835425240869414,1.0,0.7272727272727273,0.5,0.0,0.0,0.0,3
E,6.771374914141733e-06,0.0008323644204767118,20,0.12562572925970708,1.0,0.9090909090909091,1.0,1.0,0.0,0.05,4
F,7.012337158447647e-06,0.0009111699979424915,20,0.12680848202294748,1.0,0.9090909090909091,1.0,1.0,0.65,0.0,5
