models,delta,spacing,onvg,hypervolume,c_A,c_B,c_C,c_D,c_E,c_F,score
A,0.8157894926991639,0.00016550859515083736,5,0.019552679610601094,0.0,0.0,0.0,0.0,0.0,0.0,0
B,0.5263159173269888,0.00013431198744136803,10,0.03783571938834141,1.0,0.0,0.36363636363636365,0.45454545454545453,0.1,0.15,2
C,0.4736843226916974,4.720756220229575e-06,11,0.03907890226294598,1.0,0.4,0.0,0.36363636363636365,0.0,0.05,2
D,0.5157895936877666,0.30148708154457515,11,0.04583253370927426,1.0,0.4,0.36363636363636365,0.0,0.0,0.1,1
E,6.892959904640751e-06,0.0009101421844748074,20,0.12661291053068902,1.0,0.8,1.0,0.9090909090909091,0.0,0.4,5
F,6.829670895379245e-06,0.0009157153918232614,20,0.12641207893432221,1.0,0.6,0.9090909090909091,0.8181818181818182,0.1,0.0,4
