models,delta,spacing,onvg,hypervolume,c_A,c_B,c_C,c_D,c_E,score
A,0.8123936638854421,0.16550859515088015,5,-1.1786183393989056,0.0,0.0,0.0,0.0,0.0,0
B,0.5056670584200128,0.20617360327584888,11,2.3880201029008,1.0,0.0,0.125,0.2,0.05,1
C,0.678203743345075,0.10169562823798671,8,-1.1663631257456935,1.0,0.36363636363636365,0.0,0.2,0.0,2
D,0.5446930806833807,0.13954851690158276,10,1.5190889308694189,1.0,0.7272727272727273,0.5,0.0,0.0,3
E,0.4780020352363197,0.8817974062192688,20,53.39225440370401,1.0,0.9090909090909091,1.0,1.0,0.0,4
