models,delta,spacing,onvg,hypervolume,c_A,c_B,c_C,c_D,c_E,score
A,0.9778894476037922,6.3103600567934426e-06,6,0.1955475709054053,0.0,0.0,0.0,0.0,0.0,0
B,0.865159077263689,0.768042575414802,25,1.8864311270065925,0.16666666666666666,0.0,0.0,0.0,0.0,1
C,0.9597989966428679,2.3452585408259874,9,0.4914314232849426,1.0,0.4,0.0,0.0,0.0,2
D,0.8924623164486571,0.7931869649075514,16,0.7404257516610231,1.0,0.8,0.3333333333333333,0.0,0.0,3
E,0.8994974917361155,0.33165679362401457,25,0.8084420432472561,1.0,0.4,1.0,0.3125,0.0,4
