models,igd,delta,spacing,onvg,hypervolume,c_A,c_B,c_C,c_D,c_E,score
A,0.06317138517941726,0.8742128528765051,0.05889084769070677,3,0.1136500360377172,0.0,0.0,0.0,0.0,0.0,0
B,0.028403651207049064,0.653150643717253,0.02451436202716426,13,0.3812657837586576,1.0,0.0,0.2857142857142857,0.18181818181818182,0.0,1
C,0.024476573056185395,0.63534751015737,0.04415275968809742,14,0.42113107253986887,1.0,0.46153846153846156,0.0,0.36363636363636365,0.0,2
D,0.03469572652151219,0.6685586936147861,0.04593518023113422,11,0.39154056855689856,1.0,0.6153846153846154,0.5,0.0,0.0,3
E,0.016890984642694,0.6441710896357148,0.11740346682523076,20,0.8062621564849823,1.0,1.0,0.7142857142857143,0.6363636363636364,0.0,4
