models,delta,spacing,onvg,hypervolume,time,c_Prufer,c_NetKeys,c_Prim,c_Kruskal,c_GPrim,score
Prufer,0.9742640464830189,0.005452486056445046,5,0.50437449193574,586.2905945777893,0.0,0.125,0.14285714285714285,0.0,0.0,0
NetKeys,0.9803162576685099,0.03626019321569581,8,0.5710049935515746,1402.6942200660706,0.6,0.0,0.2857142857142857,0.25,0.0,2
Prim,0.9722766141558946,0.004234381427694704,7,0.538085633474309,278.19598722457886,0.8,0.25,0.0,0.0,0.0,1
Kruskal,0.9734352936536192,0.002405632952477306,4,0.5733119577722326,455.2736096382141,0.6,0.25,0.5714285714285714,0.0,0.0,2
GPrim,0.9331518095726461,0.004185633434871652,23,0.7776279739897534,567.2597332000732,1.0,1.0,1.0,1.0,0.0,4
