models,delta,spacing,onvg,hypervolume,time,c_Prufer,c_NetKeys,c_Prim,c_Kruskal,c_GPrim,score
Prufer,0.9673859043207722,0.008396432143215072,6,0.5568126932554355,653.2180261611938,0.0,0.0,0.0,0.0,0.0,0
NetKeys,1.0064841714717017,0.002666060355850074,6,0.6138582252667913,1483.7221100330353,1.0,0.0,0.42857142857142855,0.0,0.0,2
Prim,0.9866864196312055,0.006037047706349624,7,0.5674643049175576,308.39631605148315,1.0,0.16666666666666666,0.0,0.0,0.0,1
Kruskal,0.9941027509155822,0.04620441986497351,3,0.6779403023191544,457.6279685497284,0.5,0.5,0.14285714285714285,0.0,0.0,3
GPrim,0.950578229884181,0.003734691896063456,19,0.8074692069206513,503.6894383430481,1.0,1.0,1.0,1.0,0.0,4
