models,delta,spacing,nds,c_1.2.2.0.0.0,c_1.2.2.0.0.1,c_1.2.2.0.0.2,c_1.2.2.0.0.3,score
1.2.2.0.0.0,2.0000000639007327,2.309990942754436,3,0.0,1.0,1.0,1.0,3
1.2.2.0.0.1,inf,inf,1,0.0,0.0,0.0,0.0,0
1.2.2.0.0.2,inf,inf,1,0.0,0.0,0.0,0.0,0
1.2.2.0.0.3,inf,inf,1,0.0,0.0,0.0,0.0,0
