models,delta,spacing,onvg,hypervolume,time,c_A,c_B,c_C,c_D,c_E,score
A,0.8952990679894942,0.8524886041257398,4.8,0.0825045760312189,24.176689910888673,0.0,0.0,0.0,0.0,0.0,0.0
B,0.9897435459417074,inf,1.4,0.018497067406709804,56.4177104473114,1.0,0.0,0.35,0.03333333333333333,0.0,1.3
C,0.9820512135650914,inf,1.7,0.02771732674087462,41.72113540172577,0.9833333333333332,0.35,0.0,0.03333333333333333,0.0,1.4
D,0.9769229624079336,inf,1.9,0.046194761731880585,53.19378972053528,0.9583333333333333,0.8,0.75,0.0,0.0,2.7
E,0.9230772069792277,0.0032277868231741376,4.0,0.23563569449380312,77.746865773201,1.0,1.0,1.0,1.0,0.0,4.0
