models,igd,delta,spacing,onvg,hypervolume,c_A,c_B,c_C,c_D,c_E,score
A,0.7733159665613898,0.7803508843314579,0.5597857618105074,5.6,0.014717474286008836,0.0,0.0,0.0,0.0,0.0,0.0
B,0.8169542349133417,0.6698120412536268,0.163415409274595,7.7,0.02089185095738676,0.9666666666666666,0.0,0.29048340548340545,0.22181818181818178,0.005555555555555555,1.4
C,0.564573403488082,0.6205430391293908,0.07581257789101979,8.8,0.020257872119294223,1.0,0.44722222222222224,0.0,0.3224242424242424,0.0,2.1
D,0.5573779221702903,0.5178735019544254,0.10641478581759697,10.6,0.027413742804311435,1.0,0.6805555555555556,0.4437590187590187,0.0,0.021666666666666667,2.5
E,0.04975459251501096,0.047372151336908336,0.0002962848265957031,19.1,0.05114065588234819,1.0,0.9652777777777779,0.9621031746031747,0.9361111111111111,0.0,4.0
