models,igd,delta,spacing,onvg,hypervolume,c_A,c_B,c_C,c_D,c_E,score
A,0.049062258626797986,0.8368911566846151,0.05741984841726102,5.7,0.19392403058145619,0.0,0.0,0.0,0.0,0.0,0.0
B,0.03793364181553405,0.7299107274562191,0.03788464091229275,10.5,0.3182809855513156,0.975,0.0,0.21039682539682542,0.1494222444222444,0.005,1.2
C,0.0363582787937892,0.6755034267958416,0.01838707490068292,12.3,0.31013939938064505,0.9875,0.4713558663558664,0.0,0.2398634698634699,0.02,2.0
D,0.0334272755819693,0.6888558181712563,0.04339450490201833,12.1,0.387739703862487,0.9875,0.6948212898212899,0.4141197691197691,0.0,0.045,2.8
E,0.01689452485463287,0.6435223900158829,0.11746979395902579,20.0,0.8062121239342425,0.9875,0.8836868686868687,0.5334920634920635,0.6596969696969697,0.0,4.0
