models,delta,spacing,onvg,hypervolume,c_A,c_B,c_C,c_D,c_E,c_F,score
A,0.736842134572064,0.00014433255008139027,6,0.020824851800642166,0.0,0.0,0.0,0.0,0.0,0.0,0
B,0.5789474726648003,0.0001433865825906292,9,0.034955771484381094,1.0,0.0,0.4,0.625,0.0,0.0,3
C,0.7894737200108801,0.5477368903542366,5,0.023612456015689853,1.0,0.3333333333333333,0.0,0.25,0.05555555555555555,0.05555555555555555,2
D,0.6315790350611274,0.00013999216626868033,8,0.03220143015221278,1.0,0.4444444444444444,0.2,0.0,0.0,0.0,1
E,0.10526837976990314,0.000918171414815179,18,0.11851193085439712,1.0,1.0,0.8,1.0,0.0,0.2777777777777778,4
F,0.10527312818956908,0.00020698804686757324,18,0.0758626983976134,1.0,1.0,0.8,1.0,0.3888888888888889,0.0,5
