models,delta,spacing,onvg,hypervolume,c_A,c_B,c_C,c_D,c_E,c_F,score
A,0.7404929085216018,0.0927332552981048,6,-0.7995334767285627,0.0,0.0,0.0,0.0,0.0,0.0,0
B,0.5940014085088654,0.1381573473498614,9,1.7116601466503134,1.0,0.0,0.125,0.2,0.0,0.0,1
C,0.6716461100905656,0.06234473663025024,8,-1.6689637233250778,1.0,0.4444444444444444,0.0,0.4,0.0,0.0,3
D,0.5445957888612746,0.13562723593314227,10,1.8066941529155827,1.0,0.6666666666666666,0.375,0.0,0.10526315789473684,0.11764705882352941,2
E,0.5058706662770814,0.9034697309808017,19,47.94587767132542,1.0,1.0,0.875,0.8,0.0,0.4117647058823529,5
F,0.3445644507523115,0.3619075688343912,17,16.136301319906813,1.0,1.0,0.75,0.8,0.15789473684210525,0.0,4
