models,delta,spacing,onvg,hypervolume,time,c_Prufer,c_NetKeys,c_Prim,c_Kruskal,c_GPrim,score
Prufer,0.9197317349746993,0.010757077456147004,10,0.7151614019576504,126.39180302619934,0.0,0.3,0.0,0.0625,0.0,0
NetKeys,0.9568848809319552,0.01823249832864138,10,0.7643369369007513,342.23696756362915,0.4,0.0,0.09090909090909091,0.0,0.0,1
Prim,0.9471140221885751,0.003990423109517182,11,0.676763136201169,153.34018969535828,0.9,0.3,0.0,0.0625,0.0,2
Kruskal,0.9557908093879789,0.013776119154381839,16,0.8531873490405394,195.58469796180725,0.6,0.9,0.09090909090909091,0.0,0.0,3
GPrim,0.5827969003243846,0.009427234412553203,94,0.9811955046766064,210.93791270256042,1.0,1.0,1.0,1.0,0.0,4
