models,delta,spacing,onvg,hypervolume,time,c_A,c_B,c_C,c_D,c_E,score
A,0.963636365017958,1.834844087263595,6,0.12951983397173145,36.6471848487854,0.0,0.0,0.0,0.0,0.0,0
B,0.8997669082736818,0.36311547066692657,14,0.2436043419634853,115.64888215065002,1.0,0.0,0.4,0.0,0.0,2
C,0.9506172871639162,0.31632905317324883,10,0.2271806900596529,68.50491333007812,1.0,0.35714285714285715,0.0,0.125,0.0,1
D,0.8558922754548887,0.6020453389020769,16,0.32280887769455646,98.72292423248291,1.0,0.7857142857142857,0.5,0.0,0.0,3
E,0.3220615879819857,0.0012559980018100382,70,1.6005097220030828,99.94675207138062,1.0,1.0,1.0,1.0,0.0,4
