models,delta,spacing,onvg,hypervolume,time,c_A,c_B,c_C,c_D,c_E,score
A,0.9721547224302156,0.018608787086712018,6,0.06507880312115935,36.6471848487854,0.0,0.0,0.0,0.0,0.0,0
B,0.9291719496981069,0.0045117095468559885,14,0.12240194049014433,115.64888215065002,1.0,0.0,0.4,0.0,0.0,2
C,0.964418834399271,0.008854633376432657,10,0.11414967845425227,68.50491333007812,1.0,0.35714285714285715,0.0,0.125,0.0,1
D,0.8946007997588757,0.00616387291311571,16,0.16219921500078205,98.72292423248291,1.0,0.7857142857142857,0.5,0.0,0.0,3
E,0.9431678417081895,0.06310913485127281,70,0.8041954185524482,99.94675207138062,1.0,1.0,1.0,1.0,0.0,4
