models,delta,spacing,onvg,hypervolume,time,c_Prufer,c_NetKeys,c_Prim,c_Kruskal,c_GPrim,score
Prufer,0.9351836022093687,0.00804957998678646,13,0.5219232976532451,608.7193610668182,0.0,0.3333333333333333,0.0,0.0,0.0,0
NetKeys,0.9284909373780483,0.011907713516277313,6,0.6006194536055687,1357.5713112354279,0.38461538461538464,0.0,0.0,0.0,0.0,1
Prim,0.9609331938067225,0.011537700621743951,5,0.557433837163725,282.8260278701782,1.0,0.3333333333333333,0.0,0.0,0.0,2
Kruskal,0.9752734557279261,0.01395979963215278,5,0.6449380603990672,455.78280234336853,1.0,1.0,0.4,0.0,0.0,3
GPrim,0.9467934268165784,0.0017797741262716021,22,0.7863637749029515,449.09648060798645,1.0,1.0,1.0,1.0,0.0,4
