models,delta,spacing,onvg,hypervolume,time,c_A,c_B,c_C,c_D,c_E,score
A,0.9329278244273614,0.024022907509111284,5,0.07660299838902049,17.469157457351685,0.0,0.0,0.0,0.0,0.0,0
B,0.8610623755863983,0.04258041922476301,12,0.25320665694166977,23.209705352783203,1.0,0.0,0.3,0.35714285714285715,0.0,2
C,0.8690805681130551,0.011243455981879077,10,0.13025657075809086,27.504451274871826,1.0,0.16666666666666666,0.0,0.35714285714285715,0.0,1
D,0.8454123376971769,0.029482285165874738,14,0.2564133923043035,34.67756772041321,1.0,0.5,0.4,0.0,0.11538461538461539,3
E,0.8883799708551812,0.10079306555036283,26,0.7008427634347134,40.961525201797485,1.0,1.0,1.0,0.7857142857142857,0.0,4
