models,delta,spacing,onvg,hypervolume,time,c_Prufer,c_NetKeys,c_Prim,c_Kruskal,c_GPrim,score
Prufer,0.9353468981874068,0.047450009388872304,6,0.6525938655374717,130.2965018749237,0.0,0.0,0.0,0.0,0.0,0
NetKeys,0.9655298386310621,0.02976815411566444,5,0.7160122505569908,135.110680103302,0.8333333333333334,0.0,0.6,1.0,0.0,3
Prim,0.95346424239465,0.01426617727509086,5,0.6913226562586121,105.36080121994019,1.0,0.0,0.0,0.0,0.0,1
Kruskal,0.9161352432548394,0.0830087799937866,4,0.6988002425721617,116.01211428642273,0.5,0.0,0.6,0.0,0.0,2
GPrim,1.1325753280295858,0.24555333727689244,23,3.4383546304448562,172.87689685821533,1.0,1.0,1.0,1.0,0.0,4
