models,delta,spacing,onvg,hypervolume,time,c_Prufer,c_NetKeys,c_Prim,c_Kruskal,c_GPrim,score
Prufer,0.9766917576283572,0.03229079004653089,8,0.5334998798638486,599.5786781311035,0.0,0.2222222222222222,0.0,0.0,0.0,0
NetKeys,0.9272297180064122,0.007642913564934509,18,0.666007555775834,1369.127764225006,0.5,0.0,0.0,0.0,0.0,1
Prim,0.9955864598311445,0.0,2,0.5758729596658025,278.43838906288147,1.0,0.3888888888888889,0.0,0.1111111111111111,0.0,3
Kruskal,0.9379454577558024,0.012021375485539026,9,0.6582798335250292,454.3037374019623,1.0,0.7222222222222222,0.0,0.0,0.0,2
GPrim,0.9430451604030113,0.004358738058803498,22,0.8059868794586745,451.34600710868835,1.0,1.0,1.0,1.0,0.0,4
