models,delta,spacing,onvg,hypervolume,time,c_Prufer,c_NetKeys,c_Prim,c_Kruskal,c_GPrim,score
Prufer,0.9697684441772166,0.01643026492792777,5.6,0.4804376963226086,585.0993692159652,0.0,0.13111111111111112,0.03333333333333333,0.025,0.0,0.3
NetKeys,0.9710059496957678,inf,4.9,0.5438959810630777,1483.3941776752472,0.6771428571428573,0.0,0.41119047619047616,0.2,0.0,1.7
Prim,0.974715537135648,0.01273429723465612,4.5,0.5402097679610196,287.32593729496,0.9114285714285714,0.3142857142857143,0.0,0.225,0.0,1.8
Kruskal,0.9636639577579894,0.024620096534811998,3.1,0.5769481496224602,477.241016292572,0.5248809523809526,0.3178571428571429,0.2519047619047619,0.0,0.0,1.9
GPrim,0.9441715122619467,0.0034762012342338263,22.7,0.7634858159507654,739.695397734642,1.0,1.0,1.0,1.0,0.0,4.0
