models,delta,spacing,onvg,hypervolume,time,c_Prufer,c_NetKeys,c_Prim,c_Kruskal,c_GPrim,score
Prufer,0.9774707246137598,0.009670743027331166,5.6,0.5269976666115694,585.0993692159652,0.0,0.13111111111111112,0.03333333333333333,0.025,0.0,0.3
NetKeys,0.9806688929671022,inf,4.9,0.5964023803290285,1483.3941776752472,0.6771428571428573,0.0,0.41119047619047616,0.2,0.0,1.7
Prim,0.9806863539241066,0.005776045564715159,4.5,0.5846292005067448,287.32593729496,0.9114285714285714,0.3142857142857143,0.0,0.225,0.0,1.8
Kruskal,0.9671891619864631,0.00866902763858213,3.1,0.6400142488343772,477.241016292572,0.5248809523809526,0.3178571428571429,0.2519047619047619,0.0,0.0,1.9
GPrim,0.950443048118314,0.002521543289986345,22.7,0.7980114699067388,739.695397734642,1.0,1.0,1.0,1.0,0.0,4.0
