models,delta,spacing,onvg,hypervolume,time,c_Prufer,c_NetKeys,c_Prim,c_Kruskal,c_GPrim,score
Prufer,0.9357143555998453,0.020026634655856548,9,0.7124257276732023,142.78045630455017,0.0,0.0,0.0,0.0,0.0,0
NetKeys,0.9787462822646977,0.010181462527578934,4,0.7724098143684807,145.9657027721405,0.8888888888888888,0.0,0.8333333333333334,0.625,0.0,3
Prim,0.9654854714994641,0.007310288365615066,6,0.73372354403181,112.9979407787323,0.8888888888888888,0.0,0.0,0.125,0.0,1
Kruskal,0.9717801493288752,0.02064884429309767,8,0.7971026703495984,157.7062861919403,0.5555555555555556,0.0,0.5,0.0,0.0,2
GPrim,1.0897551683322078,0.10541002076700337,24,0.9261442333733141,183.88017416000366,1.0,1.0,1.0,1.0,0.0,4
