models,delta,spacing,onvg,hypervolume,c_A,c_B,c_C,c_D,c_E,score
A,0.9212121237134497,0.7527036458348276,6,0.12560079485542314,0.0,0.0,0.0,0.0,0.0,0
B,0.8989899087962279,1.1200597304762172,11,0.23351799250187816,1.0,0.0,0.16666666666666666,0.058823529411764705,0.0,1
C,0.9127640093797884,0.4522614721350026,12,0.2707609517708778,1.0,0.2727272727272727,0.0,0.058823529411764705,0.0,2
D,0.856060612539205,0.43713956465460135,17,0.4038263344483799,1.0,0.9090909090909091,0.6666666666666666,0.0,0.0,3
E,0.5351630072684604,0.40134011993081764,54,0.6534932251328427,1.0,1.0,1.0,0.8235294117647058,0.0,4
