models,delta,spacing,onvg,hypervolume,c_A,c_B,c_C,c_D,c_E,c_F,score
A,0.9212121237134497,0.7527036458348276,6,0.12560079485542314,0.0,0.0,0.0,0.0,0.0,0.0,0
B,0.8989899087962279,1.1200597304762172,11,0.23351799250187816,1.0,0.0,0.16666666666666666,0.058823529411764705,0.0,0.0,1
C,0.9127640093797884,0.4522614721350026,12,0.2707609517708778,1.0,0.2727272727272727,0.0,0.058823529411764705,0.0,0.0,2
D,0.856060612539205,0.43713956465460135,17,0.4038263344483799,1.0,0.9090909090909091,0.6666666666666666,0.0,0.0,0.0,3
E,0.503338097196835,0.4543412654281933,60,1.6809373647543673,1.0,1.0,1.0,1.0,0.0,0.3684210526315789,4
F,0.31636360979389494,0.19596637495213975,76,1.730299984046161,1.0,1.0,1.0,1.0,0.48333333333333334,0.0,5
