models,delta,spacing,onvg,hypervolume,c_A,c_B,c_C,c_D,c_E,score
A,0.9212121237134497,0.7527036458348276,6,0.12560079485542314,0.0,0.0,0.0,0.0,0.0,0
B,0.902356899781144,0.4834226269992842,10,0.2649826505537678,1.0,0.0,0.14285714285714285,0.0,0.0,1
C,0.9259259287093647,1.8896920285937497,7,0.21828899940029176,1.0,0.5,0.0,0.2857142857142857,0.0,2
D,0.8383837762429356,0.8416907095552714,14,0.44090451266644487,1.0,0.9,0.2857142857142857,0.0,0.0,2
E,0.8305275070995009,0.6533688871474047,19,0.30593713513369536,1.0,0.6,1.0,0.42857142857142855,0.0,4
