models,delta,spacing,onvg,hypervolume,time,c_A,c_B,c_C,c_D,c_E,score
A,0.9046683124679725,0.00542564855799576,4,0.0811052120765152,23.886438131332397,0.0,0.0,0.0,0.0,0.0,0
B,1.0,inf,1,0.0,57.192689418792725,1.0,0.0,0.0,0.0,0.0,1
C,0.8379788859129,0.0,2,0.11826041329324882,40.769171714782715,1.0,0.0,0.0,0.0,0.0,1
D,0.8950725328845142,0.0,2,0.08530688559485461,52.39514422416687,1.0,1.0,1.0,0.0,0.0,3
E,0.8565461653820463,0.20264460611099713,4,0.37390906530341417,79.14527106285095,1.0,1.0,1.0,1.0,0.0,4
