models,delta,spacing,onvg,hypervolume,time,c_A,c_B,c_C,c_D,c_E,score
A,0.9230769204744526,8.519125488523589e-05,4,0.050939199033454806,23.886438131332397,0.0,0.0,0.0,0.0,0.0,0
B,1.0,inf,1,0.0,57.192689418792725,1.0,0.0,0.0,0.0,0.0,1
C,0.9743587638043812,0.0,2,0.07427501360628043,40.769171714782715,1.0,0.0,0.0,0.0,0.0,1
D,0.9743588907577843,0.0,2,0.05357811554873829,52.39514422416687,1.0,1.0,1.0,0.0,0.0,3
E,0.9230772723806298,0.003181840494420336,4,0.23483852406347133,79.14527106285095,1.0,1.0,1.0,1.0,0.0,4
