models,delta,spacing,onvg,hypervolume,c_A,c_B,c_C,c_D,c_E,c_F,score
A,0.67137814868778,0.18236379555433627,8,2.0157702157205044,0.0,0.0,0.0,0.0,0.0,0.0,0
B,0.4836812276291075,0.05930908013733262,11,0.07928979572417383,1.0,0.0,0.18181818181818182,0.15384615384615385,0.1,0.05,1
C,0.4799561178085261,0.005563128966202957,11,-1.1690553593108461,1.0,0.5454545454545454,0.0,0.0,0.05,0.0,2
D,0.3894154707918186,0.1237006416329002,13,2.2299565937142702,1.0,0.8181818181818182,0.5454545454545454,0.0,0.15,0.1,3
E,0.28194763398484635,0.4577400833452867,20,26.250635619486797,1.0,0.8181818181818182,0.45454545454545453,0.38461538461538464,0.0,0.2,4
F,0.2823078388821251,0.458660325206204,20,26.300456757972317,1.0,0.9090909090909091,0.45454545454545453,0.38461538461538464,0.2,0.0,4
