models,delta,spacing,onvg,hypervolume,c_A,c_B,c_C,c_D,c_E,score
A,0.5879517897474712,0.10289881454212894,9,1.618809919036437,0.0,0.0,0.0,0.0,0.0,0
B,0.5864836643733838,0.061130601433886364,9,0.29643370322872364,1.0,0.0,0.2,0.2222222222222222,0.0,1
C,0.5317468713838069,0.005150972568029795,10,-0.870379676544788,1.0,0.4444444444444444,0.0,0.3333333333333333,0.0,2
D,0.6210242546284703,0.139252414991235,9,2.9421451998497545,1.0,0.7777777777777778,0.4,0.0,0.05,3
E,0.28208904875213153,0.45790401925410934,20,26.314387179071165,1.0,0.8888888888888888,0.5,0.7777777777777778,0.0,4
