models,delta,spacing,onvg,hypervolume,c_A,c_B,c_C,c_D,c_E,c_F,score
A,0.5789473874934332,0.00010289881454209205,9,0.01880328823903644,0.0,0.0,0.0,0.0,0.0,0.0,0
B,0.5789474053676862,6.11306014338857e-05,9,0.017480912023228726,1.0,0.0,0.2,0.2222222222222222,0.0,0.05,1
C,0.5263158183540596,5.150972568038339e-06,10,0.018462158433455216,1.0,0.4444444444444444,0.0,0.3333333333333333,0.0,0.0,2
D,0.6184210708020401,0.00013925241499128718,9,0.022274683309849753,1.0,0.7777777777777778,0.4,0.0,0.05,0.05,3
E,5.959216805311795e-06,0.00045790401925410376,20,0.06293082857134749,1.0,0.8888888888888888,0.5,0.7777777777777778,0.0,0.15,4
F,6.194959446810316e-06,0.00045871398739501164,20,0.06291093404576245,1.0,0.8888888888888888,0.5,0.7777777777777778,0.35,0.0,5
