models,igd,delta,spacing,onvg,hypervolume,c_A,c_B,c_C,c_D,c_E,score
A,0.6041523163278677,0.5789474046672027,0.0003272185413102634,9,0.022893750884438985,0.0,0.0,0.0,0.0,0.0,0
B,0.6204836900947873,0.5263158238334177,0.0001338425804694192,10,0.022088070747946872,1.0,0.0,0.42857142857142855,0.1111111111111111,0.0,2
C,0.6557438620557493,0.7192982608360898,0.48792874835022176,7,0.017653876722921694,1.0,0.3,0.0,0.2222222222222222,0.0,1
D,0.8514693228681149,0.5789474046620342,0.00014151523718152034,9,0.021854448276558615,1.0,0.7,0.42857142857142855,0.0,0.05,3
E,7.237227823567216e-05,6.148275030731749e-06,0.00045922474490076417,20,0.06293751574189421,1.0,0.7,0.8571428571428571,0.8888888888888888,0.0,4
