models,delta,spacing,onvg,hypervolume,time,c_Prufer,c_NetKeys,c_Prim,c_Kruskal,c_GPrim,score
Prufer,0.9768253112685398,0.005951186022908689,7,0.5804789266971765,245.9267716407776,0.0,0.29411764705882354,0.0,0.0,0.0,1
NetKeys,0.9517598724584629,0.005938980394334671,17,0.7019613727089965,1170.6994247436523,0.0,0.0,0.0,0.0,0.0,0
Prim,0.9671684929634948,0.013908335804778618,10,0.6102604445112741,172.54318237304688,1.0,0.29411764705882354,0.0,0.3333333333333333,0.0,2
Kruskal,0.9821416774317836,0.018073158373253836,6,0.6886631625440197,283.6966733932495,0.7142857142857143,0.7058823529411765,0.5,0.0,0.0,3
GPrim,0.7426272365191464,0.002930733274235854,99,0.7835091399737639,237.5535843372345,1.0,1.0,1.0,1.0,0.0,4
