models,delta,spacing,onvg,hypervolume,time,c_Prufer,c_NetKeys,c_Prim,c_Kruskal,c_GPrim,score
Prufer,0.9814860387530381,0.004321891606135196,6,0.42137498842059923,238.36121439933777,0.0,0.047619047619047616,0.0,0.0,0.0,0
NetKeys,0.9361054896066072,0.019203811396404,21,0.6185378129898688,1188.039139032364,0.8333333333333334,0.0,0.0,0.0,0.0,1
Prim,0.9925814099185352,7.033472203485943e-05,8,0.5718562635727332,189.89487504959106,1.0,0.5238095238095238,0.0,0.4444444444444444,0.0,3
Kruskal,0.9657430926145822,0.008196419754743226,9,0.5334751730022801,351.46222257614136,1.0,0.47619047619047616,0.0,0.0,0.0,2
GPrim,0.8021862590549688,0.0052411846846450285,86,0.6851742883251873,288.7651708126068,1.0,1.0,1.0,1.0,0.0,4
