models,delta,spacing,onvg,hypervolume,time,c_Prufer,c_NetKeys,c_Prim,c_Kruskal,c_GPrim,score
Prufer,0.9852475308929471,0.002568796755621325,5,0.4302418911968724,242.59895396232605,0.0,0.20833333333333334,0.0,0.0,0.0,1
NetKeys,0.87210676522348,0.010565069763947627,24,0.6409606030174584,1222.060734987259,0.2,0.0,0.0,0.0,0.0,0
Prim,0.9805006022810542,0.0017561309732563373,8,0.5640313131350617,189.32607126235962,1.0,0.5833333333333334,0.0,0.25,0.0,2
Kruskal,0.9888209382956539,0.002876628732233163,4,0.5492481055349232,344.25472021102905,1.0,0.5416666666666666,0.5,0.0,0.0,3
GPrim,0.7629163172579192,0.001021050590978856,92,0.67539977913212,306.1606752872467,1.0,1.0,1.0,1.0,0.0,4
