models,igd,delta,spacing,onvg,hypervolume,c_A,c_B,c_C,c_D,c_E,score
A,0.743303452483269,0.7052631954577093,0.5478329708557903,6,0.03194416013055339,0.0,0.0,0.0,0.0,0.0,0
B,0.674536890993679,0.6315790169902913,0.00013864573718711174,8,0.02989633194332251,1.0,0.0,0.2222222222222222,0.125,0.0,1
C,0.6041523122641028,0.5789474574017661,9.881854027412508e-05,9,0.033250541228835445,1.0,0.75,0.0,0.25,0.0,2
D,0.6244998070146337,0.676691820610321,0.0001507791514925074,8,0.03949607849974848,1.0,0.625,0.6666666666666666,0.0,0.0,3
E,0.0002567992958721893,6.703361561496289e-06,0.0009103222686637555,20,0.1268361585207069,1.0,1.0,1.0,1.0,0.0,4
