models,delta,spacing,onvg,hypervolume,time,c_Prufer,c_NetKeys,c_Prim,c_Kruskal,c_GPrim,score
Prufer,0.9096657383917447,0.005382163895977153,7,0.6152448472128671,123.22338724136353,0.0,0.0,0.0,0.0,0.0,0
NetKeys,0.9837885477742861,0.020290470874204932,5,0.692637473210187,135.47506165504456,1.0,0.0,0.7142857142857143,0.6666666666666666,0.0,3
Prim,0.9625389960644959,0.04567746747578798,7,0.6907039964438687,107.20853614807129,1.0,0.0,0.0,0.3333333333333333,0.0,2
Kruskal,0.9728102561836994,0.002894483317477376,6,0.7102788238524653,116.19974899291992,0.7142857142857143,0.0,0.14285714285714285,0.0,0.0,1
GPrim,1.1211761715266242,0.23392482522470895,22,3.183760530650519,187.18618845939636,1.0,1.0,1.0,1.0,0.0,4
