models,delta,spacing,onvg,hypervolume,time,c_Prufer,c_NetKeys,c_Prim,c_Kruskal,c_GPrim,score
Prufer,0.9324100818794617,0.006700814772881877,9,0.718825531006106,132.06317234039307,0.0,0.0,0.0,0.0,0.0,0
NetKeys,0.9700555839746938,0.015778838793485215,6,0.7539788580697608,145.713139295578,0.8888888888888888,0.0,0.0,0.25,0.0,1
Prim,0.9580001786337361,0.004830592941456736,7,0.7232117627357815,111.84543251991272,0.8888888888888888,0.5,0.0,0.375,0.0,3
Kruskal,0.9582509936726712,0.011058082802584947,8,0.7999142200145731,162.97156190872192,0.8888888888888888,0.6666666666666666,0.0,0.0,0.0,2
GPrim,1.0896800042465258,0.10541602614768587,24,0.926045541069714,190.2672016620636,1.0,1.0,1.0,1.0,0.0,4
