models,delta,spacing,onvg,hypervolume,c_A,c_B,c_C,c_D,c_E,score
A,0.897435899677204,0.5477641168100504,5,0.030488108754544635,0.0,0.0,0.0,0.0,0.0,0
B,0.7948718106006937,5.69575230030463e-05,9,0.03592321140033006,1.0,0.0,0.9,0.6153846153846154,0.0,3
C,0.7891738026918863,4.407446642155939e-05,10,0.04832198858362802,1.0,0.0,0.0,0.3076923076923077,0.0,1
D,0.7435897630125847,0.5546741602137681,13,0.07987447958803462,1.0,0.1111111111111111,0.6,0.0,0.0,2
E,0.3589777950888486,0.0008222802431631935,26,0.2266335574699549,1.0,1.0,1.0,1.0,0.0,4
