models,delta,spacing,onvg,hypervolume,c_A,c_B,c_C,c_D,c_E,score
A,0.897435899677204,0.5477641168100504,5,0.030488108754544635,0.0,0.0,0.0,0.0,0.0,0
B,0.871794879105003,0.37793501683463143,7,0.0379391974052438,1.0,0.0,0.5555555555555556,0.5,0.0,3
C,0.8205128306584014,0.44099693744101426,9,0.04937734958973753,1.0,0.2857142857142857,0.0,0.3333333333333333,0.0,1
D,0.7832167849955487,0.00010363599188800778,12,0.0813857342852041,1.0,0.14285714285714285,0.5555555555555556,0.0,0.0,2
E,0.5533063697440976,0.00024934122591293575,20,0.11194642119824838,1.0,1.0,1.0,1.0,0.0,4
