models,delta,spacing,onvg,hypervolume,c_A,c_B,c_C,c_D,c_E,score
A,0.9553942005573847,0.01346544190290959,6,0.0753572726043154,0.0,0.0,0.0,0.0,0.0,0
B,0.9578041092670772,0.007643320388699192,11,0.11791708482942982,1.0,0.0,0.4,0.15384615384615385,0.0,2
C,0.9396083809747917,0.006360608989467606,10,0.08239291127600622,1.0,0.36363636363636365,0.0,0.15384615384615385,0.0,1
D,0.9226521071139926,0.01612156176395787,13,0.15000728171141586,0.8333333333333334,0.5454545454545454,0.4,0.0,0.0,3
E,0.9256162699073529,0.06427385457537246,68,0.8192716366695387,1.0,1.0,1.0,1.0,0.0,4
