models,delta,spacing,onvg,hypervolume,time,c_Prufer,c_NetKeys,c_Prim,c_Kruskal,c_GPrim,score
Prufer,0.9726324400593068,0.006806521408795303,7,0.5039896649277367,619.758535861969,0.0,0.0,0.0,0.0,0.0,0
NetKeys,0.9763553760157476,0.022153701609045354,7,0.6160674447310855,1512.5914764404297,1.0,0.0,0.3333333333333333,0.0,0.0,2
Prim,0.977291098595681,0.011068081457915942,6,0.5526366765106767,305.81578254699707,1.0,0.0,0.0,0.0,0.0,1
Kruskal,0.9823391457304499,0.0,2,0.7149110400911932,452.52315950393677,0.42857142857142855,0.8571428571428571,0.3333333333333333,0.0,0.0,3
GPrim,0.9211550828187457,0.004971734770955432,26,0.7870718671066896,543.2350277900696,1.0,1.0,1.0,1.0,0.0,4
