models,delta,spacing,onvg,hypervolume,time,c_Prufer,c_NetKeys,c_Prim,c_Kruskal,c_GPrim,score
Prufer,0.9694705980886875,0.0025609626237630967,8,0.48636164235376594,600.7516987323761,0.0,0.0,0.0,0.0,0.0,0
NetKeys,0.9820730613231472,0.006612300828530231,4,0.5681301385337456,1497.3124384880066,1.0,0.0,0.42857142857142855,0.5,0.0,3
Prim,0.9615050295197419,0.009630666082033265,7,0.5322793772068708,284.8016309738159,1.0,0.0,0.0,0.0,0.0,1
Kruskal,0.9602194260712462,0.0,2,0.5917750180904169,479.8515019416809,0.625,0.0,0.2857142857142857,0.0,0.0,2
GPrim,0.9347830647169232,0.002357666483688749,25,0.7874562957778622,746.3592865467072,1.0,1.0,1.0,1.0,0.0,4
