models,delta,spacing,onvg,hypervolume,time,c_Prufer,c_NetKeys,c_Prim,c_Kruskal,c_GPrim,score
Prufer,0.9702513890671367,0.04675403553635519,6,0.6630782183767673,36.40541195869446,0.0,0.0,0.0,0.0,0.0,0
NetKeys,0.9736864132131727,0.0,2,0.3274706105230768,54.11924934387207,1.0,0.0,0.0,0.0,0.0,1
Prim,0.6735722251663242,0.0,2,0.722781100707634,40.70021653175354,1.0,0.5,0.0,0.0,0.0,2
Kruskal,0.7953224040657301,0.0,2,0.3219722691217963,45.11355423927307,0.6666666666666666,0.0,0.5,0.0,0.0,2
GPrim,0.8716277377404306,0.4201051835540216,4,2.3847763027692293,76.32562279701233,1.0,1.0,1.0,1.0,0.0,4
