models,delta,spacing,onvg,hypervolume,time,c_Prufer,c_NetKeys,c_Prim,c_Kruskal,c_GPrim,score
Prufer,0.9702513890671367,0.04675403553635519,6,0.6630782183767673,37.24553823471069,0.0,0.0,0.0,0.0,0.0,0
NetKeys,0.9736864132131727,0.0,2,0.3274706105230768,55.16610336303711,1.0,0.0,0.0,0.0,0.0,1
Prim,0.6735722251663242,0.0,2,0.722781100707634,45.09941792488098,1.0,0.5,0.0,0.0,0.0,2
Kruskal,0.7953224040657301,0.0,2,0.3219722691217963,45.59338021278381,0.6666666666666666,0.0,0.5,0.0,0.0,2
GPrim,0.8716277377404306,0.4201051835540216,4,2.3847763027692293,76.19778251647949,1.0,1.0,1.0,1.0,0.0,4
