models,igd,delta,spacing,onvg,hypervolume,c_A,c_B,c_C,c_D,c_E,score
A,0.05087906751722689,0.9254515220943396,0.11854107617472402,4,0.1807848273742634,0.0,0.0,0.0,0.0,0.0,0
B,0.053204999404778096,0.7961351558557025,0.017501837471168666,8,0.20566384617277472,0.75,0.0,0.2857142857142857,0.1875,0.0,1
C,0.05431536688639217,0.8177384105543531,0.01895592009153501,7,0.1804593076411218,1.0,0.625,0.0,0.125,0.0,2
D,0.018424676498574353,0.5868209007738874,0.05600015815323948,16,0.5244619679889329,1.0,0.625,0.42857142857142855,0.0,0.0,3
E,0.016801531798200608,0.6440382557038156,0.11768642792313967,20,0.8068808731026551,1.0,1.0,0.5714285714285714,0.5,0.0,4
