models,igd,delta,spacing,onvg,hypervolume,c_A,c_B,c_C,c_D,c_E,score
A,0.7158910672584773,0.9122807038184213,2.000058803661364,4,0.014057696233987685,0.0,0.0,0.0,0.0,0.0,0
B,0.6224949905662406,0.6184210768258526,0.3333861341642859,9,0.020284856810500775,1.0,0.0,0.2,0.3,0.0,1
C,0.550000011085772,0.5263158224052802,0.00018863704312004013,10,0.022228861604345028,1.0,0.6666666666666666,0.0,0.4,0.05263157894736842,2
D,0.6204836917689875,0.5263158238352743,8.466473317784559e-05,10,0.021718000651334203,1.0,0.4444444444444444,0.5,0.0,0.0,3
E,0.050000043075049586,0.052632937291098546,0.00016440179020951544,19,0.04398708642119424,1.0,1.0,0.9,1.0,0.0,4
