models,igd,delta,spacing,onvg,hypervolume,time,c_Prufer,c_NetKeys,c_Prim,c_Kruskal,c_GPrim,score
Prufer,0.050126199926161366,0.7932261403660892,0.015206107097091418,8,0.6990930534827413,15.930480003356934,0.0,0.4444444444444444,0.125,0.1111111111111111,0.0,1
NetKeys,0.04613714319806954,0.765333069713305,0.012504317050059499,9,0.6974981527369561,22.987935304641724,0.25,0.0,0.0,0.2222222222222222,0.0,0
Prim,0.05113367419720011,0.7925318525282309,0.000911868121270271,8,0.6160705487146645,16.149558544158936,0.625,0.6666666666666666,0.0,0.4444444444444444,0.0,3
Kruskal,0.046031576524783506,0.7655167185038345,0.016870467295781556,9,0.7015125464450118,18.338653087615967,0.875,0.7777777777777778,0.375,0.0,0.0,2
GPrim,0.00037424963004526276,0.5997650763146247,0.09328857716344414,20,0.8256742231622086,22.464970350265503,1.0,0.8888888888888888,0.625,0.7777777777777778,0.0,4
