models,igd,delta,spacing,onvg,hypervolume,c_A,c_B,c_C,c_D,c_E,c_F,score
A,0.715891067196454,0.9122807038241946,2.0000633003193418,4,0.014102662813811541,0.0,0.0,0.0,0.0,0.0,0.0,0
B,0.8645808317650774,0.6315789794501775,6.826416687256004e-05,8,0.016043425312245806,0.75,0.0,0.2857142857142857,0.1875,0.0,0.0,1
C,0.8874119760970182,0.6842105471594655,7.393567072505804e-05,7,0.014077269670468628,1.0,0.625,0.0,0.125,0.0,0.0,2
D,0.19364917897989267,0.21052640563557332,0.00021842301686090883,16,0.04091222919888067,1.0,0.625,0.42857142857142855,0.0,0.05,0.0,3
E,6.582396796022342e-05,6.489537508060387e-06,0.00045821410029468307,20,0.06292531787537758,1.0,1.0,0.5714285714285714,0.4375,0.0,0.0,4
F,6.563560976721126e-05,6.546175599768513e-06,0.0004590241434714358,20,0.06294316314899193,1.0,1.0,0.5714285714285714,0.5,0.35,0.0,5
