models,igd,delta,spacing,onvg,hypervolume,time,c_Prufer,c_NetKeys,c_Prim,c_Kruskal,c_GPrim,score
Prufer,0.04614073557495713,0.7636236915736492,0.016282599077864123,9,0.21202817587036712,16.658849477767944,0.0,0.1,0.0,0.0,0.0,0
NetKeys,0.0419024576174941,0.7338973129264953,0.021688309242140633,10,0.26711208536493425,23.537450551986694,0.6666666666666666,0.0,0.09090909090909091,0.2857142857142857,0.0,1
Prim,0.04168135659858232,0.7103031878176553,0.0004754977807704586,11,0.25968215065667744,16.546768188476562,1.0,0.4,0.0,0.14285714285714285,0.0,2
Kruskal,0.052916091026459076,0.8255290278175236,0.019925292480207624,7,0.16873031305919184,19.427286624908447,0.8888888888888888,0.3,0.2727272727272727,0.0,0.0,3
GPrim,0.016824410795772175,0.6433454669619035,0.11742640225117242,20,0.8066509287844987,23.520394563674927,1.0,0.8,0.5454545454545454,0.8571428571428571,0.0,4
