models,igd,delta,spacing,onvg,hypervolume,time,c_Prufer,c_NetKeys,c_Prim,c_Kruskal,c_GPrim,score
Prufer,0.09046381766546271,0.7956545429209466,0.038596159435238725,8,0.620791772505163,15.930480003356934,0.0,0.4444444444444444,0.125,0.1111111111111111,0.0,1
NetKeys,0.08871743365927867,0.7742668316401606,0.03173847266833889,9,0.6167435935021706,22.987935304641724,0.25,0.0,0.0,0.2222222222222222,0.0,0
Prim,0.10321823835370933,0.804554743176672,0.0023145047688892645,8,0.5638835586799246,16.149558544158936,0.625,0.6666666666666666,0.0,0.4444444444444444,0.0,3
Kruskal,0.0885803216992985,0.7749491733414043,0.042820640505650084,9,0.6269329324699047,18.338653087615967,0.875,0.7777777777777778,0.375,0.0,0.0,2
GPrim,0.000949920863872453,0.9127461255602233,0.23678517944777386,20,2.48726211747357,22.464970350265503,1.0,0.8888888888888888,0.625,0.7777777777777778,0.0,4
