models,delta,spacing,onvg,hypervolume,time,c_Prufer,c_NetKeys,c_Prim,c_Kruskal,c_GPrim,score
Prufer,0.8993702005418508,0.015691853978988403,11,0.7041234069433234,57.505242347717285,0.0,0.09090909090909091,0.1,0.0,0.0,0
NetKeys,0.9173328438372937,0.02579942847917281,11,0.7678795696911206,109.41869521141052,0.7272727272727273,0.0,0.2,0.25,0.0,1
Prim,0.916479907756395,0.021556452873337757,10,0.7065162733019821,68.71532225608826,0.8181818181818182,0.36363636363636365,0.0,0.3,0.0,3
Kruskal,0.9664792282786384,0.08160385085534842,20,0.8114691534286956,80.938729763031,0.6363636363636364,0.45454545454545453,0.1,0.0,0.0,2
GPrim,1.1226405426466706,0.12579614865161232,69,2.998911147130892,100.37600183486938,1.0,1.0,1.0,1.0,0.0,4
