models,delta,spacing,onvg,hypervolume,time,c_A,c_B,c_C,c_D,c_E,score
A,0.9316239277412124,0.00028460412506170593,4,0.02101806527190797,17.563884258270264,0.0,0.0,0.0,0.0,0.0,0
B,0.7435897638856545,8.166576903971381e-05,11,0.04830637084146837,23.091122150421143,1.0,0.0,0.6666666666666666,0.25,0.0,2
C,0.7948718085834721,0.00011095539354751795,9,0.03834428498548123,27.766828060150146,1.0,0.2727272727272727,0.0,0.16666666666666666,0.0,1
D,0.7179487666244608,0.0003580188572422442,12,0.0779138541129864,34.57410287857056,1.0,0.36363636363636365,0.4444444444444444,0.0,0.0,3
E,0.30769575855910597,0.0007811304705596527,28,0.2322761452016306,41.98894739151001,1.0,1.0,1.0,0.9166666666666666,0.0,4
