models,igd,delta,spacing,onvg,hypervolume,time,c_Prufer,c_NetKeys,c_Prim,c_Kruskal,c_HMOEA,c_GPrim,score
Prufer,0.032399410901468736,0.8103509517221552,0.022324630056241947,8,0.676745609935359,20.211801528930664,0.0,0.375,0.3,0.375,0.375,0.0,2
NetKeys,0.04018226882206802,0.8084894028014756,0.01105416587949652,8,0.767558944078274,26.58699941635132,0.375,0.0,0.3,0.5,0.5,0.0,2
Prim,0.034253299882736815,0.7326200393207208,0.0004635459604447282,10,0.6311558751582663,16.838987827301025,0.25,0.375,0.0,0.375,0.25,0.0,3
Kruskal,0.04186872246912597,0.7960495110588645,0.00994268171029255,8,0.7239955706086224,21.528043508529663,0.375,0.25,0.2,0.0,0.375,0.0,1
HMOEA,0.05743327387201765,0.8062463634210296,0.025477596994870046,8,0.8414792819643536,41.89174127578735,0.125,0.25,0.0,0.25,0.0,0.05,0
GPrim,0.00013550166918746692,0.5376494128424611,0.049338110732335794,20,0.8843459778604449,23.27144169807434,0.875,0.875,0.7,1.0,0.875,0.0,5
