models,igd,delta,spacing,onvg,hypervolume,c_A,c_B,c_C,c_D,c_E,c_F,score
A,0.8616844070587923,0.8070175496353147,0.5773529943526392,4,0.011425298148920363,0.0,0.0,0.0,0.0,0.0,0.0,0
B,0.5937171087399713,0.46411718311010897,0.2885875634097417,12,0.049577068833619314,1.0,0.0,0.42857142857142855,0.6153846153846154,0.05,0.0,3
C,0.29580401459413086,0.31578952055194137,6.899657507895624e-05,14,0.027168883493713603,1.0,0.16666666666666666,0.0,0.23076923076923078,0.0,0.0,1
D,0.3872983453678506,0.36842111086363916,0.00012799703839760235,13,0.02931742870591615,1.0,0.16666666666666666,0.2857142857142857,0.0,0.0,0.0,2
E,6.56884242735679e-05,6.546180306860508e-06,0.0004588337363288442,20,0.06293365166763928,1.0,0.8333333333333334,0.5,0.6153846153846154,0.0,0.0,4
F,6.555360933776334e-05,6.54618661897481e-06,0.0004595111784140672,20,0.06295534445604634,1.0,0.9166666666666666,0.5,0.6153846153846154,0.3,0.0,5
