models,igd,delta,spacing,onvg,hypervolume,time,c_Prufer,c_NetKeys,c_Prim,c_Kruskal,c_GPrim,score
Prufer,0.08403641054639974,0.8052492655639728,0.0781250826029493,8,0.6142283652211136,15.773932695388794,0.0,0.2,0.1,0.25,0.0,0
NetKeys,0.06781830134745626,0.7496866209066526,0.10893953031121764,10,0.625369923697514,23.21562910079956,0.625,0.0,0.3,0.5,0.0,2
Prim,0.10170764033536239,0.7448927815116667,0.0022247924262961943,10,0.5595608099073803,16.096210479736328,0.375,0.3,0.0,0.375,0.0,2
Kruskal,0.09014461423024157,0.7941333945466316,0.04771997785270138,8,0.6251953855485103,18.453072547912598,0.625,0.3,0.2,0.0,0.0,1
GPrim,0.0006503413104269843,0.9149661212272308,0.23679864447475285,20,2.4851468249315314,22.329978466033936,1.0,0.9,0.7,1.0,0.0,4
