models,igd,delta,spacing,onvg,hypervolume,c_A,c_B,c_C,c_D,c_E,score
A,0.7017834554192949,0.8000000058937344,0.8164768192454842,6,0.014325118732161335,0.0,0.0,0.0,0.0,0.0,0
B,0.39051249493800416,0.4641148621978582,0.00013163860042118093,12,0.030123630090059327,1.0,0.0,0.3333333333333333,0.1,0.0,1
C,0.6519202501822619,0.5789473957742978,0.00013690599148499143,9,0.019013716691108965,1.0,0.5,0.0,0.1,0.05,2
D,0.6041523055726984,0.5672514892930604,0.3161947798011166,10,0.025407534168422827,1.0,0.6666666666666666,0.4444444444444444,0.0,0.1,3
E,6.677797553747344e-05,6.110355674983078e-06,0.00045875417684488305,20,0.06295041562192082,1.0,1.0,0.8888888888888888,0.8,0.0,4
