models,delta,spacing,onvg,hypervolume,c_A,c_B,c_C,c_D,c_E,c_F,score
A,0.7450261087576073,0.5270365083009991,5.5,1.07890884243518,0.0,0.0,0.0,0.0,0.0,0.0,0.0
B,0.4980963070724561,0.15005467677510403,11.3,3.4045309423020456,1.0,0.0,0.2836630036630037,0.29664952694364455,0.095,0.095,1.6
C,0.38543497219021766,0.1240089905743375,13.2,1.4530023821194136,1.0,0.36654345654345655,0.0,0.15106540518305225,0.045,0.11000000000000001,2.0
D,0.3752267626734375,0.11608252723371895,13.5,2.7793233201809864,1.0,0.4333194583194583,0.3623992673992674,0.0,0.10500000000000001,0.15499999999999997,2.8
E,0.28208535352357944,0.45754323224124355,20.0,26.26841798013413,1.0,0.6202819402819403,0.43893772893772887,0.40544220485396953,0.0,0.255,4.6
F,0.2813303172616365,0.4514077445262667,20.0,26.189466269939622,1.0,0.5720940170940172,0.38064102564102564,0.33819141642671047,0.15,0.0,3.9
