models,delta,spacing,onvg,hypervolume,c_A,c_B,c_C,c_D,c_E,c_F,score
A,0.7448120355263,0.4301199919797421,5.5,0.015160783135189319,0.0,0.0,0.0,0.0,0.0,0.0,0.0
B,0.505241937003365,0.028981588140180488,10.8,0.025827661902905457,1.0,0.0,0.3602039627039627,0.3218864468864469,0.11086988304093567,0.030000000000000006,1.8
C,0.5271345350059133,0.030279607953364217,10.3,0.023853514455558764,1.0,0.40388888888888896,0.0,0.2828388278388279,0.08749355005159959,0.05,1.8
D,0.5280702193681853,0.00012755740984398767,10.1,0.023032042627040387,1.0,0.478030303030303,0.47330613830613827,0.0,0.16078517371861026,0.07125,2.6
E,0.07302962668505772,0.00025993516546742935,18.7,0.04853867249416273,1.0,0.6331313131313132,0.6409926184926185,0.4907448107448108,0.0,0.13901315789473684,4.0
F,0.026320958080977015,0.00038711199108238,19.5,0.05770862070300866,1.0,0.7767171717171718,0.6870843045843047,0.5991636141636142,0.2869388544891641,0.0,4.7
