models,igd,delta,spacing,onvg,hypervolume,c_A,c_B,c_C,c_D,c_E,score
A,0.8602325374119444,0.815789460748473,0.44718941464973927,5,0.015334003331225572,0.0,0.0,0.0,0.18181818181818182,0.0,0
B,0.8514693240121645,0.578947398404139,9.45346383172717e-05,9,0.022326191269718715,1.0,0.0,0.5555555555555556,0.2727272727272727,0.0,2
C,0.6519202497485292,0.5789473977877365,0.00019496847499584678,9,0.020134281992997834,1.0,0.2222222222222222,0.0,0.36363636363636365,0.0,1
D,0.41833002784429746,0.5157895066288951,7.647812961023129e-05,11,0.024192748667565524,0.8,0.7777777777777778,0.5555555555555556,0.0,0.0,3
E,6.651118391279766e-05,6.5558696495769045e-06,0.000455691238137731,20,0.06283606580279545,1.0,1.0,1.0,1.0,0.0,4
