models,igd,delta,spacing,onvg,hypervolume,c_A,c_B,c_C,c_D,c_E,score
A,0.05018292941369999,0.7963456276355466,0.06889651860019198,5,0.19658543418457974,0.0,0.0,0.0,0.0,0.0,0
B,0.038951007294006836,0.7128333059847285,0.06480314711111364,11,0.4033257721305011,1.0,0.0,0.5,0.07692307692307693,0.0,2
C,0.04072372149643166,0.7387421366360739,0.01578159786281766,10,0.25132464927695297,1.0,0.09090909090909091,0.0,0.0,0.0,1
D,0.034096834400595535,0.6602326388667432,0.01308844416672906,13,0.321986232991204,1.0,0.7272727272727273,0.9,0.0,0.0,3
E,0.01696600629107708,0.6434762597659048,0.11764515855618994,20,0.8063531030787019,1.0,1.0,1.0,0.38461538461538464,0.0,4
