models,delta,spacing,onvg,hypervolume,time,c_A,c_B,c_C,c_D,c_E,score
A,0.8290598323209243,0.5773752543244002,4,0.042309627871071814,17.76192045211792,0.0,0.0,0.0,0.0,0.0,0
B,0.7977208115499848,0.31622147257575545,10,0.05067834226466869,23.774990558624268,1.0,0.0,0.5714285714285714,0.3076923076923077,0.0,2
C,0.8632478734449791,0.48812559891325563,7,0.04201869214902816,28.233778476715088,1.0,0.2,0.0,0.23076923076923078,0.0,1
D,0.7350427662433486,0.00010161729077874947,13,0.07396832773276901,34.31007981300354,1.0,0.4,0.5714285714285714,0.0,0.04,3
E,0.3846155430326544,0.0002922896068891201,25,0.1469021125875204,41.20379614830017,1.0,1.0,1.0,0.9230769230769231,0.0,4
