models,delta,spacing,onvg,hypervolume,time,c_Prufer,c_NetKeys,c_Prim,c_Kruskal,c_GPrim,score
Prufer,0.9517750225709737,0.0,2,0.06255418477558596,111.0991280078888,0.0,0.0,0.0,0.0,0.0,0
NetKeys,1.0,inf,1,0.036032002774231936,147.7591209411621,0.0,0.0,0.0,0.0,0.0,0
Prim,0.9609363107167446,0.041927692142546394,6,0.17141612502284975,102.6081120967865,0.0,1.0,0.0,0.0,0.0,1
Kruskal,1.0,inf,1,0.04179712321810904,122.4732174873352,0.0,1.0,0.3333333333333333,0.0,0.0,2
GPrim,0.9323002242112742,0.42846807356191097,6,3.0646305484898604,217.79480981826782,1.0,1.0,1.0,1.0,0.0,4
