models,delta,spacing,onvg,hypervolume,c_A,c_B,c_C,c_D,c_E,score
A,0.8717948760377615,1.9148795116882271,4,0.03849195854491244,0.0,0.0,0.0,0.0,0.0,0
B,0.7977208095200145,0.31622367553408914,10,0.04922401377132005,1.0,0.0,0.7272727272727273,0.08333333333333333,0.0,2
C,0.7846153944512005,0.6030171005673037,11,0.052902288324710854,1.0,0.1,0.0,0.0,0.0,1
D,0.7505827686017363,0.28867142306728133,12,0.055969276494540275,1.0,0.9,0.8181818181818182,0.0,0.0,3
E,0.6378205135373551,0.2424823349950834,17,0.11732584071706702,1.0,1.0,1.0,1.0,0.0,4
