models,igd,delta,spacing,onvg,hypervolume,time,c_Prufer,c_NetKeys,c_Prim,c_Kruskal,c_GPrim,score
Prufer,0.05187660597927921,0.7719216409481013,0.025540195490696846,8,0.6334948151608529,16.626732110977173,0.0,0.0,0.0,0.0,0.0,0
NetKeys,0.056628072039680476,0.7970957374030019,0.017367326186990398,8,0.6490375033822248,22.37808632850647,1.0,0.0,0.26666666666666666,0.21428571428571427,0.05,2
Prim,0.048051459125329064,0.598170471535275,0.01686486265519907,15,0.6467798550850034,16.63349723815918,0.875,0.375,0.0,0.21428571428571427,0.0,2
Kruskal,0.04826068768784651,0.6235190726693796,0.01284814496026468,14,0.6492148623362544,19.233767986297607,1.0,0.125,0.3333333333333333,0.0,0.0,2
GPrim,0.00024366445833805478,0.6422297645589202,0.11748664763819411,20,0.7934777966847545,23.38419270515442,1.0,0.875,0.3333333333333333,0.5,0.0,4
