models,delta,spacing,onvg,hypervolume,c_A,c_B,c_C,c_D,c_E,c_F,score
A,0.9111111148153901,0.8944110036036919,6,0.14780568762237872,0.0,0.0,0.0,0.0,0.0,0.0,0
B,0.9595959584256184,2.022586600475929,11,0.2926588240178643,1.0,0.0,0.36363636363636365,0.0,0.0,0.0,2
C,0.8989899054028822,0.5222154547025405,11,0.2723634821578377,1.0,0.18181818181818182,0.0,0.0,0.0,0.0,1
D,0.8390571444474653,0.44690689373373277,16,0.5321062663643121,0.8333333333333334,0.6363636363636364,0.45454545454545453,0.0,0.0,0.0,3
E,0.48125299691089474,0.18096700911680053,60,1.591867500548422,1.0,1.0,1.0,1.0,0.0,0.16176470588235295,4
F,0.3508218285058295,0.12124092181811866,68,1.5911453937831093,1.0,1.0,1.0,1.0,0.7666666666666667,0.0,5
