models,delta,spacing,onvg,hypervolume,c_A,c_B,c_C,c_D,c_E,score
A,0.9111111150225208,0.8944110049279353,6,0.14301878461088524,0.0,0.0,0.0,0.0,0.0,0
B,0.9116161676055143,1.8708997291635119,9,0.2369155804187664,1.0,0.0,0.5,0.17647058823529413,0.0,2
C,0.8585858659868871,1.3165646118571543,10,0.2575192942058436,1.0,0.1111111111111111,0.0,0.058823529411764705,0.0,1
D,0.8080808186258748,0.6242798068106659,17,0.38221933997660973,1.0,0.7777777777777778,0.5,0.0,0.0,3
E,0.824029782066027,0.4893665628262855,20,0.2975663832170499,1.0,0.7777777777777778,1.0,0.47058823529411764,0.0,4
