models,delta,spacing,onvg,hypervolume,c_A,c_B,c_C,c_D,c_E,c_F,score
A,0.7891066908514967,0.8862221489953911,5,-0.65566462924901,0.0,0.0,0.0,0.0,0.0,0.0,0
B,0.37719049283469697,0.10204335664098,14,1.3031853938584455,1.0,0.0,0.3333333333333333,0.3076923076923077,0.15,0.15,2
C,0.27921724412430937,0.048403313531626996,15,-1.298652308919499,1.0,0.2857142857142857,0.0,0.07692307692307693,0.0,0.15,1
D,0.38082395846797146,0.05014249204533575,13,-0.6936290569176791,1.0,0.42857142857142855,0.3333333333333333,0.0,0.1,0.15,3
E,0.28179342101118543,0.45749533972191475,20,26.268096099508735,1.0,0.5714285714285714,0.5333333333333333,0.38461538461538464,0.0,0.3,5
F,0.2814860320386312,0.45680451718082554,20,26.240649400532607,1.0,0.5,0.4,0.23076923076923078,0.05,0.0,4
