models,delta,spacing,onvg,hypervolume,c_A,c_B,c_C,c_D,c_E,c_F,score
A,0.789473691145465,0.894413329798861,5,0.014380753900750989,0.0,0.0,0.0,0.0,0.0,0.0,0
B,0.3603239445359495,0.00010204335664098484,14,0.03137602245385845,1.0,0.0,0.3333333333333333,0.3076923076923077,0.15,0.15,2
C,0.26315796029387717,4.840331353164639e-05,15,0.028774184751080498,1.0,0.2857142857142857,0.0,0.07692307692307693,0.0,0.15,1
D,0.368421108680944,5.0142492045331334e-05,13,0.025083088423082316,1.0,0.42857142857142855,0.3333333333333333,0.0,0.1,0.15,3
E,6.555866278385314e-06,0.00045749533972192934,20,0.06287694121568252,1.0,0.5714285714285714,0.5333333333333333,0.38461538461538464,0.0,0.3,5
F,6.522286164815816e-06,0.0004568045171808326,20,0.06284949451670638,1.0,0.5,0.4,0.23076923076923078,0.05,0.0,4
