models,delta,spacing,onvg,hypervolume,c_A,c_B,c_C,c_D,c_E,score
A,0.9620746601825125,1.443657118754413,6.0,0.3045243347214327,0.0,0.013333333333333332,0.0,0.0,0.0,0.0
B,0.9345560972808098,0.9066214262894736,18.2,1.3559167976858775,0.7839285714285714,0.0,0.06363636363636363,0.029411764705882353,0.0,1.1
C,0.9610688379651355,0.9581043928844808,8.7,0.4407226588284134,1.0,0.31610209235209236,0.0,0.19320379535213292,0.0,2.6
D,0.9257681567902868,1.5535778499339732,15.1,0.9436870008976064,1.0,0.9589473684210527,0.2370851370851371,0.0,0.0,2.3
E,0.5923252993368096,0.541581565217705,72.7,2.640933249169945,1.0,0.6110302270828586,1.0,0.5472596627583839,0.0,4.0
