models,delta,spacing,onvg,hypervolume,c_A,c_B,c_C,c_D,c_E,score
A,0.9620746601682002,1.4436389097286082,6.0,0.30354289010876334,0.0,0.015071770334928231,0.0,0.0,0.0,0.0
B,0.8940593711082963,1.133604806581393,18.2,1.5831930856885286,0.4337698412698412,0.0,0.019090909090909092,0.016666666666666666,0.0,1.0
C,0.9462375385813543,1.2401231317715795,9.9,0.4948099698675021,1.0,0.37516974941123543,0.0,0.16123120300751878,0.0,2.2
D,0.8996439901224242,1.4254570088335399,14.7,0.8866468992247505,1.0,0.8934807229234474,0.398998778998779,0.0,0.0,2.8
E,0.8854622145857649,0.7813969081926648,26.4,0.9197313714868522,1.0,0.48379950974378216,1.0,0.4264314632735685,0.0,4.0
