models,delta,spacing,onvg,hypervolume,c_A,c_B,c_C,c_D,c_E,score
A,0.9059829072333853,0.5772600055545208,4,0.022662449591911833,0.0,0.0,0.0,0.0,0.0,0
B,0.8141025756049599,0.00010842618876853036,9,0.04419755797471772,1.0,0.0,0.4444444444444444,0.36363636363636365,0.0,2
C,0.8141025731712144,0.00014146350278766012,9,0.04419554838411694,1.0,0.4444444444444444,0.0,0.2727272727272727,0.0,2
D,0.8051282232483562,0.809007010377411,11,0.07392507061794316,1.0,0.3333333333333333,0.2222222222222222,0.0,0.043478260869565216,1
E,0.4358975794258516,0.0002924587197756724,23,0.13749023260258356,1.0,1.0,1.0,0.9090909090909091,0.0,4
