models,delta,spacing,onvg,hypervolume,time,c_A,c_B,c_C,c_D,c_E,score
A,0.903511845149532,0.00755111494119535,8,0.1205783078779763,28.669326066970825,0.0,0.1,0.0,0.0,0.0,0
B,0.8672768057444299,0.011504283099676004,10,0.2176570096826173,40.83913516998291,0.75,0.0,0.1111111111111111,0.0,0.0,1
C,0.8858682099270431,0.005845982888395409,9,0.13079961067240264,29.56320309638977,1.0,0.4,0.0,0.25,0.0,2
D,0.917086124873367,0.024584792426230635,8,0.11699536004373214,36.235994815826416,1.0,0.5,0.4444444444444444,0.0,0.0,3
E,0.7874209642560602,0.0871478111286539,35,0.8182632122770854,44.908613443374634,1.0,1.0,1.0,1.0,0.0,4
