models,igd,delta,spacing,onvg,hypervolume,time,c_Prufer,c_NetKeys,c_Prim,c_Kruskal,c_GPrim,score
Prufer,0.05796826470462403,0.8524945781870823,0.021635447906189088,6,0.657364180737918,17.56154751777649,0.0,0.1111111111111111,0.14285714285714285,0.1111111111111111,0.0,0
NetKeys,0.044942909430285935,0.7766150297870746,0.032190435455534606,9,0.7433156738918291,22.725561141967773,0.8333333333333334,0.0,0.42857142857142855,0.1111111111111111,0.1,2
Prim,0.04988389994558382,0.8187958787946088,0.021526207041489026,7,0.6600263683466291,17.756216287612915,0.8333333333333334,0.2222222222222222,0.0,0.1111111111111111,0.0,1
Kruskal,0.04280118259882359,0.7599488728581606,0.017390254033841833,9,0.7018723734160303,20.222694635391235,0.8333333333333334,0.2222222222222222,0.5714285714285714,0.0,0.1,3
GPrim,0.0002992725577460352,0.5995000703767571,0.0938605383481752,20,0.8255258884641864,24.509984254837036,0.8333333333333334,0.7777777777777778,0.7142857142857143,0.6666666666666666,0.0,4
