models,igd,delta,spacing,onvg,hypervolume,time,c_A,c_B,c_C,c_D,c_E,score
A,0.04802548907861876,0.795609156945689,0.047491783629859265,5,0.19052384139209821,13.471000909805298,0.0,0.0,0.0,0.0,0.0,0
B,0.04430015933465562,0.7660938564266362,0.01766514799421521,9,0.22814579378866234,23.44491195678711,1.0,0.0,0.21428571428571427,0.0,0.0,1
C,0.03375963614433578,0.6270263602140267,0.013338735626887343,14,0.3436271979214506,17.782219171524048,1.0,0.5555555555555556,0.0,0.25,0.0,2
D,0.04857211602020093,0.7925157974567502,0.023334722208711297,8,0.20667737133397834,21.126916646957397,1.0,0.7777777777777778,0.42857142857142855,0.0,0.1,3
E,0.017107235199274585,0.6439519033910942,0.11760782618120941,20,0.8070297604147254,26.55051016807556,1.0,0.8888888888888888,0.6428571428571429,0.625,0.0,4
