models,igd,delta,spacing,onvg,hypervolume,time,c_Prufer,c_NetKeys,c_Prim,c_Kruskal,c_GPrim,score
Prufer,0.08730409028869406,0.7478693360616209,0.05009458882011105,8,0.5815673858364442,17.015840530395508,0.0,0.36363636363636365,0.0,0.2222222222222222,0.0,1
NetKeys,0.061725393384804525,0.6943673869493584,0.09627480823058379,11,0.6501981873836703,21.789589881896973,0.125,0.0,0.0,0.0,0.0,0
Prim,0.09698104258882706,0.808626212142413,0.032691547674439304,8,0.5971470960047582,17.452433347702026,0.875,0.6363636363636364,0.0,0.8888888888888888,0.05,3
Kruskal,0.0950288596218479,0.7849978554022036,0.03239646752504106,9,0.5957592750525145,20.100157737731934,0.625,0.6363636363636364,0.125,0.0,0.0,2
GPrim,0.0015909331334163525,0.9129787757288595,0.23830769519055883,20,2.5165950422104837,23.900912761688232,1.0,1.0,0.25,1.0,0.0,4
