models,delta,spacing,onvg,hypervolume,c_A,c_B,c_C,c_D,c_E,c_F,score
A,0.7894736919631847,0.00011084604386400389,5,0.011176818041078123,0.0,0.0,0.0,0.0,0.0,0.0,0
B,0.5263158263960784,9.400764177189455e-05,10,0.02102250818814684,1.0,0.0,0.625,0.1111111111111111,0.15,0.0,2
C,0.6315789719235928,6.612662079097659e-05,8,0.015749776357608006,1.0,0.4,0.0,0.1111111111111111,0.05,0.0,1
D,0.5789474142001078,0.00025880949865327534,9,0.02366235907121684,1.0,0.8,0.75,0.0,0.2,0.1,3
E,6.1590256938237715e-06,0.00041430364973794084,20,0.06214642269359666,1.0,0.7,0.75,0.4444444444444444,0.0,0.1,4
F,5.890414931337118e-06,0.00045867014483380765,20,0.06295752954604757,1.0,0.9,1.0,0.7777777777777778,0.45,0.0,5
