models,delta,spacing,onvg,hypervolume,time,c_Prufer,c_NetKeys,c_Prim,c_Kruskal,c_GPrim,score
Prufer,0.9493032207655808,0.021007974406234718,5,0.123844182867346,115.56100559234619,0.0,0.0,0.0,0.0,0.0,0
NetKeys,0.9790859002933782,0.0005720471204463601,3,0.1506149983722315,153.91462922096252,0.8,0.0,0.0,0.0,0.0,1
Prim,1.0,inf,1,0.10513231606911537,108.21861934661865,0.0,0.0,0.0,0.0,0.0,0
Kruskal,1.0,inf,1,0.22946999644755608,118.89674115180969,1.0,1.0,1.0,0.0,0.0,3
GPrim,0.9521855526497573,0.488241265221613,6,3.4322064815774977,225.6619040966034,1.0,1.0,1.0,1.0,0.0,4
