models,delta,spacing,onvg,hypervolume,time,c_Prufer,c_NetKeys,c_Prim,c_Kruskal,c_GPrim,score
Prufer,1.0148231024140584,0.32392591133574467,4,0.6917140937114146,34.64591717720032,0.0,0.0,0.0,0.0,0.0,0
NetKeys,0.8445666843897442,0.0,2,0.3383963834406332,56.079755783081055,1.0,0.0,0.3333333333333333,0.0,0.0,2
Prim,0.7991042830560261,0.01284808808005164,3,0.33347545379378185,41.865052223205566,1.0,0.0,0.0,0.0,0.0,1
Kruskal,1.0,inf,1,0.347720668383014,46.165942430496216,1.0,1.0,1.0,0.0,0.0,3
GPrim,0.9006480760115438,0.4397788807373482,4,2.346568715110866,76.64121651649475,1.0,1.0,1.0,1.0,0.0,4
