models,delta,spacing,onvg,hypervolume,time,c_Prufer,c_NetKeys,c_Prim,c_Kruskal,c_GPrim,score
Prufer,0.9296926866068039,0.08503723819170318,4,0.6872148458125285,34.64591717720032,0.0,0.0,0.0,0.0,0.0,0
NetKeys,0.9685941387440276,0.0,2,0.762778024840911,56.079755783081055,1.0,0.0,0.3333333333333333,0.0,0.0,2
Prim,0.9529951635250905,0.05401183026460661,3,0.7419982931961285,41.865052223205566,1.0,0.0,0.0,0.0,0.0,1
Kruskal,1.0,inf,1,0.7647694014182449,46.165942430496216,1.0,1.0,1.0,0.0,0.0,3
GPrim,0.9443011656948237,0.093923058735146,4,0.8447040564348692,76.64121651649475,1.0,1.0,1.0,1.0,0.0,4
