models,delta,spacing,onvg,hypervolume,time,c_Prufer,c_NetKeys,c_Prim,c_Kruskal,c_GPrim,score
Prufer,1.0,inf,1,0.6304633458889763,39.887954235076904,0.0,0.3333333333333333,0.5,0.0,0.0,2
NetKeys,0.9677565102898944,0.0017490359527935408,3,0.656130846992527,58.931483030319214,0.0,0.0,1.0,0.0,0.0,1
Prim,0.9521856293520317,0.0,2,0.6175450832692051,44.96090245246887,0.0,0.0,0.0,0.0,0.0,0
Kruskal,0.9100852792998192,0.07385469559790518,5,0.7021973638838676,50.272526264190674,1.0,0.6666666666666666,1.0,0.0,0.0,3
GPrim,0.8463355804146904,0.19940866859443576,4,0.7052757685924747,79.53919243812561,1.0,1.0,1.0,1.0,0.0,4
