models,delta,spacing,onvg,hypervolume,time,c_Prufer,c_NetKeys,c_Prim,c_Kruskal,c_GPrim,score
Prufer,0.922268303828697,0.10278096346788128,5,0.581175500537503,41.34647488594055,0.0,0.0,0.0,0.0,0.0,0
NetKeys,0.9652725992699518,0.04312102908579648,3,0.6942296274430414,54.446105003356934,1.0,0.0,0.8,0.2,0.0,2
Prim,0.905994792063699,0.02113067341167404,5,0.6762245457550627,43.2790744304657,1.0,0.0,0.0,0.0,0.0,1
Kruskal,0.9120941850527663,0.04596311464360149,5,0.7535809067117646,53.646674394607544,1.0,0.3333333333333333,0.6,0.0,0.0,3
GPrim,0.9585633759369735,0.15943891590960574,9,0.824179545906587,72.39619660377502,1.0,1.0,1.0,1.0,0.0,4
