models,igd,delta,spacing,onvg,hypervolume,c_A,c_B,c_C,c_D,c_E,c_F,score
A,0.6103278036561013,0.7684210613541556,0.4081994299531462,6,0.01721495915182693,0.0,0.0,0.0,0.0,0.0,0.0,0
B,0.48989796858205653,0.42105269279295077,7.773641153528833e-05,12,0.026046357061174003,1.0,0.0,0.08333333333333333,0.4,0.1,0.05,1
C,0.3354102359644426,0.46411486453808065,8.682020319674269e-05,12,0.0253237789972635,1.0,0.4166666666666667,0.0,0.4,0.15,0.1,5
D,0.604152314552709,0.5672514972337899,0.3162051222757195,10,0.02449929275031394,1.0,0.5,0.08333333333333333,0.0,0.05,0.1,2
E,4.3294271609097425e-05,6.555850212126967e-06,0.00045774016645842223,20,0.0628878562893791,1.0,0.5,0.08333333333333333,0.6,0.0,0.2,3
F,4.324309250083224e-05,6.5566009395885136e-06,0.00045814291485661053,20,0.06289223816406117,1.0,0.5,0.08333333333333333,0.4,0.2,0.0,3
