models,igd,delta,spacing,onvg,hypervolume,c_A,c_B,c_C,c_D,c_E,score
A,0.6103278036439206,0.7052631687360976,0.516294617479554,6,0.017120018295620577,0.0,0.0,0.0,0.0,0.0,0
B,0.7228416277357084,0.5263158312036618,9.925873288240977e-05,10,0.022959033411952726,1.0,0.0,0.1,0.2,0.0,1
C,0.4636809542572948,0.5672514816304324,8.203689775913704e-05,10,0.02129408451499388,1.0,0.5,0.0,0.1,0.0,2
D,0.7228416247946069,0.5263158350760856,0.0002494544591529872,10,0.026728833088426482,1.0,0.7,0.4,0.0,0.0,3
E,4.365598310082131e-05,6.166448339512555e-06,0.0004575560107456193,20,0.06292297812694132,1.0,1.0,1.0,0.9,0.0,4
