models,delta,spacing,onvg,hypervolume,c_A,c_B,c_C,c_D,c_E,score
A,0.9444444456932602,0.6666415130574832,9,0.14565342462609815,0.0,0.0,0.0,0.0,0.0,0
B,0.9151515208653773,0.4672332970792912,11,0.2095828245458626,1.0,0.0,0.5555555555555556,0.47058823529411764,0.0,3
C,0.9116161635052287,1.8707476747531115,9,0.24425102641970858,1.0,0.36363636363636365,0.0,0.17647058823529413,0.0,1
D,0.8535353371908664,0.39284748289678534,17,0.3882915628189527,1.0,0.09090909090909091,0.4444444444444444,0.0,0.0,2
E,0.8328742070954984,0.8504818598719895,23,0.3232934169912451,1.0,0.8181818181818182,1.0,0.5294117647058824,0.0,4
