models,delta,spacing,onvg,hypervolume,c_A,c_B,c_C,c_D,c_E,score
A,0.9542001870008471,0.013380913270659425,8,0.07009629432268619,0.0,0.0,0.0,0.0,0.0,0
B,0.9588362620609882,0.004129285697537559,10,0.10909099484620108,1.0,0.0,0.14285714285714285,0.0,0.0,1
C,0.9613316859275632,0.007305988120868406,7,0.0593459194626256,1.0,0.4,0.0,0.07692307692307693,0.0,3
D,0.9116992382111881,0.02011359537409073,13,0.1754643785871816,1.0,0.3,0.0,0.0,0.0,2
E,0.9222634269487907,0.06280575672479212,71,0.8339461896242174,1.0,1.0,1.0,1.0,0.0,4
