models,igd,delta,spacing,onvg,hypervolume,c_A,c_B,c_C,c_D,c_E,score
A,0.8616844130500458,0.8070175668157553,0.5776286027217755,4,0.02136324706398892,0.0,0.0,0.0,0.0,0.0,0
B,0.6062177877821748,0.6691730060175496,0.3536849487159082,8,0.03293740097462056,1.0,0.0,0.5,0.5714285714285714,0.0,3
C,0.8062257787773115,0.7684210982363415,0.00016626200444719527,6,0.025762008524492605,1.0,0.25,0.0,0.42857142857142855,0.0,2
D,0.8046738558896278,0.6842105907636871,0.00017857746760775698,7,0.027955445551889495,1.0,0.375,0.3333333333333333,0.0,0.0,1
E,0.15811395487244584,0.2105266357130319,0.00021673014742601749,16,0.06834410017446794,1.0,1.0,1.0,1.0,0.0,4
