models,igd,delta,spacing,onvg,hypervolume,c_A,c_B,c_C,c_D,c_E,score
A,0.8616844130328779,0.8070175668127025,0.5776286031987752,4,0.02137172937132399,0.0,0.0,0.0,0.0,0.0,0
B,0.46636896646320747,0.6315790320055973,0.00017156850257377476,9,0.04205367345878816,1.0,0.0,0.6363636363636364,0.375,0.0,2
C,0.41833002964357274,0.51578956223275,0.3014697124212021,11,0.04594427090874444,1.0,0.2222222222222222,0.0,0.125,0.0,1
D,0.5291502682271741,0.6766917932023632,0.4628642451339441,8,0.03678481926562611,1.0,0.4444444444444444,0.7272727272727273,0.0,0.0,3
E,0.18708325663343392,0.1578996277745776,0.0009815913277194089,17,0.11539944285783194,1.0,1.0,1.0,1.0,0.0,4
