models,delta,spacing,onvg,hypervolume,time,c_Prufer,c_NetKeys,c_Prim,c_Kruskal,c_GPrim,score
Prufer,0.96265620654657,0.014189371752116106,8,0.5754870446836532,241.39107275009155,0.0,0.4444444444444444,0.0,0.0,0.0,1
NetKeys,0.8885786658405819,0.010719773714942605,18,0.6774614957968754,1131.4332692623138,0.0,0.0,0.0,0.0,0.0,0
Prim,0.9534093105166788,0.004770610104887844,11,0.5860382050443022,188.22329664230347,1.0,0.5555555555555556,0.0,0.1875,0.0,3
Kruskal,0.9449877852146075,0.015365892239372377,16,0.712561486546953,344.59424352645874,0.625,0.9444444444444444,0.18181818181818182,0.0,0.0,2
GPrim,0.7629652156157963,0.0030122649277331826,99,0.7625582010162592,247.97554802894592,1.0,1.0,1.0,1.0,0.0,4
