models,igd,delta,spacing,onvg,hypervolume,c_A,c_B,c_C,c_D,c_E,score
A,0.7772234845551086,0.7728070203550723,0.56591851783201,5.1,0.013492992594299697,0.0,0.049494949494949494,0.04666666666666667,0.02,0.0,0.0
B,0.6108305442035606,0.5888889121923193,0.14222938194066545,9.3,0.021496416012709234,0.8716666666666667,0.0,0.22722222222222227,0.215959595959596,0.005263157894736842,1.2
C,0.6079350028281577,0.6425229918698199,0.21911154989943923,8.3,0.019441223395748546,0.9333333333333333,0.558037518037518,0.0,0.28101010101010104,0.025882352941176474,2.1
D,0.6023003557191833,0.5624269328668416,0.10749518112867759,9.8,0.024931894495194683,0.9583333333333334,0.7050649350649351,0.3997222222222222,0.0,0.036764705882352935,2.6
E,0.023762077262715803,0.02105772655326383,0.00039035279325829613,19.6,0.05813222604472133,0.975,0.9800000000000001,0.8966666666666667,0.8764646464646466,0.0,4.0
