models,igd,delta,spacing,onvg,hypervolume,c_A,c_B,c_C,c_D,c_E,score
A,0.05029431737823864,0.842283514841512,0.05042451653179669,5.5,0.1792277497338351,0.0,0.008333333333333333,0.008333333333333333,0.0,0.0,0.0
B,0.03722821996930593,0.7122218752591826,0.025398118475005605,10.8,0.29994495177048847,0.949047619047619,0.0,0.21996003996003996,0.13757631257631256,0.0,1.3
C,0.03411062398136416,0.6901213314721859,0.025429553086740313,11.9,0.31999733520132184,0.9633333333333335,0.47606560106560103,0.0,0.21827228327228326,0.015000000000000003,2.0
D,0.033226574952703605,0.6762244314820325,0.038279374590421446,12.4,0.36455512103716536,0.9690476190476192,0.6058541458541458,0.38547452547452554,0.0,0.025,2.7
E,0.016972445104342194,0.642939246715476,0.11755195565998637,20.0,0.8061971681565167,0.9833333333333334,0.8262820512820512,0.586002331002331,0.6489804639804639,0.0,4.0
