models,delta,spacing,nds,c_kruskal,score
kruskal,2.163772178616815e-06,0.0013662509209162723,7,0.0,0
