models,delta,spacing,onvg,hypervolume,c_A,c_B,c_C,c_D,c_E,score
A,0.9296482436390524,1.4142624021450156,7,0.48750557006583795,0.0,0.0,0.0,0.0,0.0,0
B,0.8894471530735903,1.0971577426630195,19,1.8163080255167359,0.5714285714285714,0.0,0.0,0.0,0.0,1
C,0.9564489128226558,1.253554603766842,7,0.45256567198081377,1.0,0.3157894736842105,0.0,0.1875,0.0,2
D,0.9145728681442952,1.3400605379413537,16,0.9451908791744024,1.0,0.8947368421052632,0.2857142857142857,0.0,0.0,3
E,0.9058931059321579,1.1575523089438264,23,1.0783634731956528,1.0,0.47368421052631576,1.0,0.4375,0.0,4
