models,delta,spacing,onvg,hypervolume,c_A,c_B,c_C,c_D,c_E,score
A,0.9296482436390524,1.4142624021450156,7,0.48750557006583795,0.0,0.0,0.0,0.0,0.0,0
B,0.8944723467999428,0.8751142413542422,20,1.583056642119691,0.7142857142857143,0.0,0.0,0.0,0.0,1
C,0.940416370426517,2.2320513290585904,8,0.6710548536121783,1.0,0.5,0.0,0.34782608695652173,0.0,3
D,0.8949291982806407,1.1609410676649454,23,1.0127240498427141,1.0,1.0,0.125,0.0,0.0,2
E,0.6049968383182015,0.6982178922145557,72,2.619198938970924,1.0,0.7,1.0,0.6521739130434783,0.0,4
