models,igd,delta,spacing,onvg,hypervolume,c_A,c_B,c_C,c_D,c_E,c_F,score
A,0.8077747317052795,0.8421052607957377,0.8943202121754651,5,0.015113877963938697,0.0,0.0,0.0,0.0,0.0,0.0,0
B,0.722841621457658,0.526315836348998,0.00010107546380880434,10,0.02203862261419766,1.0,0.0,0.38461538461538464,0.4166666666666667,0.05,0.05,3
C,0.3316624967840594,0.36842110287103347,7.518857199175061e-05,13,0.02636741134998845,1.0,0.3,0.0,0.25,0.0,0.05,1
D,0.4898979584957992,0.42105269034270926,8.927975930144962e-05,12,0.025685213653880115,1.0,0.4,0.6923076923076923,0.0,0.0,0.0,2
E,6.639696965616904e-05,6.552181505514378e-06,0.00045897066727407725,20,0.06293065386720487,1.0,0.9,1.0,0.75,0.0,0.2,5
F,6.648031614015256e-05,6.552036954899157e-06,0.000458748707317757,20,0.06291971084117567,1.0,0.9,0.9230769230769231,0.6666666666666666,0.1,0.0,4
