models,igd,delta,spacing,onvg,hypervolume,time,c_Prufer,c_NetKeys,c_Prim,c_Kruskal,c_GPrim,score
Prufer,0.05100472078426941,0.7610019778321965,0.021232048453690446,9,0.6434630923244381,19.247026443481445,0.0,0.2,0.07142857142857142,0.0,0.0,0
NetKeys,0.04949296105205313,0.7385963212157225,0.01600131824340174,10,0.6842017924514309,24.04731845855713,0.7777777777777778,0.0,0.21428571428571427,0.3333333333333333,0.0,1
Prim,0.04521064948834147,0.6389423845641932,0.025910970622385548,14,0.6446594990093037,17.251707077026367,0.8888888888888888,0.4,0.0,0.2222222222222222,0.0,2
Kruskal,0.046512860652867305,0.7355778789380075,0.03532054271483282,9,0.7209775918162522,23.202257871627808,1.0,0.4,0.35714285714285715,0.0,0.0,3
GPrim,0.00023467012942338886,0.6431145952269697,0.1174103719083817,20,0.7939126906176308,25.530740976333618,1.0,0.6,0.5,0.6666666666666666,0.0,4
