models,igd,delta,spacing,onvg,hypervolume,time,c_A,c_B,c_C,c_D,c_E,score
A,0.048969577796059406,0.8374824556746533,0.06029915350808221,6,0.19059446007400815,14.00028371810913,0.0,0.0,0.0,0.0,0.0,0
B,0.0409334959706995,0.7385963212157225,0.01600131824340174,10,0.2483667937942417,24.04731845855713,1.0,0.0,0.21428571428571427,0.3333333333333333,0.0,1
C,0.035598699938332715,0.6389423845641932,0.025910970622385548,14,0.3469566440444808,17.251707077026367,1.0,0.4,0.0,0.1111111111111111,0.0,2
D,0.0423809063607933,0.7720302097927643,0.035981755827644006,9,0.2483248113118229,20.872958660125732,1.0,0.5,0.42857142857142855,0.0,0.0,3
E,0.017040577540324103,0.6431145952269697,0.1174103719083817,20,0.8068287501810807,25.530740976333618,1.0,0.6,0.5,0.7777777777777778,0.0,4
