models,igd,delta,spacing,onvg,hypervolume,time,c_Prufer,c_NetKeys,c_Prim,c_Kruskal,c_GPrim,score
Prufer,0.042960991535973755,0.7610019778321965,0.021232048453690446,9,0.8916939414187376,19.247026443481445,0.0,0.2,0.07142857142857142,0.0,0.0,0
NetKeys,0.0409334959706995,0.7385963212157225,0.01600131824340174,10,1.059780913235751,24.04731845855713,0.7777777777777778,0.0,0.21428571428571427,0.3333333333333333,0.0,1
Prim,0.035598699938332715,0.6389423845641932,0.025910970622385548,14,0.9190014529406161,17.251707077026367,0.8888888888888888,0.4,0.0,0.2222222222222222,0.0,2
Kruskal,0.03966905317999263,0.7355778789380075,0.03532054271483282,9,1.1094502375184145,23.202257871627808,1.0,0.4,0.35714285714285715,0.0,0.0,3
GPrim,0.017040577540324103,0.6431145952269697,0.1174103719083817,20,1.4362070148256272,25.530740976333618,1.0,0.6,0.5,0.6666666666666666,0.0,4
