models,igd,delta,spacing,onvg,hypervolume,c_A,c_B,c_C,c_D,c_E,score
A,0.050605020295495705,0.8171973570161637,0.02791114711695048,5,0.19374779463566172,0.0,0.0,0.0,0.0,0.0,0
B,0.04365443961720419,0.722348848078978,0.025914127732744076,10,0.28251746762123964,1.0,0.0,0.38461538461538464,0.4166666666666667,0.05,3
C,0.03176840881604821,0.6546379492614776,0.019277143880564365,13,0.33800906765957917,1.0,0.3,0.0,0.25,0.05,1
D,0.034641227671906805,0.6755447503998425,0.022889898292855402,12,0.329263840296894,1.0,0.4,0.6923076923076923,0.0,0.0,2
E,0.01699718450360278,0.643763368633388,0.11761581051116457,20,0.8065802333244755,1.0,0.9,0.9230769230769231,0.6666666666666666,0.0,4
