models,delta,spacing,onvg,hypervolume,c_A,c_B,c_C,c_D,c_E,score
A,0.9691313719965653,0.35359156427182387,8,0.28288921617845886,0.0,0.0,0.0,0.0,0.0,0
B,0.9966499155293391,0.877049689901367,13,1.043253743751397,0.75,0.0,0.0,0.0,0.0,1
C,0.9396984952605764,1.1665973130940122,9,0.41825228675273673,1.0,0.5384615384615384,0.0,0.25,0.0,3
D,0.9820531239403871,1.6851005604649936,8,0.5914383721203063,1.0,1.0,0.2222222222222222,0.0,0.0,2
E,0.5849246493797099,0.6925863009073803,71,2.65893353661313,1.0,1.0,1.0,0.5,0.0,4
