models,delta,spacing,onvg,hypervolume,time,c_Prufer,c_NetKeys,c_Prim,c_Kruskal,c_GPrim,score
Prufer,0.9698758124017047,0.010647984534032318,4.0,0.48583822288638023,59.20229423046112,0.0,0.0,0.0,0.0,0.0,0.0
NetKeys,0.9572261797902148,0.019305486347381114,9.1,0.6576970492712073,129.050355219841,0.894047619047619,0.0,0.03611111111111111,0.11111111111111112,0.0,1.3
Prim,0.9597362845834055,0.007686832306248942,8.8,0.6085179303259751,67.21445193290711,1.0,0.5230128205128205,0.0,0.34944444444444445,0.0,2.5
Kruskal,0.9764808697983016,0.01230133556239796,5.9,0.6017519800500268,82.40577902793885,1.0,0.45754273504273507,0.29524658348187766,0.0,0.0,2.2
GPrim,0.7484565363833602,0.0028973953791247556,48.6,0.8379497085444179,125.2746272802353,1.0,1.0,1.0,1.0,0.0,4.0
