models,delta,spacing,onvg,hypervolume,time,c_A,c_B,c_C,c_D,c_E,score
A,0.9111111148153901,0.8944110036036919,6,0.14780568762237872,35.47747874259949,0.0,0.0,0.0,0.0,0.0,0
B,0.9595959584256184,2.022586600475929,11,0.2926588240178643,127.45392394065857,1.0,0.0,0.36363636363636365,0.0,0.0,2
C,0.8989899054028822,0.5222154547025405,11,0.2723634821578377,69.52295851707458,1.0,0.18181818181818182,0.0,0.0,0.0,1
D,0.8390571444474653,0.44690689373373277,16,0.5321062663643121,103.54415106773376,0.8333333333333334,0.6363636363636364,0.45454545454545453,0.0,0.0,3
E,0.3336139999179494,0.1170172605706112,73,1.68009023042315,102.40011048316956,1.0,1.0,1.0,1.0,0.0,4
