models,delta,spacing,onvg,hypervolume,c_A,c_B,c_C,c_D,c_E,c_F,score
A,0.707849179035717,0.37072903389058487,5,-1.8775881694456764,0.0,0.0,0.0,0.0,0.0,0.0,0
B,0.5374186507168482,0.09874474402025525,10,-0.3669030937038258,1.0,0.0,0.2857142857142857,0.125,0.0,0.0,1
C,0.7214026177904226,0.4131810272362329,7,0.24114610035312456,1.0,0.5,0.0,0.0,0.0,0.0,2
D,0.6735030104830687,0.1769039851164334,8,1.0910614973124666,1.0,0.7,0.5714285714285714,0.0,0.0,0.0,3
E,0.48582380157542304,0.9128389977527659,20,55.62433775956071,1.0,1.0,1.0,1.0,0.0,0.5263157894736842,5
F,0.5072124826082162,0.9343552977728095,19,48.337235049565834,1.0,1.0,1.0,1.0,0.2,0.0,4
