models,delta,spacing,onvg,hypervolume,c_A,c_B,c_C,c_D,c_E,c_F,score
A,0.7105263444751174,0.5475372013262738,5,0.027146228960554318,0.0,0.0,0.0,0.0,0.0,0.0,0
B,0.5263158962290955,9.874474402028932e-05,10,0.03694943321629618,1.0,0.0,0.2857142857142857,0.125,0.0,0.0,1
C,0.7192983043931884,0.3779904320538476,7,0.03341122282035313,1.0,0.5,0.0,0.0,0.0,0.0,2
D,0.6691730132683827,0.00017690398511641863,8,0.03426113821731246,1.0,0.7,0.5714285714285714,0.0,0.0,0.0,3
E,1.6506049503264102e-05,0.0009128389977527614,20,0.12644533163953614,1.0,1.0,1.0,1.0,0.0,0.5263157894736842,5
F,0.052636504504493725,0.000934355297772813,19,0.12296990766956585,1.0,1.0,1.0,1.0,0.2,0.0,4
