models,delta,spacing,onvg,hypervolume,c_A,c_B,c_C,c_D,c_E,c_F,score
A,0.7558011793915532,0.44190291740113125,6,-2.3558520789648902,0.0,0.0,0.0,0.0,0.0,0.0,0
B,0.6562159901434743,0.7434448843855999,8,1.1172774479208272,1.0,0.0,0.2857142857142857,0.25,0.0,0.0,1
C,0.7200880117036057,0.17200690289990334,7,0.6220964205302053,1.0,0.5,0.0,0.125,0.0,0.0,2
D,0.6414759432515553,0.10049504000820031,8,1.1129820355626627,1.0,0.5,0.5714285714285714,0.0,0.0,0.0,3
E,0.38039430192903745,0.46009204721135405,18,27.58071728251724,1.0,1.0,1.0,1.0,0.0,0.23529411764705882,4
F,0.25637185930494105,0.19675485398678058,17,5.273356721308392,1.0,1.0,1.0,1.0,0.3888888888888889,0.0,5
