models,igd,delta,spacing,onvg,hypervolume,c_A,c_B,c_C,c_D,c_E,score
A,0.7681145892239672,0.7578947561275572,0.408228140290021,6,0.027169800687254483,0.0,0.0,0.0,0.0,0.0,0
B,0.657647324885737,0.7684210928492072,0.8366823567076579,6,0.030417662914785645,1.0,0.0,0.1,0.4,0.0,2
C,0.46368093231735114,0.5672515563002599,9.029105728019999e-05,10,0.039790124212976244,1.0,0.6666666666666666,0.0,0.4,0.0,3
D,0.8602325308309025,0.815789509676401,0.44745516722561374,5,0.02185189761197207,1.0,0.3333333333333333,0.2,0.0,0.0,1
E,0.11180404799361043,0.10526831070158654,0.0009548874819325801,18,0.11913802457994103,1.0,1.0,1.0,1.0,0.0,4
