models,delta,spacing,onvg,hypervolume,c_A,c_B,c_C,c_D,c_E,c_F,score
A,0.8434587765575576,0.0019919509407174594,4,-0.29449557384367253,0.0,0.0,0.0,0.0,0.0,0.0,0
B,0.49464715344429994,0.28596130841328254,12,0.2425158518676067,1.0,0.0,0.4,0.07142857142857142,0.0,0.1,1
C,0.3081151271479794,0.16156930828428684,15,4.3271625574842325,1.0,0.5,0.0,0.0,0.1,0.05,2
D,0.3984563383810021,0.24449883637171105,14,9.696190794361964,1.0,0.8333333333333334,0.4666666666666667,0.0,0.15,0.2,3
E,0.28175228842949673,0.4575596486677099,20,26.255445656398194,1.0,1.0,0.5333333333333333,0.5714285714285714,0.0,0.4,5
F,0.281982593693407,0.450049605192819,20,25.836934543259883,1.0,0.75,0.6,0.35714285714285715,0.05,0.0,4
