models,delta,spacing,onvg,hypervolume,c_A,c_B,c_C,c_D,c_E,c_F,score
A,0.8434587765575576,0.0019919509407174594,4,-0.29449557384367253,0.0,0.0,0.0,0.0,0.0,0.0,0
B,0.3838192569935933,0.08534893657789606,13,0.534062577571806,1.0,0.0,0.5,0.07692307692307693,0.0,0.25,1
C,0.5406947983762178,0.13261179575165563,10,2.9324267452142116,1.0,0.5384615384615384,0.0,0.0,0.05,0.0625,2
D,0.4455880152560015,0.32961478196409727,13,9.924523690587908,1.0,0.8461538461538461,0.7,0.0,0.1,0.25,4
E,0.2826723037669977,0.4529409119951989,20,25.931320998959837,1.0,1.0,0.7,0.5384615384615384,0.0,0.4375,5
F,0.23929748102834408,0.06398365275437676,16,1.8880559217247797,1.0,0.6153846153846154,0.4,0.15384615384615385,0.05,0.0,3
