models,delta,spacing,onvg,hypervolume,c_A,c_B,c_C,c_D,c_E,c_F,score
A,0.8421052700984919,1.9919509407175873e-06,4,0.006149683796156326,0.0,0.0,0.0,0.0,0.0,0.0,0
B,0.3684211028250364,8.534893657790456e-05,13,0.026310780057571807,1.0,0.0,0.5,0.07692307692307693,0.0,0.05,1
C,0.5263158237781149,0.00013261179575163996,10,0.022264964855214214,1.0,0.5384615384615384,0.0,0.0,0.05,0.0,2
D,0.36842112978145664,0.0003296147819640828,13,0.035701241170587907,1.0,0.8461538461538461,0.7,0.0,0.1,0.1,3
E,6.122079824726154e-06,0.0004529409119951928,20,0.06254776239123616,1.0,1.0,0.7,0.5384615384615384,0.0,0.2,4
F,6.121881938605887e-06,0.0004586056490079583,20,0.06291939077379854,1.0,0.9230769230769231,0.9,0.5384615384615384,0.3,0.0,5
