models,delta,spacing,onvg,hypervolume,time,c_Prufer,c_NetKeys,c_Prim,c_Kruskal,c_GPrim,score
Prufer,0.7650161388295831,0.20113304475127947,5,1.30546514754737,39.73084092140198,0.0,0.0,0.0,0.0,0.0,0
NetKeys,0.9399700301393245,0.10609251696551503,3,0.49232748773340845,51.11873960494995,1.0,0.0,0.8571428571428571,0.0,0.0,2
Prim,0.8492989541531222,0.10590616740671939,7,0.4785939319596294,42.56342959403992,1.0,0.0,0.0,0.0,0.0,1
Kruskal,0.8009983498594127,0.06100742452547248,3,0.4684005296236942,47.428821325302124,1.0,0.6666666666666666,0.7142857142857143,0.0,0.0,3
GPrim,0.9820490297171107,0.3332986575438398,10,3.053655587043685,73.65860199928284,1.0,1.0,1.0,1.0,0.0,4
