models,delta,spacing,onvg,hypervolume,time,c_Prufer,c_NetKeys,c_Prim,c_Kruskal,c_GPrim,score
Prufer,0.8268451284869291,0.014712480453815964,9,0.6781782062689304,42.01231837272644,0.0,0.0,0.0,0.0,0.0,0
NetKeys,0.9478720640960548,0.008544247467634998,3,0.6952469721011159,56.022337198257446,0.8888888888888888,0.0,1.0,0.0,0.0,2
Prim,0.886554788832014,0.015824505044707976,9,0.6674670313334878,42.54834008216858,0.7777777777777778,0.0,0.0,0.0,0.0,1
Kruskal,0.8835657978872086,0.0356840989669324,6,0.7533898784406817,46.26965594291687,1.0,0.3333333333333333,0.5555555555555556,0.0,0.0,3
GPrim,0.968774226516527,0.1582586640516025,10,0.8432523720213371,74.22405695915222,1.0,1.0,1.0,1.0,0.0,4
