models,igd,delta,spacing,onvg,hypervolume,time,c_Prufer,c_NetKeys,c_Prim,c_Kruskal,c_GPrim,score
Prufer,0.04223914313368397,0.7980884923991705,0.03574025505314204,8,0.6533385284562087,17.015840530395508,0.0,0.36363636363636365,0.0,0.2222222222222222,0.0,1
NetKeys,0.04108629889611396,0.7179481859824081,0.03793032949722918,11,0.8015813141486128,21.789589881896973,0.125,0.0,0.0,0.0,0.0,0
Prim,0.04989459356693425,0.7946425010305846,0.01287980934842253,8,0.6594766195209051,17.452433347702026,0.875,0.6363636363636364,0.0,0.8888888888888888,0.05,3
Kruskal,0.046610880283328125,0.7660458453950042,0.012763553730774759,9,0.6589298461025077,20.100157737731934,0.625,0.6363636363636364,0.125,0.0,0.0,2
GPrim,0.0006267955145027402,0.5992108212107191,0.09388841760820761,20,0.824051668616205,23.900912761688232,1.0,1.0,0.25,1.0,0.0,4
