models,delta,spacing,onvg,hypervolume,time,c_Prufer,c_NetKeys,c_Prim,c_Kruskal,c_GPrim,score
Prufer,1.0,inf,1,0.27875204677084175,35.29646825790405,0.0,0.0,0.0,0.0,0.0,0
NetKeys,0.6920241623154929,0.0,2,0.5962915728528344,53.933424949645996,1.0,0.0,0.5,0.0,0.0,1
Prim,0.9576087641685185,0.0,2,0.30433074994641085,39.79183077812195,1.0,0.5,0.0,0.0,0.0,1
Kruskal,0.6730554571329816,0.0,2,0.9400931072770031,45.067967891693115,1.0,0.5,1.0,0.0,0.0,3
GPrim,0.8587537591605818,0.4162583800978907,4,2.444221939968965,74.77431201934814,1.0,1.0,1.0,1.0,0.0,4
