models,delta,spacing,onvg,hypervolume,time,c_Prufer,c_NetKeys,c_Prim,c_Kruskal,c_GPrim,score
Prufer,1.0,inf,1,0.27875204677084175,35.65659546852112,0.0,0.0,0.0,0.0,0.0,0
NetKeys,0.6920241623154929,0.0,2,0.5962915728528344,54.74420404434204,1.0,0.0,0.5,0.0,0.0,1
Prim,0.9576087641685185,0.0,2,0.30433074994641085,42.95229887962341,1.0,0.5,0.0,0.0,0.0,1
Kruskal,0.6730554571329816,0.0,2,0.9400931072770031,44.56636142730713,1.0,0.5,1.0,0.0,0.0,3
GPrim,0.8587537591605818,0.4162583800978907,4,2.444221939968965,74.62710428237915,1.0,1.0,1.0,1.0,0.0,4
