models,delta,spacing,onvg,hypervolume,time,c_Prufer,c_NetKeys,c_Prim,c_Kruskal,c_GPrim,score
Prufer,0.965024634660411,0.004548676433945405,13,0.5947719539001233,249.0532169342041,0.0,0.5,0.0,0.0,0.0,1
NetKeys,0.9476917303408042,0.009219751471687946,14,0.6757432874005543,1240.1127004623413,0.0,0.0,0.0,0.0,0.0,0
Prim,0.9688571034203144,0.017924244402194044,8,0.6026562412433631,199.03595113754272,1.0,0.5714285714285714,0.0,0.0,0.0,2
Kruskal,1.0039491732433181,0.022550834258296446,7,0.6788635303666819,403.6879439353943,0.6153846153846154,0.8571428571428571,0.375,0.0,0.0,3
GPrim,0.7416377265936528,0.002522326667386055,98,0.8030362199885261,254.7200951576233,1.0,1.0,1.0,1.0,0.0,4
