models,delta,spacing,onvg,hypervolume,time,c_A,c_B,c_C,c_D,c_E,score
A,0.9316238137365258,0.0005211860802250131,4,0.08714820649404004,21.909252405166626,0.0,0.0,0.0,0.0,0.0,0
B,0.9487179629268088,3.6866013201432625e-05,3,0.015293680474928035,50.87493920326233,1.0,0.0,0.0,0.0,0.0,1
C,0.9487179610477292,0.000586194321066862,3,0.03785931876194557,39.79220652580261,1.0,1.0,0.0,0.0,0.0,2
D,0.8974359381064952,0.00016012172727602854,5,0.06178718003186855,50.814642906188965,1.0,1.0,1.0,0.0,0.0,3
E,0.7948720110235022,0.0008120306303895981,9,0.15941212020644857,73.05398488044739,1.0,1.0,1.0,1.0,0.0,4
