models,delta,spacing,onvg,hypervolume,c_A,c_B,c_C,c_D,c_E,score
A,0.8009142175971238,0.03319322515472848,4,0.1387570653622757,0.0,0.0,0.0,0.0,0.0,0
B,0.9696669501486123,0.0023479174198697697,3,0.024350543822545326,1.0,0.0,0.0,0.0,0.0,1
C,0.9626355119382076,0.0373334607769983,3,0.06027947308797198,1.0,1.0,0.0,0.0,0.0,2
D,0.9437419949562248,0.010197809855819504,5,0.09837732895649444,1.0,1.0,1.0,0.0,0.0,3
E,0.8794117383827555,0.05171649161355525,9,0.25381541253563106,1.0,1.0,1.0,1.0,0.0,4
