models,delta,spacing,onvg,hypervolume,c_A,c_B,c_C,c_D,c_E,score
A,0.9313131264170368,1.47163279577437,6,0.16686912165220777,0.0,0.0,0.0,0.0,0.0,0
B,0.873737381792668,1.166709442333329,9,0.23775934933068613,1.0,0.0,0.36363636363636365,0.35714285714285715,0.0,2
C,0.9090909136245127,0.30154708194802315,11,0.16625518640115117,1.0,0.5555555555555556,0.0,0.2857142857142857,0.0,3
D,0.9261848406233752,0.8256853589421203,14,0.6004951138004073,1.0,0.2222222222222222,0.2727272727272727,0.0,0.0,1
E,0.8191001049380771,0.9346243796952005,23,0.3779059378749144,1.0,1.0,1.0,0.5,0.0,4
