models,delta,spacing,onvg,hypervolume,c_A,c_B,c_C,c_D,c_E,score
A,0.9342839508981732,0.009145996457221167,6,0.08389423971675694,0.0,0.0,0.0,0.0,0.0,0
B,0.940141994502579,0.012788178037551385,10,0.10044681259175853,1.0,0.0,0.3333333333333333,0.3333333333333333,0.0,3
C,0.9403636403831901,0.004934007514856059,9,0.08869322956686751,1.0,0.3,0.0,0.3333333333333333,0.0,2
D,0.8863050519005268,0.015593585811376156,12,0.1967633150964438,1.0,0.3,0.0,0.0,0.0,1
E,0.9574729117104348,0.06615614971834197,64,0.7993485606084858,1.0,1.0,1.0,1.0,0.0,4
