models,delta,spacing,onvg,hypervolume,time,c_Prufer,c_NetKeys,c_Prim,c_Kruskal,c_GPrim,score
Prufer,0.9535303354814224,0.007436110098000122,13,0.5850705213243517,250.56172680854797,0.0,0.5454545454545454,0.0,0.0,0.0,1
NetKeys,0.9663154932477279,0.024015913309285642,11,0.6722021503819209,1141.574261188507,0.0,0.0,0.0,0.0,0.0,0
Prim,0.9830921671604976,0.002584794373272483,6,0.605538918921156,189.73196029663086,1.0,0.5454545454545454,0.0,0.4,0.0,3
Kruskal,0.9325719174256015,0.006541481806148594,15,0.7215321546110599,338.44254088401794,0.7692307692307693,1.0,0.0,0.0,0.0,2
GPrim,0.7740812005746385,0.002399696890901412,96,0.8079596775529605,259.8662836551666,1.0,1.0,1.0,1.0,0.0,4
