models,delta,spacing,onvg,hypervolume,time,c_Prufer,c_NetKeys,c_Prim,c_Kruskal,c_GPrim,score
Prufer,0.9619376467808449,0.009072012044126642,9,0.5790629402331222,239.732661485672,0.0,0.26666666666666666,0.0,0.058823529411764705,0.0,0
NetKeys,0.8985855304247139,0.014250163178710517,15,0.6778229784711992,1130.4872250556946,0.5555555555555556,0.0,0.0,0.0,0.0,1
Prim,0.9461493751831268,0.006135257692692517,14,0.6088430280802399,193.3434236049652,0.8888888888888888,0.4666666666666667,0.0,0.058823529411764705,0.0,2
Kruskal,0.9669702467334857,0.023276298913313627,17,0.7303052297877008,341.5034704208374,0.6666666666666666,1.0,0.21428571428571427,0.0,0.0,3
GPrim,0.7630735617360944,0.0027412451389611414,99,0.7481849309947632,251.29935956001282,1.0,1.0,1.0,0.9411764705882353,0.0,4
