models,delta,spacing,onvg,hypervolume,c_A,c_B,c_C,c_D,c_E,score
A,0.9191919229074617,0.8944284714415558,5,0.147283036780885,0.0,0.0,0.0,0.0,0.0,0
B,0.861340688158555,1.0730906447356763,12,0.2570521893164428,1.0,0.0,0.125,0.35294117647058826,0.0,1
C,0.9408369438879572,1.7268612974805813,8,0.19424097578481608,1.0,0.5833333333333334,0.0,0.17647058823529413,0.0,3
D,0.8446969690913616,0.3930080863293169,17,0.44221171342283694,1.0,0.4166666666666667,0.125,0.0,0.0,2
E,0.754747493231073,0.4296740376211861,26,0.4361165788027935,1.0,1.0,1.0,0.7647058823529411,0.0,4
