models,delta,spacing,onvg,hypervolume,time,c_Prufer,c_NetKeys,c_Prim,c_Kruskal,c_GPrim,score
Prufer,0.9329789283300407,0.018216129181188076,5.5,0.5000681636888926,22.094298553466796,0.0,0.0,0.0,0.0,0.0,0.0
NetKeys,0.9035425272505704,0.008797064054950144,7.8,0.6105453388813269,23.734411334991456,1.0,0.0,0.23857142857142857,0.12426767676767674,0.024523809523809524,1.4
Prim,0.8952540597608701,0.00517547733584515,8.5,0.6027855564710277,27.24915862083435,1.0,0.5228174603174603,0.0,0.25517676767676767,0.05005012531328321,2.0
Kruskal,0.8827876925313403,0.009033044644819034,9.6,0.6380661274184731,32.39605927467346,1.0,0.7061507936507937,0.4735714285714286,0.0,0.03981203007518797,2.6
GPrim,0.7351065769347291,0.007269904133133451,19.9,0.755164018885633,39.37705361843109,1.0,0.9291666666666668,0.8438492063492063,0.8758333333333332,0.0,4.0
