models,delta,spacing,onvg,hypervolume,c_A,c_B,c_C,c_D,c_E,score
A,0.9773775707444127,0.010448169996230992,4,0.026083929576248277,0.0,0.0,0.0,0.0,0.0,0
B,0.974576476454115,0.0025501954663724982,10,0.03687081490531639,1.0,0.0,0.8,0.8,0.0,3
C,0.9754336631202624,0.007617588383279545,5,0.030656324826877468,1.0,0.0,0.0,0.0,0.0,1
D,0.9736434645003452,0.020792071536771452,5,0.07119826446736377,1.0,0.0,0.4,0.0,0.0,2
E,0.9439515702075101,0.0020008863791205157,25,0.0848448209814657,1.0,1.0,1.0,1.0,0.0,4
