models,delta,spacing,onvg,hypervolume,time,c_A,c_B,c_C,c_D,c_E,score
A,0.9932998238395452,2.499753598415353,4,0.4158194673970015,170.83458638191223,0.0,0.0,0.0,0.0,0.0,0
B,0.9614740458660483,0.31625595158052394,10,0.5877796354113327,1399.583130121231,1.0,0.0,0.8,0.8,0.0,3
C,0.9623115642572091,1.095563322511101,5,0.4887107452348509,292.25756788253784,1.0,0.0,0.0,0.0,0.0,1
D,0.9698492503392677,2.0007954128555503,5,1.1350139680398685,607.1703805923462,1.0,0.0,0.4,0.0,0.0,2
E,0.8994975218765566,0.40000005217866286,25,1.3525618587788497,479.5340766906738,1.0,1.0,1.0,1.0,0.0,4
