models,igd,delta,spacing,onvg,hypervolume,c_A,c_B,c_C,c_D,c_E,score
A,0.680073536947156,0.7894736844961671,0.8944187523962562,5,0.016349850629628876,0.0,0.0,0.0,0.0,0.0,0
B,0.8645808289915875,0.6315789746715973,0.00020380121302202245,8,0.019824082073490838,1.0,0.0,0.4444444444444444,0.09090909090909091,0.0,2
C,0.3968627125989459,0.6184210656356023,0.44090808015101607,9,0.024460321843395832,1.0,0.25,0.0,0.09090909090909091,0.0,1
D,0.4183300271419636,0.5157895076542308,8.984851312268429e-05,11,0.024534400278306327,1.0,0.75,0.6666666666666666,0.0,0.0,3
E,6.650614577910949e-05,6.1932128771860816e-06,0.0004571108045608003,20,0.06289744162015815,1.0,1.0,1.0,1.0,0.0,4
