models,delta,spacing,onvg,hypervolume,time,c_Prufer,c_NetKeys,c_Prim,c_Kruskal,c_GPrim,score
Prufer,0.9339136321077444,0.016382576617092727,10,0.513453466671735,630.3336868286133,0.0,0.09090909090909091,0.0,0.0,0.0,0
NetKeys,0.990098844241004,0.03935208593020806,11,0.6369816401585989,1431.5519495010376,0.9,0.0,0.0,0.4,0.0,2
Prim,0.9867003472251848,0.019608022399414962,3,0.5255114119847261,290.1698708534241,0.9,0.18181818181818182,0.0,0.2,0.0,3
Kruskal,1.005094555579925,0.002313080874918663,10,0.6133627517543269,468.5033600330353,1.0,0.18181818181818182,0.0,0.0,0.0,1
GPrim,0.9379547799442155,0.003161503102729343,20,0.7619766319301207,480.6357002258301,1.0,1.0,1.0,1.0,0.0,4
