models,delta,spacing,onvg,hypervolume,c_A,c_B,c_C,c_D,c_E,score
A,0.9639914348646081,0.006938389159760593,5,0.037809397842386905,0.0,0.0,0.0,0.0,0.0,0
B,0.9394521282884051,0.006304484390340953,12,0.07856696057285072,1.0,0.0,0.7777777777777778,1.0,0.0,3
C,0.9532548393512916,0.005197535711836238,9,0.057866273193871165,1.0,0.0,0.0,0.0,0.0,1
D,0.9581182295964485,0.00819916001399502,8,0.07898836161143827,1.0,0.0,0.7777777777777778,0.0,0.0,2
E,0.9073784375262088,0.0032795047158032265,31,0.15930864203261294,1.0,1.0,1.0,1.0,0.0,4
