models,delta,spacing,onvg,hypervolume,time,c_A,c_B,c_C,c_D,c_E,score
A,0.9578779202540518,0.008019339382044936,9,0.07277456028904244,656.3661489486694,0.0,0.0,0.2222222222222222,0.0,0.0,0
B,0.9394521282884051,0.006304484390340953,12,0.07856696057285072,1422.7754218578339,1.0,0.0,0.7777777777777778,0.7272727272727273,0.0,3
C,0.9532548393512916,0.005197535711836238,9,0.057866273193871165,296.746374130249,0.3333333333333333,0.0,0.0,0.0,0.0,1
D,0.9581606926279278,0.00492334432493193,11,0.09881021001430451,461.73995637893677,1.0,0.0,0.7777777777777778,0.0,0.0,2
E,0.9073784375262088,0.0032795047158032265,31,0.15930864203261294,502.1810441017151,1.0,1.0,1.0,1.0,0.0,4
