models,delta,spacing,onvg,hypervolume,time,c_Prufer,c_NetKeys,c_Prim,c_Kruskal,c_GPrim,score
Prufer,0.928728184744251,0.0037014252109716815,4,0.6100706821139441,23.488879680633545,0.0,0.0,0.0,0.0,0.0,0
NetKeys,0.9237636241089071,0.002546027780568063,6,0.6406785695213455,23.934169054031372,1.0,0.0,0.4,0.5,0.0,3
Prim,0.8702588347935818,0.00983716683389719,10,0.6670028734748777,27.66059184074402,1.0,0.3333333333333333,0.0,0.16666666666666666,0.0,1
Kruskal,0.9237469152656144,0.0027481948664505543,6,0.6398970859616467,31.14234161376953,1.0,0.16666666666666666,0.4,0.0,0.0,2
GPrim,0.7276706818430264,0.031061974074333174,24,0.8242497844593287,40.91574811935425,1.0,1.0,1.0,1.0,0.0,4
