models,delta,spacing,onvg,hypervolume,time,c_Prufer,c_NetKeys,c_Prim,c_Kruskal,c_GPrim,score
Prufer,0.8692252801280305,0.004661528976912931,9,0.4333001082172444,21.823547840118408,0.0,0.0,0.0,0.0,0.0,0
NetKeys,0.8479061914716411,0.037613678244705205,7,0.5346973139011458,23.82657527923584,1.0,0.0,0.0,0.0,0.0,1
Prim,0.8921011146888929,0.008610077536717508,8,0.4961758293996607,27.142158031463623,1.0,0.2857142857142857,0.0,0.18181818181818182,0.0,2
Kruskal,0.7989495596348308,0.025209222873077874,11,0.5674891418337834,33.06286597251892,1.0,1.0,0.625,0.0,0.0,3
GPrim,0.7387135528993981,0.024157480576341598,20,0.6536975446249621,39.232471227645874,1.0,1.0,1.0,1.0,0.0,4
