models,delta,spacing,onvg,hypervolume,time,c_Prufer,c_NetKeys,c_Prim,c_Kruskal,c_GPrim,score
Prufer,0.9675505943859085,0.03824703478845626,3,0.4834914032254406,23.054795503616333,0.0,0.0,0.0,0.0,0.0,0
NetKeys,0.8948814673194914,0.005795038275949913,8,0.6024358402434472,24.70145869255066,1.0,0.0,0.5,0.2222222222222222,0.0,2
Prim,0.8920660722850281,0.007724031577565816,8,0.6208382964324727,27.59307360649109,1.0,0.375,0.0,0.2222222222222222,0.0,1
Kruskal,0.8763214943299167,0.0028403503137679827,9,0.5836290672159072,33.99789905548096,1.0,0.5,0.375,0.0,0.0,3
GPrim,0.8363782794210779,0.004077309168974049,12,0.6958811455836589,42.380045890808105,1.0,1.0,1.0,1.0,0.0,4
