models,delta,spacing,onvg,hypervolume,c_A,c_B,c_C,c_D,c_E,score
A,0.9597989963174426,0.51637540485773,6,0.22389322093442243,0.0,0.0,0.0,0.0,0.0,0
B,0.9626704924191157,0.5935924260910641,15,1.054775414439207,0.6666666666666666,0.0,0.0,0.0,0.0,1
C,0.9587939717920482,1.2247465775873208,6,0.2663296006056328,1.0,0.26666666666666666,0.0,0.14285714285714285,0.0,3
D,0.9489756515466597,0.9607970261622516,14,0.9876638150379408,1.0,1.0,0.0,0.0,0.0,2
E,0.5538562651987707,0.48262025350085785,70,2.679944207628075,1.0,0.8,1.0,0.35714285714285715,0.0,4
