models,delta,spacing,onvg,hypervolume,c_A,c_B,c_C,c_D,c_E,score
A,0.9597989963174426,0.51637540485773,6,0.22389322093442243,0.0,0.0,0.0,0.0,0.0,0
B,0.902847536656747,0.9998683868530921,13,1.3013262719079959,0.16666666666666666,0.0,0.0,0.0,0.0,1
C,0.944005745282998,0.6409149835318702,8,0.333912636550346,1.0,0.38461538461538464,0.0,0.07142857142857142,0.0,2
D,0.9381523030863198,3.0063734598540015,14,0.8801126242242794,1.0,1.0,0.5,0.0,0.0,3
E,0.8700021905371751,0.46431299491176947,24,0.9091242010121361,1.0,0.5384615384615384,1.0,0.14285714285714285,0.0,4
