models,igd,delta,spacing,onvg,hypervolume,time,c_Prufer,c_NetKeys,c_Prim,c_Kruskal,c_GPrim,score
Prufer,0.044052768026186365,0.8117901634131226,0.03479686864054804,8,0.6549154856303733,16.994186639785767,0.0,0.0,0.0,0.25,0.0,0
NetKeys,0.05125729250712391,0.7836196520610057,0.028988092288518737,8,0.7361734820986787,22.700563669204712,0.375,0.0,0.25,0.625,0.05,2
Prim,0.04977807090495485,0.794980881011997,0.0006217702814027429,8,0.6575187542262076,17.52844524383545,1.0,0.5,0.0,0.75,0.05,3
Kruskal,0.049774568590720075,0.7945203591492656,0.001228650155585439,8,0.6572482896254265,19.804693937301636,0.75,0.25,0.0,0.0,0.0,1
GPrim,0.0003960131824055506,0.5981841940996837,0.09303600216042728,20,0.8251593851706834,24.205199003219604,1.0,0.875,0.75,0.75,0.0,4
