models,igd,delta,spacing,onvg,hypervolume,time,c_Prufer,c_NetKeys,c_Prim,c_Kruskal,c_GPrim,score
Prufer,0.045710804244888936,0.7316572464400315,0.03686996515531022,9,0.9991237817518,17.807626247406006,0.0,0.2,0.0,0.16666666666666666,0.0,0
NetKeys,0.04059387817092463,0.7626549665890887,0.025842110824270095,10,1.2687075261753953,24.52890133857727,0.5555555555555556,0.0,0.08333333333333333,0.16666666666666666,0.0,1
Prim,0.05383683256195161,0.6736959898675988,0.0007869560759513866,12,0.8487822724323087,17.181443691253662,0.7777777777777778,0.4,0.0,0.3333333333333333,0.05,3
Kruskal,0.04334191508165562,0.6931200393946563,0.029357645905789688,12,1.0226691017724774,21.15587544441223,0.7777777777777778,0.4,0.08333333333333333,0.0,0.0,2
GPrim,0.011064093064900521,0.6440702658842693,0.11747759480817854,20,1.4376286956366597,25.12256669998169,1.0,0.9,0.08333333333333333,0.5,0.0,4
