models,igd,delta,spacing,onvg,hypervolume,time,c_Prufer,c_NetKeys,c_Prim,c_Kruskal,c_GPrim,score
Prufer,0.09302957577995509,0.7945680373012408,0.034058652669714806,8,0.5855700204442357,16.994186639785767,0.0,0.0,0.0,0.25,0.0,0
NetKeys,0.08176897018060053,0.7463907627329374,0.0735776109261449,8,0.6379995571677061,22.700563669204712,0.375,0.0,0.25,0.625,0.05,2
Prim,0.09650139802903047,0.8101692873143908,0.0015781780806807598,8,0.5921776399444815,17.52844524383545,1.0,0.5,0.0,0.75,0.05,3
Kruskal,0.09648987734792373,0.8082334803159951,0.003118561311736171,8,0.5914911463674809,19.804693937301636,0.75,0.25,0.0,0.0,0.0,1
GPrim,0.001005161138810113,0.9110026569489484,0.23614409326946723,20,2.480506318394655,24.205199003219604,1.0,0.875,0.75,0.75,0.0,4
