models,igd,delta,spacing,onvg,hypervolume,time,c_A,c_B,c_C,c_D,c_E,score
A,0.06025315644833722,0.8516257327692388,0.04085086204345786,5,0.15360610444869532,12.375245094299316,0.0,0.0,0.0,0.0,0.0,0
B,0.04059387817092463,0.7626549665890887,0.025842110824270095,10,0.3773604980959735,24.52890133857727,1.0,0.0,0.08333333333333333,0.125,0.0,1
C,0.05383683256195161,0.6736959898675988,0.0007869560759513866,12,0.27075970547362815,17.181443691253662,1.0,0.4,0.0,0.375,0.05,3
D,0.056305977862549664,0.7922678359536429,0.023247358803500158,8,0.20719858743333916,20.590025186538696,1.0,0.5,0.08333333333333333,0.0,0.05,2
E,0.011064093064900521,0.6440702658842693,0.11747759480817854,20,0.8062254066306345,25.12256669998169,1.0,0.9,0.08333333333333333,0.625,0.0,4
