models,delta,spacing,onvg,hypervolume,time,c_Prufer,c_NetKeys,c_Prim,c_Kruskal,c_GPrim,score
Prufer,0.9564447747472916,0.005751455639936716,13,0.5984369790942268,239.96427059173584,0.0,0.3333333333333333,0.0,0.0,0.0,1
NetKeys,1.0093221366283491,0.0924191639724,12,0.6583427810106627,1136.1365852355957,0.07692307692307693,0.0,0.0,0.0,0.0,0
Prim,0.9989784268593076,0.006799330529460549,6,0.6047626423166725,188.98659586906433,1.0,0.4166666666666667,0.0,0.13333333333333333,0.0,2
Kruskal,0.9475227488680811,0.011484399711838383,15,0.7454022507609463,342.2996048927307,0.6923076923076923,1.0,0.16666666666666666,0.0,0.0,3
GPrim,0.7485175300640571,0.0026632566307783815,99,0.7911735019368434,250.79678750038147,1.0,1.0,1.0,1.0,0.0,4
