models,delta,spacing,onvg,hypervolume,time,c_Prufer,c_NetKeys,c_Prim,c_Kruskal,c_GPrim,score
Prufer,0.9320323153155039,0.014478750340791983,10,0.5432467512680773,650.7194993495941,0.0,0.0,0.0,0.0,0.0,0
NetKeys,0.952098817908814,0.0061641056130009066,16,0.691633699635366,1400.4685513973236,1.0,0.0,0.8333333333333334,0.0,0.0,2
Prim,0.9849797486339518,0.0034025047333858917,6,0.5923404543065564,290.397766828537,0.8,0.0,0.0,0.0,0.0,1
Kruskal,0.9941244498835917,0.051913771707607505,3,0.6714010325792716,459.44491505622864,0.7,0.5625,0.5,0.0,0.0,3
GPrim,0.9461345007658798,0.002799313264935811,26,0.804102947834832,483.91088128089905,1.0,1.0,1.0,1.0,0.0,4
