models,delta,spacing,onvg,hypervolume,time,c_Prufer,c_NetKeys,c_Prim,c_Kruskal,c_GPrim,score
Prufer,0.9487131640241498,0.018232043016436283,7,0.5429084750911828,589.7301361560822,0.0,0.0,0.0,0.0,0.0,0
NetKeys,0.9762518871651079,0.0048413313695305675,10,0.6368586681034019,1364.2003815174103,0.8571428571428571,0.0,0.16666666666666666,0.5,0.0,2
Prim,0.9851567572376322,0.002893560844530968,6,0.5485427012625854,287.96576857566833,1.0,0.3,0.0,0.5,0.0,3
Kruskal,0.936854071595207,0.012298908568816417,4,0.6173789130964125,455.80065059661865,0.7142857142857143,0.1,0.0,0.0,0.0,1
GPrim,0.9516668639051974,0.0020533095309641643,20,0.7720034240475615,446.8732032775879,1.0,1.0,1.0,1.0,0.0,4
