models,delta,spacing,onvg,hypervolume,time,c_A,c_B,c_C,c_D,c_E,score
A,0.8974358994217916,0.958232843146491,4,0.07333077855463005,21.76539182662964,0.0,0.0,0.0,0.0,0.0,0
B,0.9487179628751846,0.0001270482048372944,3,0.0194510415406803,52.91216158866882,1.0,0.0,0.5714285714285714,0.3333333333333333,0.0,3
C,0.8974359090991797,1.13389545968019,7,0.07857002305149276,39.31728506088257,1.0,0.0,0.0,0.0,0.0,1
D,0.9487177662518887,2.308067255046808,3,0.09284130956928552,52.00108456611633,1.0,0.0,0.42857142857142855,0.0,0.0,2
E,0.7948733992027283,0.0025229221211320084,9,0.30907728056884115,71.28195905685425,1.0,1.0,1.0,1.0,0.0,4
