models,delta,spacing,onvg,hypervolume,c_A,c_B,c_C,c_D,c_E,score
A,0.905111859553378,0.08159351836981113,4,0.11675700559216023,0.0,0.0,0.0,0.0,0.0,0
B,0.9691363561796678,0.00809142804974097,3,0.030969879369911052,1.0,0.0,0.5714285714285714,0.3333333333333333,0.0,3
C,0.923966085367297,0.028894830172425487,7,0.12509891210230553,1.0,0.0,0.0,0.0,0.0,1
D,0.8468326533569338,0.02721322107232396,3,0.14782160389159166,1.0,0.0,0.42857142857142855,0.0,0.0,2
E,0.9562977223101351,0.1606795062109678,9,0.49211175016915665,1.0,1.0,1.0,1.0,0.0,4
