models,igd,delta,spacing,onvg,hypervolume,c_A,c_B,c_C,c_D,c_E,score
A,0.05656150661739899,0.8933018778819541,0.043789995997802096,5,0.12598503445958215,0.0,0.0,0.0,0.0,0.0,0
B,0.03562365857361318,0.7150662205657224,0.034777464950547524,10,0.30853181405893604,1.0,0.0,0.0,0.0,0.0,1
C,0.044198370171941344,0.7832681623318881,0.05010042566610911,9,0.2643043152399744,1.0,0.9,0.0,0.125,0.0,2
D,0.03881603205906277,0.7414585423529606,0.03200050822943666,8,0.3106275950143892,1.0,0.8,0.5555555555555556,0.0,0.1,3
E,0.016977827532373403,0.644020177655861,0.11759896512916068,20,0.8065115265277689,1.0,1.0,0.8888888888888888,0.625,0.0,4
