models,igd,delta,spacing,onvg,hypervolume,c_A,c_B,c_C,c_D,c_E,score
A,0.8602325386361912,0.8157894828468887,0.4472971857455941,5,0.009827155657802657,0.0,0.0,0.0,0.0,0.0,0
B,0.6538348514499507,0.6691729466125933,0.3535145165772024,8,0.018742270341084284,1.0,0.0,0.1,0.36363636363636365,0.0,1
C,0.6204836903975267,0.526315853354402,0.00037697746908598416,10,0.02697057831416571,1.0,0.875,0.0,0.7272727272727273,0.05,3
D,0.49244289795608803,0.5157894962399583,0.0002033279660789142,11,0.028636436543878194,1.0,0.75,0.2,0.0,0.0,2
E,6.647570282798077e-05,6.428614744876914e-06,0.0004586263550337928,20,0.06290563730535752,1.0,1.0,0.7,1.0,0.0,4
