models,delta,spacing,onvg,hypervolume,c_A,c_B,c_C,c_D,c_E,c_F,score
A,0.768225143496318,0.0987218217021576,6,0.8875489746941572,0.0,0.0,0.0,0.0,0.0,0.0,0
B,0.40269643857858317,0.1689462468516812,13,3.6153700207056687,1.0,0.0,0.3076923076923077,0.15384615384615385,0.05,0.0,2
C,0.37713430350454763,0.0034942542346552675,13,-1.8013598580505388,1.0,0.23076923076923078,0.0,0.0,0.0,0.0,1
D,0.4287202168131305,0.14773707594579324,13,3.381780822033736,1.0,0.6153846153846154,0.38461538461538464,0.0,0.05,0.2,3
E,0.28239014187913875,0.45863160304762557,20,26.302142447110494,1.0,0.6153846153846154,0.46153846153846156,0.46153846153846156,0.0,0.4,5
F,0.2823690597637045,0.45858907541398836,20,26.29061772510114,1.0,0.6923076923076923,0.38461538461538464,0.3076923076923077,0.05,0.0,4
