models,igd,delta,spacing,onvg,hypervolume,c_A,c_B,c_C,c_D,c_E,score
A,0.6782330090435471,0.8000000046767785,0.00010077365228133526,6,0.01530921417134536,0.0,0.0,0.0,0.0,0.0,0
B,0.888819448722607,0.7684210654375955,9.655947519329135e-05,6,0.014238524089380243,0.8333333333333334,0.0,0.2857142857142857,0.3333333333333333,0.0,1
C,0.8046738564660109,0.684210545528147,6.906136586958105e-05,7,0.0128462783521406,1.0,0.5,0.0,0.1111111111111111,0.05,2
D,0.7245688425703792,0.6184210737463856,0.3332917280091446,9,0.02387317701012242,0.8333333333333334,0.3333333333333333,0.5714285714285714,0.0,0.15,2
E,7.257005653490568e-05,6.0766752729543595e-06,0.00045901769648403607,20,0.06292256849639252,1.0,1.0,0.7142857142857143,0.5555555555555556,0.0,4
