models,delta,spacing,onvg,hypervolume,c_A,c_B,c_C,c_D,c_E,score
A,0.7184433323491136,0.10322913923632793,7,0.25384045669280875,0.0,0.0,0.0,0.0,0.0,0
B,0.5940651651961324,0.3384344720031393,10,5.232984796903736,1.0,0.0,0.4444444444444444,0.18181818181818182,0.05263157894736842,2
C,0.5836058887530656,0.00594558499284998,9,-0.615201815114581,1.0,0.3,0.0,0.09090909090909091,0.05263157894736842,1
D,0.5279395639080567,0.13324853867247444,11,3.7830204750522647,1.0,0.7,0.7777777777777778,0.0,0.21052631578947367,3
E,0.152978052041841,0.15009629746077774,19,8.901308789017456,1.0,0.9,0.7777777777777778,0.45454545454545453,0.0,4
