models,delta,spacing,onvg,hypervolume,c_A,c_B,c_C,c_D,c_E,c_F,score
A,0.719298254188419,0.00010322913923633475,7,0.01529025898669281,0.0,0.0,0.0,0.0,0.0,0.0,0
B,0.5847953404891356,0.31619219510438823,10,0.02886164248690374,1.0,0.0,0.4444444444444444,0.18181818181818182,0.05263157894736842,0.05,2
C,0.5789473941254734,5.945584992782675e-06,9,0.01656927650488542,1.0,0.3,0.0,0.09090909090909091,0.05263157894736842,0.0,1
D,0.5157895076597726,0.0001332485386724443,11,0.027411678165052265,1.0,0.7,0.7777777777777778,0.0,0.21052631578947367,0.05,3
E,0.05263290043236444,0.00015009629746074897,19,0.04357952512217997,1.0,0.9,0.7777777777777778,0.45454545454545453,0.0,0.1,4
F,5.63667406790902e-06,0.0004587609473940385,20,0.06298321483443273,1.0,0.9,0.7777777777777778,0.6363636363636364,0.3157894736842105,0.0,5
