models,igd,delta,spacing,onvg,hypervolume,c_A,c_B,c_C,c_D,c_E,score
A,0.6204836971479444,0.7543859765998118,1.5000925924899202,4,0.01578033608957584,0.0,0.1111111111111111,0.16666666666666666,0.0,0.0,0
B,0.6519202504640814,0.578947393241382,9.665803028569003e-05,9,0.018707632590054903,0.75,0.0,0.3333333333333333,0.1,0.0,1
C,0.8587782120250891,0.7368421186694653,7.790793087652713e-05,6,0.010979068156561009,0.75,0.4444444444444444,0.0,0.3,0.0,2
D,0.5147815186363919,0.5672514908075185,0.3162069850036793,10,0.02254061185628748,1.0,0.8888888888888888,0.6666666666666666,0.0,0.0,3
E,6.72377244450808e-05,5.7869799091359925e-06,0.00045894664205413773,20,0.06295154972983338,1.0,1.0,0.8333333333333334,0.9,0.0,4
