models,igd,delta,spacing,onvg,hypervolume,c_A,c_B,c_C,c_D,c_E,c_F,score
A,0.6204836971479444,0.7543859765998118,1.5000925924899202,4,0.01578033608957584,0.0,0.0,0.0,0.0,0.0,0.0,0
B,0.5500000132448543,0.5263158215846707,5.737203825476544e-05,10,0.01933197521263213,1.0,0.0,0.1,0.07692307692307693,0.0,0.0,1
C,0.5500000127152477,0.5263158217334917,8.056850991499997e-05,10,0.019732712911737386,1.0,0.8,0.0,0.15384615384615385,0.1,0.0,2
D,0.3872983437397325,0.3684211082760864,0.00017386411519020996,13,0.03086961298872548,1.0,0.7,0.4,0.0,0.15,0.0,3
E,6.663664194146506e-05,6.4907484803303505e-06,0.00045631413625494925,20,0.06284343443569816,1.0,1.0,0.4,0.5384615384615384,0.0,0.0,4
F,6.62906149706799e-05,6.492419673531427e-06,0.00045869203807203664,20,0.06288875675632673,1.0,1.0,0.7,0.6923076923076923,0.4,0.0,5
