models,igd,delta,spacing,onvg,hypervolume,time,c_Prufer,c_NetKeys,c_Prim,c_Kruskal,c_GPrim,score
Prufer,0.0825878212503512,0.8193498112099141,0.11329890765494265,7,0.6104279551579701,16.976704835891724,0.0,0.2222222222222222,0.36363636363636365,0.0,0.05,0
NetKeys,0.06751195699283428,0.7338520288084783,0.13162755744590438,9,0.6523621122790032,23.327566146850586,0.42857142857142855,0.0,0.5454545454545454,0.125,0.05,2
Prim,0.07975921477636222,0.7153302710958015,0.04635280311584254,11,0.6448317590748027,17.351176977157593,0.5714285714285714,0.2222222222222222,0.0,0.125,0.0,1
Kruskal,0.09634653332020969,0.8106563506360178,0.002287489923543712,8,0.5928841256126397,20.45312762260437,0.7142857142857143,0.3333333333333333,0.6363636363636364,0.0,0.05,3
GPrim,0.0012239124014685834,0.9085415016139021,0.23515586701378313,20,2.4740981146250722,23.974146842956543,0.8571428571428571,0.7777777777777778,1.0,0.5,0.0,4
