models,igd,delta,spacing,onvg,hypervolume,time,c_A,c_B,c_C,c_D,c_E,score
A,0.06326791448036564,0.8512484505485459,0.025181403065452482,5,0.12632776999177475,14.081330299377441,0.0,0.0,0.0,0.0,0.0,0
B,0.04598564538986545,0.7201297170416224,0.019939505240715815,11,0.29684779652434123,25.211375951766968,1.0,0.0,0.08333333333333333,0.25,0.0,2
C,0.046652793067590466,0.6773536781505225,0.019659790153329918,12,0.2997665758149956,18.518938302993774,1.0,0.18181818181818182,0.0,0.0,0.0,2
D,0.056433718994755556,0.7923042795405264,0.02244970607192825,8,0.20612538393836627,21.212733268737793,1.0,0.18181818181818182,0.3333333333333333,0.0,0.05,2
E,0.011052562073569883,0.6428603635757916,0.11770037481693582,20,0.8066897887599881,25.428287982940674,1.0,0.36363636363636365,0.25,0.5,0.0,4
