models,delta,spacing,onvg,hypervolume,time,c_A,c_B,c_C,c_D,c_E,score
A,0.9798994981445375,1.3416040909160771,5,0.32291262008770616,119.65183997154236,0.0,0.0,0.0,0.0,0.0,0
B,0.9396984925736118,0.22357170039168997,20,0.9618720501829818,1144.983030796051,1.0,0.0,0.0,0.0,0.0,1
C,0.9638190971973042,0.8201875904764918,11,0.5421618267604433,188.00442576408386,1.0,0.45,0.0,0.125,0.0,3
D,0.958793969767775,0.8061806011202318,16,1.2029560159083332,408.5234363079071,1.0,1.0,0.0,0.0,0.0,2
E,0.5739924505932659,0.5019033004270358,99,3.0469843289735556,255.87297010421753,1.0,1.0,1.0,0.5625,0.0,4
