models,delta,spacing,onvg,hypervolume,time,c_Prufer,c_NetKeys,c_Prim,c_Kruskal,c_GPrim,score
Prufer,0.9525326817485402,inf,4.3,0.9477990695757672,37.50944278240204,0.0,0.0,0.016666666666666666,0.0,0.0,0.0
NetKeys,0.8981435309027714,0.11517187961723234,4.3,0.6583938829678049,50.54341588020325,0.975,0.0,0.5523015873015873,0.41666666666666663,0.0,2.3
Prim,0.8926192433264963,0.09652513212344707,6.2,0.5973027530790352,41.9386825799942,0.9607142857142857,0.195,0.0,0.175,0.0,1.5
Kruskal,0.8400636452883331,0.07486273925168951,3.2,0.4702886857783478,46.49957699775696,0.9099999999999999,0.3066666666666667,0.3435714285714286,0.0,0.0,2.0
GPrim,1.0024590895376642,0.4351278188425155,9.1,3.6705870318522864,73.63233926296235,1.0,1.0,1.0,1.0,0.0,4.0
