models,delta,spacing,onvg,hypervolume,c_A,c_B,c_C,c_D,c_E,score
A,0.5895894167283146,0.8537416868384596,7,0.9249854664607646,0.0,0.0,0.0,0.0,0.0,0
B,0.6204653505831736,0.09960897534683387,9,0.753969570957139,1.0,0.0,0.42857142857142855,0.2727272727272727,0.05555555555555555,2
C,0.7169145650490321,0.2746250605283665,7,2.3761768619662123,1.0,0.3333333333333333,0.0,0.09090909090909091,0.0,1
D,0.5493571024885207,0.12716831111092378,11,3.0948336142541635,1.0,0.4444444444444444,0.5714285714285714,0.0,0.0,3
E,0.231655138126204,0.21777489275365453,18,11.613806195831266,1.0,0.8888888888888888,1.0,1.0,0.0,4
