models,delta,spacing,onvg,hypervolume,c_A,c_B,c_C,c_D,c_E,c_F,score
A,0.5894737120177358,0.7529306210467339,6,0.047833293493679,0.0,0.0,0.0,0.0,0.0,0.0,0
B,0.6766917882855421,0.00012492608454616605,8,0.038169244748384006,1.0,0.0,0.5,0.1,0.0,0.0,2
C,0.5263158941491415,0.0001916044371562895,10,0.03956458566924328,1.0,0.25,0.0,0.2,0.0,0.0,1
D,0.5847954265492323,0.31623334088218197,10,0.049910006627582895,1.0,0.625,0.7,0.0,0.1,0.0,3
E,6.885833877401051e-06,0.0009105312063891475,20,0.12661923571218836,1.0,0.875,1.0,0.8,0.0,0.35,5
F,6.831246194773712e-06,0.0009082471629764616,20,0.12662977951374896,1.0,0.875,1.0,0.8,0.3,0.0,4
