models,igd,delta,spacing,onvg,hypervolume,c_A,c_B,c_C,c_D,c_E,score
A,0.5024938162603625,0.5964912470448335,0.7559147193147042,7,0.04653384095646077,0.0,0.0,0.0,0.0,0.0,0
B,0.5267827011994924,0.6184211251497472,9.960897534678934e-05,9,0.03807030588095715,1.0,0.0,0.42857142857142855,0.2727272727272727,0.0,2
C,0.700000009447333,0.7192982895488762,0.00027462506052839726,7,0.03139999399196621,1.0,0.3333333333333333,0.0,0.09090909090909091,0.0,1
D,0.33911650835412577,0.5368422240796521,0.0001271683111109657,11,0.05284994869425416,1.0,0.4444444444444444,0.5714285714285714,0.0,0.0,3
E,0.0002566621350642484,6.813082799529765e-06,0.0009102735467430628,20,0.12681339790680446,1.0,0.8888888888888888,1.0,1.0,0.0,4
