models,delta,spacing,onvg,hypervolume,c_A,c_B,c_C,c_D,c_E,c_F,score
A,0.5930245268197656,1.0727094316701589,6,2.2244380036789977,0.0,0.0,0.0,0.0,0.0,0.0,0
B,0.6760325985623854,0.12492608454619245,8,0.8529084383840022,1.0,0.0,0.5,0.1,0.0,0.0,2
C,0.5496182180370561,0.19160443715628533,10,2.248249359243271,1.0,0.25,0.0,0.2,0.0,0.0,1
D,0.5943613194720028,0.37662495462463325,10,4.301151137582892,1.0,0.625,0.7,0.0,0.1,0.0,3
E,0.48272983873049785,0.9105312063891691,20,53.983878001910725,1.0,0.875,1.0,0.8,0.0,0.35,5
F,0.47975723517902286,0.9082471629764555,20,53.99442180347131,1.0,0.875,1.0,0.8,0.3,0.0,4
