models,delta,spacing,onvg,hypervolume,time,c_Prufer,c_NetKeys,c_Prim,c_Kruskal,c_GPrim,score
Prufer,0.9864557705867685,0.028588056232478842,5,0.4197037295720799,236.09859919548035,0.0,0.2857142857142857,0.0,0.0,0.0,1
NetKeys,0.8156920242889533,0.015022436559292791,28,0.6244845825744099,1176.696540594101,0.0,0.0,0.0,0.0,0.0,0
Prim,1.004090782818511,8.997130516663827e-05,4,0.53349931518649,185.74384331703186,1.0,0.42857142857142855,0.0,0.25,0.0,3
Kruskal,1.0001581959329422,0.026936382097480175,4,0.5769668151774944,342.5219461917877,1.0,0.5714285714285714,0.0,0.0,0.0,2
GPrim,0.7859802231616357,0.0019427696861579213,92,0.7142084747495648,279.0004951953888,1.0,1.0,1.0,1.0,0.0,4
