models,delta,spacing,onvg,hypervolume,time,c_Prufer,c_NetKeys,c_Prim,c_Kruskal,c_GPrim,score
Prufer,0.9746942032579273,0.005307849275650684,9,0.5949821363386972,249.5524365901947,0.0,0.21428571428571427,0.0,0.0,0.0,0
NetKeys,0.9271484332350514,0.009946376609886695,14,0.6896916778739718,1232.9472889900208,0.2222222222222222,0.0,0.0,0.0,0.0,1
Prim,0.9573226438270538,0.005929899261215103,13,0.6075541952201915,202.0528826713562,1.0,0.5,0.0,0.125,0.0,2
Kruskal,0.9942428115900259,0.029391888098134422,8,0.6835526754477895,414.7110662460327,0.8888888888888888,0.7857142857142857,0.23076923076923078,0.0,0.0,3
GPrim,0.7555435011829327,0.002172223200894822,98,0.7786419930938256,261.81526136398315,1.0,1.0,1.0,1.0,0.0,4
