models,delta,spacing,onvg,hypervolume,time,c_A,c_B,c_C,c_D,c_E,score
A,0.9057239091399568,0.5777405676499686,4,0.1631196105302759,36.339757680892944,0.0,0.0,0.0,0.0,0.0,0
B,0.9379509431355539,0.3535092306650705,8,0.15424590510953437,115.69961309432983,1.0,0.0,0.6923076923076923,0.3157894736842105,0.0,3
C,0.9191919239214901,0.00011056416482288367,13,0.2283818735739108,68.85975813865662,1.0,0.0,0.0,0.05263157894736842,0.0,1
D,0.8911334593727405,1.2610973513113475,19,0.6171048256601681,99.17905282974243,1.0,0.0,0.46153846153846156,0.0,0.0,2
E,0.40434671212663353,0.48864526274339837,67,1.6297701813206853,104.59798288345337,1.0,1.0,1.0,1.0,0.0,4
