models,delta,spacing,onvg,hypervolume,time,c_A,c_B,c_C,c_D,c_E,score
A,0.9305935437748107,0.02279104893220314,4,0.08196141620454017,36.339757680892944,0.0,0.0,0.0,0.0,0.0,0
B,0.9542601081376202,0.004027225206549981,8,0.07750271586249337,115.69961309432983,1.0,0.0,0.6923076923076923,0.3157894736842105,0.0,3
C,0.942696720193232,0.0055554298473951755,13,0.11475322760220619,68.85975813865662,1.0,0.0,0.0,0.05263157894736842,0.0,1
D,0.9309350341331646,0.04570487819622203,19,0.3100717644760165,99.17905282974243,1.0,0.0,0.46153846153846156,0.0,0.0,2
E,0.9502007173548718,0.06486310704495893,67,0.8188976893380991,104.59798288345337,1.0,1.0,1.0,1.0,0.0,4
