models,delta,spacing,onvg,hypervolume,c_A,c_B,c_C,c_D,c_E,score
A,0.9025641049020149,0.8164977857617038,6,0.03384657377966276,0.0,0.0,0.0,0.0,0.0,0
B,0.8388278491968065,9.018139394013419e-05,8,0.03787159298622958,1.0,0.0,0.45454545454545453,0.18181818181818182,0.02857142857142857,2
C,0.7948718120567644,5.0768513466675434e-05,11,0.06309448253061153,1.0,0.25,0.0,0.2727272727272727,0.02857142857142857,1
D,0.7641025897681077,0.00015897182417059502,11,0.06655507476817174,1.0,0.625,0.36363636363636365,0.0,0.0,3
E,0.1282075346403454,0.0006975943347388018,35,0.2586295787758214,1.0,0.875,0.9090909090909091,0.9090909090909091,0.0,4
