models,delta,spacing,onvg,hypervolume,c_A,c_B,c_C,c_D,c_E,score
A,0.9025641049020149,0.8164977857617038,6,0.03384657377966276,0.0,0.0,0.0,0.0,0.0,0
B,0.8461538566395039,0.4879981386665729,7,0.04486205732130173,1.0,0.0,0.5833333333333334,0.4166666666666667,0.0,3
C,0.7645687775135793,0.5773306759200597,12,0.06848712838562018,1.0,0.0,0.0,0.16666666666666666,0.0,1
D,0.7505827631638466,0.3892420540289115,12,0.07530770589071573,1.0,0.14285714285714285,0.4166666666666667,0.0,0.0,2
E,0.28205136192176916,6.23243971058586e-05,29,0.12132057872176738,1.0,1.0,1.0,0.9166666666666666,0.0,4
