models,delta,spacing,onvg,hypervolume,time,c_Prufer,c_NetKeys,c_Prim,c_Kruskal,c_GPrim,score
Prufer,0.8776926692006428,0.04843549960099246,15,0.6968179516808888,60.15489172935486,0.0,0.0,0.0,0.0,0.0,0
NetKeys,0.9143415243194555,0.00779560561661677,13,0.7148775965382184,119.04352688789368,0.9333333333333333,0.0,0.36363636363636365,0.25,0.0,3
Prim,0.9222044581765073,0.023863424771809322,11,0.689594826041763,66.89712047576904,0.7333333333333333,0.3076923076923077,0.0,0.05,0.0,1
Kruskal,0.9159162749788433,0.05623383259360732,20,0.8263929338893152,79.89067125320435,1.0,0.23076923076923078,0.5454545454545454,0.0,0.0,2
GPrim,1.1359590266810973,0.12976102844344806,75,3.253255850672617,95.4800124168396,1.0,1.0,1.0,1.0,0.0,4
