models,delta,spacing,onvg,hypervolume,time,c_A,c_B,c_C,c_D,c_E,score
A,0.9615344311071652,0.012158622441281797,4,0.046388917801927027,121.82429695129395,0.0,0.0,0.0,0.0,0.0,0
B,0.9334549782589555,0.009660538144435817,20,0.16603915135335318,1153.2435743808746,1.0,0.0,0.0,0.0,0.0,1
C,0.9740587963527443,0.00845450164955296,8,0.06043131401924942,192.55030012130737,1.0,0.2,0.0,0.10526315789473684,0.0,2
D,0.9288242184179102,0.005263956218315888,19,0.1302956324903409,412.3289604187012,1.0,0.95,0.25,0.0,0.0,3
E,0.725660573205162,0.002790916304905964,98,0.42522187970839903,255.26460337638855,1.0,1.0,1.0,1.0,0.0,4
