models,delta,spacing,onvg,hypervolume,c_A,c_B,c_C,c_D,c_E,score
A,0.9597989959451138,1.0952684847802807,5,0.2638998668570276,0.0,0.0,0.0,0.0,0.0,0
B,0.9139816502724376,0.9217416240028242,18,1.3636456381446715,0.8,0.0,0.0,0.0,0.0,1
C,0.9782244563126304,2.2135806123602104,10,0.4697779472778958,1.0,0.5,0.0,0.2,0.0,2
D,0.917444367416269,0.7432928895844216,15,0.8681329694167296,1.0,1.0,0.4,0.0,0.0,3
E,0.8953098871083203,1.0360196401961395,25,0.8809784745423461,1.0,0.3888888888888889,0.9,0.3333333333333333,0.0,4
