models,delta,spacing,onvg,hypervolume,c_A,c_B,c_C,c_D,c_E,score
A,0.9687409821667805,0.0022923328815404455,5,0.03309542260530787,0.0,0.0,0.0,0.0,0.0,0
B,0.9305223664680188,0.006835185789255823,20,0.127823106345422,0.8,0.0,0.0,0.0,0.0,1
C,1.0034610152491528,0.023292498809255754,8,0.06548195766742243,1.0,0.5,0.0,0.07692307692307693,0.0,2
D,0.9667975800325652,0.008214686625160927,13,0.12686403026880186,1.0,1.0,0.75,0.0,0.0,3
E,0.758897977889826,0.0030443348925179147,98,0.39670427518150597,1.0,1.0,1.0,1.0,0.0,4
