models,delta,spacing,onvg,hypervolume,time,c_Prufer,c_NetKeys,c_Prim,c_Kruskal,c_GPrim,score
Prufer,0.9510030695885325,0.012329665706471734,12,0.5749142453532173,239.23145413398743,0.0,0.3,0.0,0.0,0.0,1
NetKeys,0.8933949733879233,0.008902552197351013,20,0.6636650175013695,1146.4001743793488,0.16666666666666666,0.0,0.0,0.0,0.0,0
Prim,0.9800593368873658,0.009027968048513493,10,0.6004811437461971,190.63571333885193,1.0,0.5,0.0,0.07142857142857142,0.0,2
Kruskal,0.9508804874120906,0.01045163746046028,14,0.758070466047585,342.2507207393646,0.8333333333333334,1.0,0.3,0.0,0.0,3
GPrim,0.764794243296066,0.0018526225962941223,98,0.752916457636079,249.91730570793152,1.0,1.0,1.0,0.7857142857142857,0.0,4
