models,igd,delta,spacing,onvg,hypervolume,time,c_A,c_B,c_C,c_D,c_E,score
A,0.05788339725159691,0.8936375443092004,0.04704181675534897,4,0.11317896178044512,13.084940433502197,0.0,0.0,0.0,0.0,0.0,0
B,0.04235149677812172,0.7721728265808584,0.03623015188906894,9,0.24836091042966185,22.987166166305542,1.0,0.0,0.14285714285714285,0.1,0.0,1
C,0.03818076175181064,0.6238558011090737,0.0006760857434420567,14,0.3305670447617256,18.32021403312683,1.0,0.6666666666666666,0.0,0.1,0.0,2
D,0.04217468104425627,0.7392431241965989,0.015983966876282053,10,0.2390677643691346,20.869117975234985,1.0,0.6666666666666666,0.35714285714285715,0.0,0.0,3
E,0.016987600908406692,0.6427895660621112,0.11742746833991329,20,0.8061821739416745,26.580504417419434,1.0,1.0,0.5,0.5,0.0,4
