models,igd,delta,spacing,onvg,hypervolume,time,c_Prufer,c_NetKeys,c_Prim,c_Kruskal,c_GPrim,score
Prufer,0.09182839127397037,0.8571180468383416,0.07809152091920017,7,0.5847606810285186,17.09670066833496,0.0,0.25,0.0,0.1111111111111111,0.0,0
NetKeys,0.09707991213901779,0.8114838985733587,0.003884898418684032,8,0.6238045690497172,21.460943698883057,0.5714285714285714,0.0,0.0,0.3333333333333333,0.0,1
Prim,0.1071793181547304,0.8634943399714983,0.0018742390041645487,6,0.562320674570263,18.083069562911987,0.8571428571428571,0.75,0.0,0.3333333333333333,0.05,2
Kruskal,0.09531703951471877,0.7883961832103947,0.002786118334615559,9,0.6252117249029235,20.141223430633545,0.8571428571428571,0.5,0.3333333333333333,0.0,0.05,2
GPrim,0.001247044472459268,0.9143669707746548,0.23578397720631106,20,2.49712298332864,24.250147342681885,1.0,1.0,0.5,0.5555555555555556,0.0,4
