models,igd,delta,spacing,onvg,hypervolume,time,c_Prufer,c_NetKeys,c_Prim,c_Kruskal,c_GPrim,score
Prufer,0.05176970350969216,0.8295091989103398,0.030766481635681655,7,0.6545966222508721,17.09670066833496,0.0,0.25,0.0,0.1111111111111111,0.0,0
NetKeys,0.05197258973975242,0.7984962518576628,0.0015305714941651802,8,0.700280034456719,21.460943698883057,0.5714285714285714,0.0,0.0,0.3333333333333333,0.0,1
Prim,0.05779826212622198,0.8524959263781822,0.0007384123042266269,6,0.6154548039488742,18.083069562911987,0.8571428571428571,0.75,0.0,0.3333333333333333,0.05,2
Kruskal,0.048071172345489556,0.7706435326733114,0.00109767433861964,9,0.7008344254354911,20.141223430633545,0.8571428571428571,0.5,0.3333333333333333,0.0,0.05,2
GPrim,0.0004913103293313263,0.6001115197499619,0.09289412370661572,20,0.824404993962396,24.250147342681885,1.0,1.0,0.5,0.5555555555555556,0.0,4
