models,delta,spacing,onvg,hypervolume,time,c_Prufer,c_NetKeys,c_Prim,c_Kruskal,c_GPrim,score
Prufer,0.9773034160774512,0.008877972302213075,6,0.4950774495669658,571.0626244544983,0.0,0.0,0.5555555555555556,0.0,0.0,1
NetKeys,0.9875242950768914,0.10213773788049654,3,0.5477217460023823,1409.5155777931213,0.3333333333333333,0.0,0.5555555555555556,0.6666666666666666,0.0,3
Prim,0.975402502589632,0.013536499779858024,9,0.5265771317802459,281.5103175640106,0.3333333333333333,0.0,0.0,0.0,0.0,0
Kruskal,0.9457335828870117,0.00335410349556128,3,0.5827276487447254,460.5859463214874,0.3333333333333333,0.3333333333333333,0.5555555555555556,0.0,0.0,2
GPrim,0.9747386456165495,0.002380551496175673,20,0.7917058341995723,558.4370300769806,1.0,1.0,1.0,1.0,0.0,4
