models,igd,delta,spacing,onvg,hypervolume,c_A,c_B,c_C,c_D,c_E,score
A,0.8787654637206304,0.7635088003528823,0.15646787635113127,5.4,0.02169983789223883,0.0,0.0,0.0,0.0,0.0,0.0
B,0.6129473401660775,0.6748872807703525,0.18860168781666753,7.8,0.03664584839429733,1.0,0.0,0.3288744588744589,0.2469047619047619,0.0,1.5
C,0.4862738291460052,0.5775226749627234,0.18834629137681388,9.8,0.04325903889777295,1.0,0.48353174603174603,0.0,0.25730158730158725,0.0,1.9
D,0.664457999408765,0.6794486858221074,0.09119000651005502,7.8,0.03540492919404243,0.9875,0.5537301587301587,0.5197510822510822,0.0,0.0,2.4
E,0.08107384982410379,0.07369244892730611,0.0009359601045963502,18.6,0.12137200320378247,1.0,1.0,1.0,0.9875,0.0,4.0
