models,delta,spacing,onvg,hypervolume,c_A,c_B,c_C,c_D,c_E,c_F,score
A,0.7138993625884975,0.7221507261994623,5,1.5326822602965642,0.0,0.0,0.0,0.0,0.0,0.0,0
B,0.5941026925340906,0.13397245114234796,9,3.301566240495827,1.0,0.0,0.15384615384615385,0.36363636363636365,0.15,0.1,2
C,0.38654402620304806,0.1087120877479034,13,0.977045366453444,1.0,0.4444444444444444,0.0,0.09090909090909091,0.05,0.1,3
D,0.4920456147968359,0.09811430583142242,11,2.5636859287926477,1.0,0.3333333333333333,0.07692307692307693,0.0,0.05,0.1,1
E,0.28226743566054596,0.4591483159177439,20,26.33987603801653,1.0,0.4444444444444444,0.38461538461538464,0.45454545454545453,0.0,0.2,5
F,0.27839887001520064,0.4303452320505954,20,26.111779834632067,1.0,0.5555555555555556,0.23076923076923078,0.36363636363636365,0.15,0.0,4
