models,delta,spacing,onvg,hypervolume,c_A,c_B,c_C,c_D,c_E,c_F,score
A,0.7105263259542205,0.5478639574035944,5,0.016569100790296564,0.0,0.0,0.0,0.0,0.0,0.0,0
B,0.5789474094875653,0.00010158889847000563,9,0.02028751746273514,1.0,0.0,0.375,0.3,0.1111111111111111,0.05,1
C,0.6315789752408472,0.00010089316496312709,8,0.01731891120688539,1.0,0.5555555555555556,0.0,0.5,0.1111111111111111,0.1,3
D,0.5263158362292149,0.00010223111097643317,10,0.02205079432393396,1.0,0.3333333333333333,0.25,0.0,0.1111111111111111,0.0,2
E,0.1052644004986483,0.00015311750623678823,18,0.04022182524759508,1.0,0.5555555555555556,0.625,0.6,0.0,0.15,4
F,6.256594876508495e-06,0.0004573211956227708,20,0.06291784218237245,1.0,0.7777777777777778,0.625,0.7,0.2222222222222222,0.0,5
