models,delta,spacing,onvg,hypervolume,c_A,c_B,c_C,c_D,c_E,c_F,score
A,0.7138993625884975,0.7221507261994623,5,1.5326822602965642,0.0,0.0,0.0,0.0,0.0,0.0,0
B,0.5922583157680572,0.10158889846997421,9,3.1030391427351383,1.0,0.0,0.375,0.3,0.1111111111111111,0.15789473684210525,1
C,0.6388418053710087,0.10089316496309914,8,2.2824926768853917,1.0,0.5555555555555556,0.0,0.5,0.1111111111111111,0.10526315789473684,3
D,0.5423709967410294,0.10223111097644348,10,2.7182562139339623,1.0,0.3333333333333333,0.25,0.0,0.1111111111111111,0.10526315789473684,2
E,0.17474675153516436,0.15311750623678042,18,7.488670622038672,1.0,0.5555555555555556,0.625,0.6,0.0,0.15789473684210525,4
F,0.15481378181136293,0.164321123063931,19,9.259976512226125,1.0,0.5555555555555556,0.5,0.6,0.2222222222222222,0.0,5
