models,igd,delta,spacing,onvg,hypervolume,time,c_Prufer,c_NetKeys,c_Prim,c_Kruskal,c_GPrim,score
Prufer,0.05761637664059053,0.8522130794834626,0.0009478257262139865,6,0.6135581581606031,15.926867723464966,0.0,0.125,0.2222222222222222,0.4444444444444444,0.0,1
NetKeys,0.05006439421464505,0.7932537309747287,0.01761622036049988,8,0.7005146581346704,21.415805339813232,0.3333333333333333,0.0,0.2222222222222222,0.4444444444444444,0.05,2
Prim,0.044091924982950385,0.7691769350928712,0.019002202452923736,9,0.6593734324749269,15.981963634490967,0.6666666666666666,0.5,0.0,0.5555555555555556,0.0,3
Kruskal,0.04663174392171387,0.7660450901002933,0.0006287692992049484,9,0.6575861570402356,18.376065731048584,0.3333333333333333,0.375,0.3333333333333333,0.0,0.0,0
GPrim,0.0008881011888068937,0.6012788568223069,0.09461223157334614,20,0.8239980983564831,22.46474313735962,0.8333333333333334,0.75,0.8888888888888888,0.6666666666666666,0.0,4
