models,delta,spacing,nds,hypervolume,c_guided prim,c_guided prim2,c_kruskal,c_netkeys,c_prim,c_prufer,score
guided prim,5.891249887285399e-06,0.002284255523399628,9,5.593477572715279,0.0,0.7,1.0,0.375,0.5,1.0,5
guided prim2,9.913270232105493e-07,0.0009436841199509135,10,5.410098103237645,0.1111111111111111,0.0,1.0,0.75,1.0,1.0,4
kruskal,0.9999998274320208,1.1544255608109955,3,2.1028343745793103,0.0,0.0,0.0,0.375,0.5,1.0,3
netkeys,0.6122448003176161,0.35341991457988053,8,5.2229376643955,0.0,0.0,0.0,0.0,0.5,1.0,2
prim,0.0,0.0,2,1.6304857372933075,0.0,0.0,0.0,0.125,0.0,1.0,1
prufer,0.0,0.0,2,4.604550090821842,0.0,0.0,0.0,0.0,0.0,0.0,0
