models,delta,spacing,nds,c_guided prim,c_guided prim2,c_kruskal,c_netkeys,c_prim,c_prufer,score
guided prim,5.765376522008185e-06,0.002081423770635604,7,0.0,0.5,1.0,0.2,0.5,1.0,5
guided prim2,0.8163240873322561,0.9248521875013235,8,0.42857142857142855,0.0,1.0,0.6,0.5,1.0,4
kruskal,2.0000000639007327,2.309990942754436,3,0.0,0.0,0.0,0.0,0.16666666666666666,1.0,2
netkeys,0.37500000954591706,0.4473876789718634,5,0.0,0.0,0.0,0.0,0.8333333333333334,1.0,2
prim,0.9600000218639113,0.4085190257188587,6,0.0,0.0,0.0,0.2,0.0,1.0,1
prufer,0.0,0.0,2,0.0,0.0,0.0,0.0,0.0,0.0,0
