models,delta,spacing,onvg,hypervolume,c_A,c_B,c_C,c_D,c_E,score
A,0.9519023706008155,0.744008531390639,8,0.3604665862831766,0.0,0.045454545454545456,0.0,0.0,0.0,0
B,0.9038047102695599,0.72663405400739,22,1.4046757780421208,0.625,0.0,0.0,0.0,0.0,1
C,0.9115577927849033,1.3484619088523488,11,0.6579042118146665,1.0,0.5,0.0,0.10526315789473684,0.0,2
D,0.8872138544825532,0.8415964021158524,19,1.070843084271424,1.0,1.0,0.2727272727272727,0.0,0.0,3
E,0.8913799816953988,1.0056789028938977,27,0.9194312201450654,1.0,0.5454545454545454,1.0,0.42105263157894735,0.0,4
