models,delta,spacing,onvg,hypervolume,time,c_Prufer,c_NetKeys,c_Prim,c_Kruskal,c_GPrim,score
Prufer,0.994073238087079,0.0061392108429091825,5,0.541495141212614,139.31385922431946,0.0,0.3333333333333333,0.0,0.0,0.0,0
NetKeys,0.9731491575269994,0.11023090755079791,3,0.5362536879432717,156.84698939323425,0.4,0.0,0.0,0.0,0.0,1
Prim,0.9272363001005388,0.0839502649497762,3,0.5627229511645913,104.38503003120422,0.6,0.6666666666666666,0.0,0.0,0.0,2
Kruskal,0.9820641525399562,0.1565133469854778,3,0.6298759126174209,122.8412971496582,0.8,0.6666666666666666,1.0,0.0,0.0,3
GPrim,0.9566229499274774,0.1779141542625613,7,0.8187104581133143,219.22357296943665,1.0,1.0,1.0,1.0,0.0,4
