models,delta,spacing,onvg,hypervolume,time,c_Prufer,c_NetKeys,c_Prim,c_Kruskal,c_GPrim,score
Prufer,0.9606576853499028,0.028313204901579802,4,0.3215280412859655,109.24070739746094,0.0,0.0,0.0,0.3333333333333333,0.0,1
NetKeys,0.9815958654118969,0.0,2,0.3227213215948701,153.30247163772583,0.75,0.0,0.0,0.0,0.0,1
Prim,0.9818000887802815,0.04458790094883012,3,0.33180383702656036,107.95672464370728,1.0,0.5,0.0,0.3333333333333333,0.0,3
Kruskal,0.9857902809301542,0.2695045438514414,3,0.31091223581353705,119.95438957214355,0.0,0.0,0.0,0.0,0.0,0
GPrim,0.9317886037788108,0.4666764806269779,6,3.3756554747505967,233.09506559371948,1.0,1.0,1.0,1.0,0.0,4
