models,delta,spacing,onvg,hypervolume,time,c_A,c_B,c_C,c_D,c_E,score
A,0.969849247306929,3.5051381297181927,7,0.4678864674105527,94.46814584732056,0.0,0.0,0.0,0.0,0.0,0
B,0.977745867638913,1.404138558733573,15,0.991973159564211,1131.6212017536163,0.42857142857142855,0.0,0.0,0.0,0.0,1
C,0.9438099614710068,0.797725193139149,12,0.502246241847349,168.47024989128113,1.0,0.5333333333333333,0.0,0.18181818181818182,0.0,3
D,0.9638190982080681,2.343360472730864,11,0.8721119361611238,367.47181463241577,0.8571428571428571,1.0,0.0,0.0,0.0,2
E,0.604690151418113,0.5814256398919447,97,2.9683428856218335,229.7862184047699,1.0,1.0,1.0,1.0,0.0,4
