models,delta,spacing,onvg,hypervolume,c_A,c_B,c_C,c_D,c_E,score
A,0.8589743664182894,1.224772485108424,5,0.03598763222219901,0.0,0.0,0.0,0.0,0.0,0
B,0.8974359041927932,4.770108334980076e-05,7,0.03986422289363703,1.0,0.0,0.7142857142857143,0.6363636363636364,0.0,3
C,0.8461538558249598,1.214977344245282,7,0.04993016515369864,1.0,0.14285714285714285,0.0,0.2727272727272727,0.0,2
D,0.7743589657021707,0.0004898217058046039,11,0.07272111664937966,1.0,0.14285714285714285,0.14285714285714285,0.0,0.0,1
E,0.6121795120722334,0.00020290862133621706,17,0.08831074356870483,1.0,1.0,1.0,1.0,0.0,4
