models,delta,spacing,onvg,hypervolume,c_A,c_B,c_C,c_D,c_E,score
A,0.9116041598989525,0.034548795750189716,5,0.11387338061398532,0.0,0.0,0.0,0.0,0.0,0
B,0.8814342492097904,0.005709858997375984,9,0.11866864015984346,1.0,0.0,0.9230769230769231,0.6153846153846154,0.0,3
C,0.8319960321380979,0.010906952050720658,13,0.19878579938620264,1.0,0.0,0.0,0.07692307692307693,0.0,1
D,0.8424324016717293,0.022516250603335366,13,0.22411418851952378,1.0,0.2222222222222222,0.7692307692307693,0.0,0.0,2
E,0.9052032916929365,0.10676679578263636,24,0.6945908207624985,1.0,1.0,1.0,1.0,0.0,4
