models,delta,spacing,onvg,hypervolume,c_A,c_B,c_C,c_D,c_E,score
A,0.851282052823614,0.8167827204700336,6,0.0532544506846901,0.0,0.0,0.0,0.0,0.0,0
B,0.7743589989777319,3.2375201777959996e-05,11,0.055394101513380714,1.0,0.0,0.125,0.25,0.0,1
C,0.8754578769682259,0.00021814749400164203,8,0.051128477350848814,1.0,0.5454545454545454,0.0,0.125,0.043478260869565216,2
D,0.8571428721148581,0.7071232424446031,8,0.046963658296204205,1.0,0.2727272727272727,0.375,0.0,0.043478260869565216,3
E,0.4359004759447255,0.0008709289024114415,23,0.21496674156475964,1.0,1.0,0.875,0.875,0.0,4
