models,delta,spacing,onvg,hypervolume,time,c_Prufer,c_NetKeys,c_Prim,c_Kruskal,c_GPrim,score
Prufer,0.9225101460086552,0.031660260034735474,13,0.5370295265364476,599.9998111724854,0.0,0.0,0.0,0.0,0.0,0
NetKeys,0.9690127085782613,0.0064553014293413325,8,0.6662804215600997,1368.0919513702393,1.0,0.0,0.8,1.0,0.0,3
Prim,0.9846046144729378,0.006973471942919989,5,0.577117235659427,284.87107157707214,1.0,0.0,0.0,0.4,0.0,2
Kruskal,0.918514829931322,0.01789328027403134,5,0.6354950165731099,454.76516914367676,0.7692307692307693,0.0,0.0,0.0,0.0,1
GPrim,0.9425496466247248,0.0016007645635529204,24,0.7812385431367623,457.8465995788574,1.0,1.0,1.0,1.0,0.0,4
