models,delta,spacing,onvg,hypervolume,c_A,c_B,c_C,c_D,c_E,c_F,score
A,0.7894736909205744,0.0002459205152810563,5,0.013154929180458153,0.0,0.0,0.0,0.0,0.0,0.0,0
B,0.6184210831604101,6.52302417076837e-05,9,0.019820230038878804,1.0,0.0,0.36363636363636365,0.4444444444444444,0.21052631578947367,0.1,2
C,0.4736842656866967,7.915493947592703e-05,11,0.02419942807544042,1.0,0.3333333333333333,0.0,0.2222222222222222,0.15789473684210525,0.0,1
D,0.6184210773145907,0.33330840621372043,9,0.020941502858713996,1.0,0.5555555555555556,0.6363636363636364,0.0,0.2631578947368421,0.0,3
E,0.052632896922643065,0.0001996679810896166,19,0.045511268313893,1.0,0.5555555555555556,0.6363636363636364,0.4444444444444444,0.0,0.05,4
F,6.518249624783119e-06,0.00045747179938764786,20,0.06287165255803207,1.0,0.7777777777777778,1.0,0.7777777777777778,0.47368421052631576,0.0,5
