models,delta,spacing,onvg,hypervolume,time,c_Prufer,c_NetKeys,c_Prim,c_Kruskal,c_GPrim,score
Prufer,1.0,inf,1,0.2914534828433404,37.72635316848755,0.0,0.0,0.0,0.0,0.0,0
NetKeys,0.9131589268696853,0.09796172336573336,5,0.47998528286729936,50.70447039604187,1.0,0.0,0.0,0.6666666666666666,0.0,2
Prim,0.878328368148641,0.08860478185283333,6,0.49993640847706605,42.31929636001587,1.0,0.8,0.0,0.6666666666666666,0.0,3
Kruskal,0.8357033017488148,0.21723479363012158,3,0.3483804444964087,46.60982322692871,1.0,0.0,0.0,0.0,0.0,1
GPrim,1.0066179074433566,0.4904701026994233,9,4.170807776317771,73.07967209815979,1.0,1.0,1.0,1.0,0.0,4
