models,delta,spacing,onvg,hypervolume,time,c_Prufer,c_NetKeys,c_Prim,c_Kruskal,c_GPrim,score
Prufer,0.9533883959632165,0.006401327905642135,9,0.7193942190426719,131.61358213424683,0.0,0.0,0.23076923076923078,0.0,0.0,0
NetKeys,0.9475651814107989,0.007443157751996061,13,0.751116122799778,398.4167249202728,1.0,0.0,0.5384615384615384,0.047619047619047616,0.0,2
Prim,0.9411672566886427,0.009503135373613783,13,0.7124204313513954,157.51189494132996,0.5555555555555556,0.23076923076923078,0.0,0.09523809523809523,0.0,1
Kruskal,0.927342779154519,0.011182708742013495,21,0.8631357677470137,198.9075791835785,0.7777777777777778,0.23076923076923078,0.23076923076923078,0.0,0.0,3
GPrim,0.7895490568175386,0.004372536980509556,87,0.921645287707108,210.8993673324585,1.0,1.0,1.0,1.0,0.0,4
