models,delta,spacing,onvg,hypervolume,time,c_Prufer,c_NetKeys,c_Prim,c_Kruskal,c_GPrim,score
Prufer,0.9544589600179935,0.006562056874108118,10,0.5751204596328691,242.52716255187988,0.0,0.3125,0.0,0.0,0.0,1
NetKeys,0.9227389665940818,0.012157072031590903,16,0.6773302581641788,1147.075395822525,0.2,0.0,0.0,0.0,0.0,0
Prim,0.9632471098156579,0.009462196916960253,9,0.6141027999866004,190.26558637619019,0.9,0.6875,0.0,0.06666666666666667,0.0,2
Kruskal,0.9522135904440168,0.012322360836126582,15,0.7579562593307123,343.9115376472473,0.8,1.0,0.7777777777777778,0.0,0.0,3
GPrim,0.7241311163517061,0.0029698459480498214,98,0.7911622864063595,245.84344744682312,1.0,1.0,1.0,1.0,0.0,4
