models,delta,spacing,onvg,hypervolume,c_A,c_B,c_C,c_D,c_E,c_F,score
A,0.7486962788407009,0.09295980455820581,6,0.8829814620670469,0.0,0.0,0.0,0.0,0.0,0.0,0
B,0.5644089749394067,0.2639082685152112,10,5.494606546776218,1.0,0.0,0.25,0.42857142857142855,0.0,0.0,2
C,0.6573957813393023,0.7819711422527436,8,15.34157468966157,1.0,0.5,0.0,0.2857142857142857,0.0,0.0,2
D,0.704573359104254,0.28892179499459675,7,4.626185945466008,1.0,0.3,0.375,0.0,0.05263157894736842,0.05263157894736842,2
E,0.5045659623442735,0.9273356878286392,19,47.84795743096268,1.0,1.0,1.0,0.8571428571428571,0.0,0.42105263157894735,5
F,0.2673777987344558,0.29152478757886335,19,20.73852514069872,1.0,1.0,1.0,0.8571428571428571,0.21052631578947367,0.0,4
