models,igd,delta,spacing,onvg,hypervolume,c_A,c_B,c_C,c_D,c_E,score
A,0.8587782359672534,0.7368421391276854,9.295980455818731e-05,6,0.021614279412067047,0.0,0.0,0.0,0.0,0.0,0
B,0.550000027538652,0.5263159022241911,0.0002639082685152267,10,0.04281094285677621,1.0,0.0,0.25,0.42857142857142855,0.0,2
C,0.5196153231736523,0.6541351952160724,0.4627127429515751,8,0.056804170589661564,1.0,0.5,0.0,0.2857142857142857,0.0,2
D,0.8046738590534213,0.6842105973199468,0.0002889217949946215,7,0.029503743485466007,1.0,0.3,0.375,0.0,0.058823529411764705,2
E,0.1224746783978337,0.15789507365052757,0.0003891371409741344,17,0.0784912931011158,1.0,1.0,1.0,0.8571428571428571,0.0,4
