models,igd,delta,spacing,onvg,hypervolume,time,c_Prufer,c_NetKeys,c_Prim,c_Kruskal,c_GPrim,score
Prufer,0.04940032676552682,0.7684251812003536,0.033012532728900194,8.9,0.6683449178131744,18.33568263053894,0.0,0.22694444444444445,0.07676948051948052,0.09403651903651904,0.0,0.2
NetKeys,0.0476801012396776,0.7585076477853686,0.03769148645094258,9.4,0.7183611376113588,23.699784636497498,0.5907828282828282,0.0,0.1518831168831169,0.1889801864801865,0.01,0.9
Prim,0.04788387173526433,0.7155908447800174,0.023147741990168835,11.0,0.67346669157763,17.881879091262817,0.8014646464646464,0.5375,0.0,0.3111829836829837,0.015000000000000003,2.3
Kruskal,0.04858992440578906,0.7300507179990211,0.018889937168350676,10.4,0.6904063130229051,21.255373692512514,0.8042424242424243,0.5438888888888889,0.35,0.0,0.015000000000000003,2.5
GPrim,0.00016821196421085252,0.6435596684694462,0.1175775568584927,20.0,0.794136837211353,25.535519313812255,1.0,0.8605555555555556,0.568474025974026,0.588552836052836,0.0,4.0
