models,delta,spacing,onvg,hypervolume,time,c_Prufer,c_NetKeys,c_Prim,c_Kruskal,c_GPrim,score
Prufer,0.898115313791312,0.023825497917248712,8,0.6741819796450638,28.01793646812439,0.0,0.0,0.0,0.0,0.0,0
NetKeys,0.8868348283883146,0.010485612583874268,9,0.7025210852361847,41.154682874679565,1.0,0.0,0.0,0.2,0.0,1
Prim,0.8769512961341236,0.014869522933221847,10,0.6828463622609626,29.718253135681152,1.0,0.7777777777777778,0.0,0.6,0.0,3
Kruskal,0.8702844297511538,0.010778178818149938,10,0.7050564245540557,36.37700271606445,0.875,0.6666666666666666,0.2,0.0,0.0,2
GPrim,0.6178497752924121,0.03318378432855063,34,0.871697487730286,45.567304611206055,1.0,1.0,0.9,1.0,0.0,4
