models,delta,spacing,onvg,hypervolume,time,c_Prufer,c_NetKeys,c_Prim,c_Kruskal,c_GPrim,score
Prufer,0.9550707949635233,0.0049078574457357225,4,0.48956492111608757,25.804047346115112,0.0,0.0,0.0,0.0,0.0,0
NetKeys,0.8892898223004201,0.02093967102667969,10,0.6590919171161781,40.589253425598145,1.0,0.0,0.09090909090909091,0.0,0.0,1
Prim,0.8696151356673888,0.007809742687350933,11,0.6617633724376425,28.952738046646118,1.0,0.7,0.0,0.0,0.029411764705882353,2
Kruskal,0.9092463881300048,0.0013094142038779049,7,0.5890846789026245,35.23146295547485,1.0,0.8,0.45454545454545453,0.0,0.0,3
GPrim,0.5447760568003465,0.0035297658426916016,34,0.8515225141950536,44.51630902290344,1.0,1.0,0.9090909090909091,1.0,0.0,4
