models,delta,spacing,onvg,hypervolume,time,c_Prufer,c_NetKeys,c_Prim,c_Kruskal,c_GPrim,score
Prufer,0.9299558596277318,0.020036463343451192,4,0.4509745686296541,25.804047346115112,0.0,0.0,0.0,0.0,0.0,0
NetKeys,0.8690870051625171,0.04066340558891245,10,0.6002614245839067,40.589253425598145,1.0,0.0,0.09090909090909091,0.0,0.0,1
Prim,0.8511397852313896,0.010675928350270491,11,0.6128126119994545,28.952738046646118,1.0,0.7,0.0,0.0,0.029411764705882353,2
Kruskal,0.9042915285440208,0.00615196628796419,7,0.5487185197531161,35.23146295547485,1.0,0.8,0.45454545454545453,0.0,0.0,3
GPrim,0.5332824930917552,0.016583752035327064,34,0.7646989199727101,44.51630902290344,1.0,1.0,0.9090909090909091,1.0,0.0,4
