models,delta,spacing,onvg,hypervolume,time,c_A,c_B,c_C,c_D,c_E,score
A,0.898115313791312,0.023825497917248712,8,0.1372623681658002,28.01793646812439,0.0,0.0,0.0,0.0,0.0,0
B,0.8868348283883146,0.010485612583874268,9,0.1537357618113922,41.154682874679565,1.0,0.0,0.0,0.2,0.0,1
C,0.8769512961341236,0.014869522933221847,10,0.1318445408397664,29.718253135681152,1.0,0.7777777777777778,0.0,0.6,0.0,3
D,0.8702844297511538,0.010778178818149938,10,0.16608654684384822,36.37700271606445,0.875,0.6666666666666666,0.2,0.0,0.0,2
E,0.6178497752924121,0.03318378432855063,34,0.581594955214825,45.567304611206055,1.0,1.0,0.9,1.0,0.0,4
