models,delta,spacing,onvg,hypervolume,time,c_Prufer,c_NetKeys,c_Prim,c_Kruskal,c_GPrim,score
Prufer,0.9589988184024071,0.002869263948789829,8,0.5745797311400275,627.776288986206,0.0,0.0,0.0,0.0,0.0,0
NetKeys,0.9583109428584078,0.004491578870828324,14,0.6538077342787623,1475.2133212089539,0.375,0.0,0.0,0.0,0.0,1
Prim,0.987819455440138,0.012747378868975192,6,0.5848800753460496,302.92688822746277,1.0,0.21428571428571427,0.0,0.0,0.0,2
Kruskal,0.9941559512149357,0.002924309817265916,3,0.6753697843768163,458.7856888771057,0.875,1.0,0.6666666666666666,0.0,0.0,3
GPrim,0.9297640732459457,0.002085727298240754,28,0.780128799346671,511.3248670101166,1.0,1.0,1.0,1.0,0.0,4
