models,igd,delta,spacing,onvg,hypervolume,c_A,c_B,c_C,c_D,c_E,score
A,0.047393470366872734,0.7919347572386539,0.04429792933601201,6,0.20068945539459448,0.0,0.0,0.0,0.0,0.0,0
B,0.04348601002796896,0.7625205436913932,0.036669672203750066,9,0.2887997403622067,1.0,0.0,0.5555555555555556,0.2,0.0,2
C,0.04898047490309722,0.761364606068489,0.03492962597334428,9,0.2639662949650091,1.0,0.2222222222222222,0.0,0.1,0.0,1
D,0.045830440002980324,0.7393035231441648,0.05421746823270716,10,0.34762034569260514,1.0,0.6666666666666666,0.7777777777777778,0.0,0.15,3
E,0.016978636893825894,0.6428718712829234,0.11762449846570867,20,0.8064292898386312,1.0,1.0,0.8888888888888888,0.6,0.0,4
