models,igd,delta,spacing,onvg,hypervolume,c_A,c_B,c_C,c_D,c_E,score
A,0.7615773232424488,0.7684210504051439,0.0002019457150811752,6,0.014917900142746437,0.0,0.0,0.0,0.0,0.0,0
B,0.6041523048602176,0.5672514774182498,0.00033561371440312993,10,0.02693718646984225,1.0,0.0,0.2222222222222222,0.3,0.0,1
C,0.6062177899163863,0.6315789670585066,0.00021037419305931288,9,0.02502062248000676,1.0,0.6,0.0,0.6,0.0,3
D,0.7228416207197519,0.5263158278719212,0.00015926479875495573,10,0.024485954992910043,1.0,0.7,0.1111111111111111,0.0,0.0,2
E,0.11180343731930383,0.10526440836662306,0.00010556320394276063,18,0.03743088739677982,1.0,1.0,0.8888888888888888,1.0,0.0,4
