models,delta,spacing,onvg,hypervolume,c_A,c_B,c_C,c_D,c_E,c_F,score
A,0.7571642072519428,0.3711173275260539,6,4.206446492544966,0.0,0.0,0.0,0.0,0.0,0.0,0
B,0.7698362525799346,0.10536824825419304,6,-0.1141718403050227,1.0,0.0,0.3,0.3,0.0,0.05263157894736842,1
C,0.5481547679360563,0.16351828389628334,10,3.395751137043188,1.0,0.5,0.0,0.3,0.0,0.0,2
D,0.5464458254630021,0.13602477164700733,10,2.160440372677243,1.0,0.5,0.6,0.0,0.0,0.0,3
E,0.4830795642779319,0.9109649720426392,20,55.439661993237046,1.0,1.0,0.9,1.0,0.0,0.47368421052631576,5
F,0.5045665906440927,0.929806368116517,19,47.88255503492654,1.0,0.8333333333333334,1.0,1.0,0.3,0.0,4
