models,delta,spacing,onvg,hypervolume,c_A,c_B,c_C,c_D,c_E,c_F,score
A,0.7368421459937049,0.0003725263703443558,6,0.024920264040944645,0.0,0.0,0.0,0.0,0.0,0.0,0
B,0.7192982990990803,0.0001046671300146823,7,0.02838576564436114,1.0,0.0,0.5454545454545454,0.375,0.0,0.0,2
C,0.47368433263801835,9.715452343990791e-05,11,0.04343081240207784,1.0,0.14285714285714285,0.0,0.125,0.0,0.0,1
D,0.6691730002791414,0.3535434984996822,8,0.03272356949610267,1.0,0.5714285714285714,0.6363636363636364,0.0,0.0,0.0,3
E,0.10526748854426396,0.0009280540213500884,18,0.11887999410019347,1.0,1.0,1.0,0.875,0.0,0.21052631578947367,4
F,0.0526370529319696,0.0009324414543007502,19,0.12286995491962649,1.0,1.0,1.0,1.0,0.6111111111111112,0.0,5
