models,delta,spacing,onvg,hypervolume,time,c_A,c_B,c_C,c_D,c_E,score
A,0.8401418526645759,0.03618062265850124,11,0.26274264905138234,29.36054015159607,0.0,0.4,0.16666666666666666,0.06666666666666667,0.0,0
B,0.919266393035915,0.04699600402690056,10,0.20115462638821974,40.754613637924194,0.45454545454545453,0.0,0.3333333333333333,0.2,0.0,1
C,0.8465714619305374,0.014434370611745786,12,0.19112078740455324,28.493783235549927,0.6363636363636364,0.5,0.0,0.06666666666666667,0.0,2
D,0.8098810510104504,0.02519071075520728,15,0.3353904650196595,34.588295221328735,0.8181818181818182,0.5,0.4166666666666667,0.0,0.0,3
E,0.789350110442652,0.08856009979573572,35,0.8183123663436086,43.433753490448,1.0,1.0,1.0,1.0,0.0,4
