models,delta,spacing,onvg,hypervolume,time,c_A,c_B,c_C,c_D,c_E,score
A,0.794871804566341,0.7071385863459965,9,0.055360032462971054,18.245564460754395,0.0,0.0,0.0,0.0,0.0,0
B,0.8888888959346057,1.8973625342136462,10,0.06357129888672186,40.754613637924194,1.0,0.0,0.3333333333333333,0.2,0.0,1
C,0.7529137709504806,0.45228662803699066,12,0.06040028468503579,28.493783235549927,1.0,0.5,0.0,0.2,0.0,2
D,0.6630037041211305,0.00013809058080731793,15,0.08183711332075311,36.93298816680908,1.0,0.6,0.5,0.0,0.0,3
E,0.1282076528712065,0.0006996956364661402,35,0.25861289376030333,43.433753490448,1.0,1.0,1.0,1.0,0.0,4
