models,delta,spacing,onvg,hypervolume,time,c_Prufer,c_NetKeys,c_Prim,c_Kruskal,c_GPrim,score
Prufer,0.8907313157363126,0.08720418915934534,9,0.6632678723668248,27.00170135498047,0.0,0.0,0.0,0.0,0.0,0
NetKeys,0.8799711315104845,0.01624915686412369,9,0.6484621586500829,37.41922616958618,0.8888888888888888,0.0,0.2727272727272727,0.42857142857142855,0.0,2
Prim,0.8288392890187812,0.029014096590449304,11,0.6846493314580395,28.85990858078003,0.8888888888888888,0.6666666666666666,0.0,0.42857142857142855,0.0,3
Kruskal,0.7881518928436612,0.03581336594782954,14,0.730166724500974,33.8163948059082,1.0,0.3333333333333333,0.36363636363636365,0.0,0.0,1
GPrim,1.0117797551180894,0.16501081935091597,38,2.7084911381893697,41.70783448219299,1.0,1.0,1.0,1.0,0.0,4
