models,delta,spacing,onvg,hypervolume,time,c_Prufer,c_NetKeys,c_Prim,c_Kruskal,c_GPrim,score
Prufer,0.9274105097061505,0.02789028391807175,4,0.656948711701149,36.98026394844055,0.0,0.0,0.0,0.0,0.0,0
NetKeys,0.9705267655394839,0.032548614490287994,3,0.7361184124525533,50.1218957901001,1.0,0.0,0.7777777777777778,0.5,0.0,3
Prim,0.8831756279142179,0.009879512215050382,9,0.7386452306591367,42.565062046051025,1.0,0.0,0.0,0.0,0.0,1
Kruskal,0.9451474063901619,0.022669996960555442,4,0.7497614806574668,46.61086440086365,0.5,0.0,0.3333333333333333,0.0,0.0,2
GPrim,0.9400322118566458,0.08666885077327985,9,0.8906276145295495,74.59682273864746,1.0,1.0,1.0,1.0,0.0,4
