models,igd,delta,spacing,onvg,hypervolume,c_A,c_B,c_C,c_D,c_E,c_F,score
A,0.7762087488334879,0.8070175517443889,1.4142968330936436,4,0.012993322329665926,0.0,0.0,0.0,0.0,0.0,0.0,0
B,0.512347551740646,0.47368425700894323,5.565015334476064e-05,11,0.02138949829179736,1.0,0.0,0.16666666666666666,0.14285714285714285,0.0,0.0,1
C,0.41533120544927,0.4210526746089868,0.0001281068082042622,12,0.02594712942328612,1.0,0.7272727272727273,0.0,0.2857142857142857,0.0,0.0,2
D,0.29580400505204624,0.31578954355140815,9.163489856507208e-05,14,0.029573590643591642,1.0,0.8181818181818182,0.3333333333333333,0.0,0.05,0.05,3
E,6.637135753107409e-05,6.43629958395121e-06,0.00045815995780470054,20,0.06289292554830052,1.0,0.9090909090909091,0.4166666666666667,0.5714285714285714,0.0,0.0,4
F,6.61738459314206e-05,6.492702832295463e-06,0.0004591583126447272,20,0.06290430817749226,1.0,1.0,0.5,0.5714285714285714,0.35,0.0,5
