models,igd,delta,spacing,onvg,hypervolume,c_A,c_B,c_C,c_D,c_E,score
A,0.7762087488334879,0.8070175517443889,1.4142968330936436,4,0.012993322329665926,0.0,0.1111111111111111,0.0,0.0,0.0,0
B,0.622494989439654,0.618421081445232,0.3334651865912233,9,0.020544551771607633,0.75,0.0,0.3,0.2,0.0,1
C,0.5147815165028693,0.5672514678927219,0.00033173458695315717,10,0.02678276520011731,1.0,0.5555555555555556,0.0,0.2,0.0,2
D,0.6041523059535716,0.5672514909247732,0.31619377770695767,10,0.025197782905107782,1.0,0.7777777777777778,0.4,0.0,0.0,3
E,6.6480223851959e-05,6.436323114026842e-06,0.0004577943841062144,20,0.06287848388138795,1.0,1.0,0.9,0.9,0.0,4
