models,delta,spacing,onvg,hypervolume,time,c_Prufer,c_NetKeys,c_Prim,c_Kruskal,c_GPrim,score
Prufer,0.9621294188637364,0.1524254612643931,3,0.5738409207367683,39.69166374206543,0.0,0.0,0.0,0.0,0.0,0
NetKeys,0.9805830607748167,0.0,2,0.675155074984886,60.89777731895447,1.0,0.0,1.0,0.0,0.0,2
Prim,0.9387005133737033,0.0019322166029933114,3,0.6188373736572523,45.363025188446045,1.0,0.0,0.0,0.0,0.0,1
Kruskal,0.8638517094264253,0.02267758842633082,3,0.7038013531712767,49.62172079086304,1.0,1.0,1.0,0.0,0.0,3
GPrim,0.860607598816741,0.20600463087785786,4,0.7055801158331745,79.84441375732422,1.0,1.0,1.0,0.6666666666666666,0.0,4
