models,delta,spacing,onvg,hypervolume,time,c_Prufer,c_NetKeys,c_Prim,c_Kruskal,c_GPrim,score
Prufer,1.0,inf,1,0.3061380099482458,39.03342914581299,0.0,0.0,0.0,0.0,0.0,0
NetKeys,0.9653166161175754,0.006580566846720565,3,0.32473520722582794,55.61159610748291,1.0,0.0,0.0,0.0,0.0,1
Prim,0.9813073932309626,0.0,2,0.344679355734902,41.45580196380615,1.0,1.0,0.0,0.0,0.0,2
Kruskal,0.894913565299952,0.0,2,0.3405772460370994,45.42828440666199,1.0,0.3333333333333333,0.0,0.0,0.0,2
GPrim,0.8904775461137712,0.43027803470595105,4,2.3461180196710494,77.10234045982361,1.0,1.0,1.0,1.0,0.0,4
