models,delta,spacing,onvg,hypervolume,c_A,c_B,c_C,c_D,c_E,score
A,0.9626704964716316,1.3562302668914137,8,0.37995644899728753,0.0,0.0,0.0,0.0,0.0,0
B,0.9698492420513963,1.7404729878430425,17,1.4083373224567282,1.0,0.0,0.0,0.0,0.0,1
C,0.965737781216583,1.6143541656591818,12,0.613977884512765,1.0,0.29411764705882354,0.0,0.0,0.0,2
D,0.9369575184729598,0.8659105567321429,12,0.7988972930975394,0.875,0.9411764705882353,0.3333333333333333,0.0,0.0,3
E,0.49648245122029594,0.5523420901292825,76,2.909292268782642,1.0,1.0,1.0,0.8333333333333334,0.0,4
