models,delta,spacing,onvg,hypervolume,time,c_Prufer,c_NetKeys,c_Prim,c_Kruskal,c_GPrim,score
Prufer,0.9716485562262335,0.007912445841136866,6,0.6645263603725947,61.166024684906006,0.0,0.0,0.0,0.0,0.0,0
NetKeys,0.9495958614863407,0.007999112413624991,7,0.7176093354342801,119.9841160774231,0.6666666666666666,0.0,0.4444444444444444,0.0,0.0,2
Prim,0.947576305980169,0.009528271334589477,9,0.7035627973611983,68.85680079460144,0.8333333333333334,0.42857142857142855,0.0,0.0,0.0,1
Kruskal,0.9626477407711094,0.009375474277370977,7,0.7519059651987317,101.71834444999695,1.0,1.0,1.0,0.0,0.0,3
GPrim,0.7289327337950984,0.02225931221181645,74,0.9399816908467823,106.05494523048401,1.0,1.0,1.0,1.0,0.0,4
