models,delta,spacing,onvg,hypervolume,time,c_Prufer,c_NetKeys,c_Prim,c_Kruskal,c_GPrim,score
Prufer,0.965228459669115,0.020661253691108158,6,0.4861670038144851,54.020639181137085,0.0,0.0,0.0,0.0,0.0,0
NetKeys,0.9682279638684061,0.0031177384868249624,6,0.643477184525616,113.42132329940796,1.0,0.0,0.0,0.0,0.0,1
Prim,0.963536054076232,0.02616876223535276,5,0.6140354854097648,65.79087328910828,1.0,0.16666666666666666,0.0,0.0,0.0,2
Kruskal,0.988306874153514,0.04834944591816803,4,0.6402611233790079,81.42801451683044,1.0,0.6666666666666666,0.4,0.0,0.0,3
GPrim,0.7924723858036113,0.006934209208934954,42,0.8551562798185092,114.69340634346008,1.0,1.0,1.0,1.0,0.0,4
