models,delta,spacing,onvg,hypervolume,time,c_Prufer,c_NetKeys,c_Prim,c_Kruskal,c_GPrim,score
Prufer,0.9412298030256931,0.006478442893837271,11.1,0.6753375610458845,139.4701936006546,0.0,0.35490717615717615,0.00588235294117647,0.02851190476190476,0.0,0.5
NetKeys,0.9537659535130819,0.015263577382516819,11.9,0.7652249805973913,413.6418769598007,0.28566544566544566,0.0,0.042930402930402914,0.0,0.0,0.5
Prim,0.9321544021463357,0.006279621637205679,12.9,0.6968352050391537,155.24221813678741,0.9509920634920634,0.6138007825507825,0.0,0.24425210367547825,0.0,2.6
Kruskal,0.9308285859742551,0.00915942861843402,16.7,0.840230318909312,206.9808698415756,0.8341391941391942,0.9589015151515152,0.2546013790131437,0.0,0.0,2.4
GPrim,0.5847608256905319,0.00536900997469317,91.4,0.982698073017171,205.34844787120818,1.0,1.0,1.0,1.0,0.0,4.0
