models,igd,delta,spacing,onvg,hypervolume,c_A,c_B,c_C,c_D,c_E,c_F,score
A,0.7599342183244097,0.6842105398384682,0.0001088333455571759,7,0.01445519624316198,0.0,0.0,0.0,0.0,0.0,0.0,0
B,0.622494989170665,0.6184210754087948,0.00017164955942459496,9,0.020990153828932753,1.0,0.0,0.5833333333333334,0.23076923076923078,0.0,0.0,2
C,0.4153312138238032,0.4210526670025668,5.4072139266993926e-05,12,0.022073838613105454,1.0,0.1111111111111111,0.0,0.0,0.0,0.0,1
D,0.38729834647438555,0.36842111980020803,7.44296382402558e-05,13,0.02790369882900054,1.0,0.5555555555555556,0.6666666666666666,0.0,0.2,0.1,3
E,6.633249580710802e-05,6.194665250835967e-06,0.00045824186799688413,20,0.06292003323088358,1.0,0.5555555555555556,0.75,0.46153846153846156,0.0,0.05,4
F,6.584691731640147e-05,6.519207926240461e-06,0.00045891072246484694,20,0.06289873782254612,1.0,0.5555555555555556,0.75,0.6153846153846154,0.3,0.0,5
