models,delta,spacing,onvg,hypervolume,time,c_A,c_B,c_C,c_D,c_E,score
A,0.9555555577374885,0.8368207726657292,6,0.1113269191494049,35.39478540420532,0.0,0.0,0.0,0.0,0.0,0
B,0.9023568985525501,0.27736365775396754,13,0.27080430163166647,128.66156816482544,1.0,0.0,0.6,0.17647058823529413,0.0,2
C,0.9023569089683209,0.48304252498050104,10,0.20162895533882147,68.63276052474976,1.0,0.0,0.0,0.11764705882352941,0.0,1
D,0.8459596045224423,0.6062232749471502,17,0.4705174136237116,101.65208625793457,1.0,0.46153846153846156,0.5,0.0,0.0,3
E,0.3176209617144112,0.0012344379057442475,73,1.6594563005416272,103.02001595497131,1.0,1.0,1.0,1.0,0.0,4
