models,delta,spacing,onvg,hypervolume,c_A,c_B,c_C,c_D,c_E,score
A,0.8803418851502449,0.7559452423248505,7,0.03381856471954277,0.0,0.0,0.0,0.0,0.0,0
B,0.8388278450699301,0.00018074596740825298,8,0.04068341931057997,1.0,0.0,0.2727272727272727,0.2,0.0,1
C,0.7641025843530971,2.50606271696856e-05,11,0.047307369432755,1.0,0.5,0.0,0.5333333333333333,0.047619047619047616,3
D,0.6776556676504493,0.00039172687526709953,15,0.10726827503463902,1.0,0.625,0.09090909090909091,0.0,0.0,2
E,0.5102564850113613,0.0003087665443337272,21,0.13619693404344307,1.0,1.0,0.9090909090909091,1.0,0.0,4
