models,delta,spacing,onvg,hypervolume,c_A,c_B,c_C,c_D,c_E,score
A,0.9176964413875915,0.021217810112621898,7,0.10700993797951718,0.0,0.0,0.0,0.0,0.0,0
B,0.9073883047570563,0.022876919730697116,8,0.1287319616702738,1.0,0.0,0.2727272727272727,0.2,0.0,1
C,0.8610570224868863,0.003171910081218997,11,0.1496917066396915,1.0,0.5,0.0,0.5333333333333333,0.04,3
D,0.8147052474385823,0.049580659587270606,15,0.339422194697496,1.0,0.625,0.09090909090909091,0.0,0.0,2
E,0.8958772074653922,0.10516690671600223,25,0.7048609423887073,1.0,1.0,0.9090909090909091,1.0,0.0,4
