models,delta,spacing,onvg,hypervolume,time,c_A,c_B,c_C,c_D,c_E,score
A,1.0,inf,1,0.0,51.67115044593811,0.0,0.0,0.0,0.0,0.0,0
B,1.0,inf,1,0.0,153.72085213661194,1.0,0.0,0.0,0.0,0.0,1
C,0.9671080092565744,0.0,2,0.016883505115699166,101.53572082519531,1.0,1.0,0.0,0.0,0.0,2
D,1.0,inf,1,0.0,146.2902262210846,1.0,1.0,1.0,0.0,0.0,3
E,0.9096081730579371,0.18418473390186346,6,0.42218877396116505,222.7296552658081,1.0,1.0,1.0,1.0,0.0,4
