models,delta,spacing,onvg,hypervolume,time,c_A,c_B,c_C,c_D,c_E,score
A,1.0,inf,1,0.0,51.67115044593811,0.0,0.0,0.0,0.0,0.0,0
B,1.0,inf,1,0.0,153.72085213661194,1.0,0.0,0.0,0.0,0.0,1
C,0.9494949578010612,0.0,2,0.06703423494436184,101.53572082519531,1.0,1.0,0.0,0.0,0.0,2
D,1.0,inf,1,0.0,146.2902262210846,1.0,1.0,1.0,0.0,0.0,3
E,0.9494958660746093,0.007312866991144867,6,1.6762574637578622,222.7296552658081,1.0,1.0,1.0,1.0,0.0,4
