models,delta,spacing,onvg,hypervolume,c_A,c_B,c_C,c_D,c_E,score
A,0.9798994981445375,1.3416040909160771,5,0.32291262008770616,0.0,0.0,0.0,0.0,0.0,0
B,0.9396984925736118,0.22357170039168997,20,0.9618720501829818,1.0,0.0,0.0,0.0,0.0,1
C,0.9638190971973042,0.8201875904764918,11,0.5421618267604433,1.0,0.45,0.0,0.125,0.0,3
D,0.958793969767775,0.8061806011202318,16,1.2029560159083332,1.0,1.0,0.0,0.0,0.0,2
E,0.614235584127456,0.4398244846243366,74,2.559829595704447,1.0,0.8,1.0,0.25,0.0,4
