models,delta,spacing,onvg,hypervolume,c_A,c_B,c_C,c_D,c_E,c_F,score
A,0.6404006638189302,0.1470673919863901,8,-1.34476086081429,0.0,0.0,0.0,0.0,0.0,0.0,0
B,0.577365664809028,0.10119035400372622,10,-0.49211091083887837,1.0,0.0,0.2222222222222222,0.2857142857142857,0.0,0.0,1
C,0.5913301426434964,0.08152355189816904,9,-0.07559627602890018,1.0,0.6,0.0,0.42857142857142855,0.0,0.05,2
D,0.6894192547293599,0.003722549571284423,7,-1.5434499646306659,1.0,0.7,0.5555555555555556,0.0,0.0,0.05,3
E,0.5346076408055996,0.9584542654977725,18,48.59037998456493,1.0,1.0,0.8888888888888888,0.8571428571428571,0.0,0.5,5
F,0.4835561841825087,0.9073230830474078,20,55.439283933000794,1.0,1.0,0.8888888888888888,0.7142857142857143,0.2777777777777778,0.0,4
