models,igd,delta,spacing,onvg,hypervolume,c_A,c_B,c_C,c_D,c_E,score
A,0.7648529403701855,0.6315789975728372,0.00014758973258313258,8,0.027692038035753277,0.0,0.0,0.0,0.0,0.0,0
B,0.3427827629257072,0.5789474556049101,0.316440750149078,10,0.0517980620158551,1.0,0.0,0.3,0.0,0.0,1
C,0.4213074997874816,0.5847953997525616,0.3161956312737441,10,0.04497740344551004,1.0,0.5,0.0,0.125,0.0,2
D,0.6538348549160851,0.669172998500391,0.00021005331374625156,8,0.03637962520925772,0.875,0.7,0.5,0.0,0.0,3
E,0.050001453106502,0.05263668909963265,0.0009347195957419528,19,0.1229421505535987,1.0,1.0,1.0,0.875,0.0,4
