models,delta,spacing,onvg,hypervolume,c_A,c_B,c_C,c_D,c_E,score
A,0.6424962104968104,0.1370495389094842,8,-1.8056278916871484,0.0,0.0,0.0,0.0,0.0,0
B,0.5271583836394063,0.3001465325167843,11,-0.12589797010424064,1.0,0.0,0.0,0.0,0.0,1
C,0.7206727230571305,0.3413765021890814,7,0.10615581483172498,1.0,0.8181818181818182,0.0,0.16666666666666666,0.058823529411764705,2
D,0.770131791583162,0.3978757202970284,6,-2.361127991803963,1.0,0.6363636363636364,0.42857142857142855,0.0,0.0,3
E,0.33809324317062445,0.3339035977096953,17,14.104430750332341,1.0,1.0,0.7142857142857143,1.0,0.0,4
