models,delta,spacing,onvg,hypervolume,time,c_Prufer,c_NetKeys,c_Prim,c_Kruskal,c_GPrim,score
Prufer,0.9396261359448624,0.03083972364827553,6,0.5847521677084502,41.975950717926025,0.0,0.0,0.0,0.0,0.0,0
NetKeys,0.9285067222852001,0.015551554056830235,5,0.7188035279811209,54.15802454948425,1.0,0.0,0.8,0.0,0.0,2
Prim,0.9048714288319173,0.026455263240664682,5,0.7059037220565515,42.51994776725769,1.0,0.0,0.0,0.0,0.0,1
Kruskal,0.9575413115950092,0.04436118494275003,3,0.6915074286767082,52.609267711639404,1.0,0.4,0.6,0.0,0.0,3
GPrim,0.9633580787535091,0.15187408399597263,10,0.8241016550685122,74.31377744674683,1.0,1.0,1.0,1.0,0.0,4
