models,delta,spacing,onvg,hypervolume,time,c_Prufer,c_NetKeys,c_Prim,c_Kruskal,c_GPrim,score
Prufer,0.7325742221775896,0.3049603588196638,3,1.5926977412841445,37.35954427719116,0.0,0.0,0.0,0.0,0.0,0
NetKeys,0.7767763481568679,0.08469583062676915,6,0.490629979466883,51.187313079833984,1.0,0.0,0.0,0.0,0.0,1
Prim,0.8824179671915136,0.12548840263715336,5,0.48706126340012523,41.668030977249146,1.0,0.6666666666666666,0.0,0.0,0.0,2
Kruskal,0.7452321851843051,0.15073283300299725,4,0.9997700458216331,46.544105052948,1.0,0.6666666666666666,0.8,0.0,0.0,3
GPrim,0.9763411134382038,0.2961694186036532,9,2.739560974163045,75.09465074539185,1.0,1.0,1.0,1.0,0.0,4
