models,delta,spacing,onvg,hypervolume,time,c_Prufer,c_NetKeys,c_Prim,c_Kruskal,c_GPrim,score
Prufer,0.9607119871675762,0.004899010567505553,10,0.5453016865184646,536.4447267055511,0.0,0.0,0.0,0.0,0.0,0
NetKeys,0.9720982083659205,0.0051580512566247825,10,0.6505024614403115,1439.301990032196,0.8,0.0,1.0,1.0,0.0,3
Prim,0.9969469411703779,0.0,2,0.5710678610360975,285.6960418224335,0.6,0.0,0.0,0.0,0.0,1
Kruskal,0.9807027311396103,0.0,2,0.6216410519631935,460.639554977417,0.4,0.0,0.0,0.0,0.0,1
GPrim,0.9263257414253895,0.002569159480357017,29,0.7875582816743045,586.5483243465424,1.0,1.0,1.0,1.0,0.0,4
