models,delta,spacing,onvg,hypervolume,time,c_Prufer,c_NetKeys,c_Prim,c_Kruskal,c_GPrim,score
Prufer,0.9697664410620144,0.002605454781309762,5,0.42974650610257015,239.19215726852417,0.0,0.13636363636363635,0.0,0.0,0.0,0
NetKeys,0.8885026127000052,0.012520715393392516,22,0.5845643634217431,1182.8005816936493,0.4,0.0,0.0,0.0,0.0,1
Prim,0.9487817034282512,0.010133587069844567,9,0.5133502058998384,191.88391399383545,1.0,0.5909090909090909,0.0,0.0,0.0,2
Kruskal,0.9827921804171876,0.0025894542154197573,6,0.5384718290363362,347.066534280777,1.0,0.6818181818181818,1.0,0.0,0.0,3
GPrim,0.7909618875239528,0.0015415489496256732,83,0.6900018967361898,275.63574743270874,1.0,1.0,1.0,1.0,0.0,4
