models,delta,spacing,onvg,hypervolume,time,c_Prufer,c_NetKeys,c_Prim,c_Kruskal,c_GPrim,score
Prufer,0.9691558149525766,0.01147709628364919,8,0.6001515067729792,245.95340156555176,0.0,0.4666666666666667,0.25,0.0,0.0,1
NetKeys,0.9342420824328572,0.010736830491920264,15,0.676957143112659,1167.4368877410889,0.0,0.0,0.0,0.0,0.0,0
Prim,0.9801954828338321,0.007963627314384141,8,0.5928247121602181,175.0120232105255,0.625,0.4666666666666667,0.0,0.0,0.0,2
Kruskal,0.9877100464630872,0.023912804127657002,11,0.6833820170893523,363.30931639671326,0.875,1.0,0.625,0.0,0.0,3
GPrim,0.7835763642160061,0.003389247275863554,98,0.8077408984372242,236.53242421150208,1.0,1.0,1.0,1.0,0.0,4
