models,delta,spacing,onvg,hypervolume,c_A,c_B,c_C,c_D,c_E,c_F,score
A,0.9474747489060915,0.8367544715794784,6,0.1607929818829164,0.0,0.0,0.0,0.0,0.0,0.0,0
B,0.8762626368075331,0.00011970250296549525,17,0.25735577176155755,1.0,0.0,0.38461538461538464,0.058823529411764705,0.0,0.0,2
C,0.8585858697544567,0.6602558438535198,13,0.25522307573194103,1.0,0.23529411764705882,0.0,0.0,0.0,0.0,1
D,0.8686868874224587,0.5623252781265442,17,0.3151909815556252,1.0,0.5882352941176471,0.5384615384615384,0.0,0.0,0.0,3
E,0.533700342897091,0.28763486060444116,56,1.620969406773098,1.0,1.0,1.0,1.0,0.0,0.26865671641791045,4
F,0.4220998990868618,0.34287313433175703,67,1.6509430313156033,1.0,1.0,1.0,1.0,0.6785714285714286,0.0,5
