models,delta,spacing,onvg,hypervolume,c_A,c_B,c_C,c_D,c_E,score
A,0.9474747489060915,0.8367544715794784,6,0.1607929818829164,0.0,0.0,0.0,0.0,0.0,0
B,0.8762626368075331,0.00011970250296549525,17,0.25735577176155755,1.0,0.0,0.38461538461538464,0.058823529411764705,0.0,2
C,0.8585858697544567,0.6602558438535198,13,0.25522307573194103,1.0,0.23529411764705882,0.0,0.0,0.0,1
D,0.8686868874224587,0.5623252781265442,17,0.3151909815556252,1.0,0.5882352941176471,0.5384615384615384,0.0,0.0,3
E,0.625344398554421,0.31784225258216303,45,0.6547403098608555,1.0,1.0,1.0,0.8235294117647058,0.0,4
