models,delta,spacing,onvg,hypervolume,c_A,c_B,c_C,c_D,c_E,score
A,0.9474747489060915,0.8367544715794784,6,0.1607929818829164,0.0,0.0,0.0,0.0,0.0,0
B,0.85858586835672,0.6325222856541209,15,0.2952208284434473,1.0,0.0,0.21428571428571427,0.16666666666666666,0.0,1
C,0.8756798823398383,0.4258219644639652,14,0.23580885406422797,1.0,0.7333333333333333,0.0,0.25,0.0,2
D,0.9109274511201193,0.49280781571181503,12,0.3815082961402827,1.0,0.7333333333333333,0.35714285714285715,0.0,0.0,3
E,0.7794612947217805,0.3741567914827874,25,0.37876309066259045,1.0,0.9333333333333333,1.0,0.6666666666666666,0.0,4
