models,igd,delta,spacing,onvg,hypervolume,c_A,c_B,c_C,c_D,c_E,score
A,0.7615773210379693,0.7684210559066063,0.0001572440295251488,6,0.014332701518255163,0.0,0.0,0.0,0.0,0.0,0
B,0.39370040308506804,0.5368421245040291,0.30147656252897626,11,0.03073212209771939,1.0,0.0,0.375,0.25,0.05,2
C,0.6982120127733957,0.63157896749092,9.278103981115514e-05,8,0.015853452041761855,1.0,0.36363636363636365,0.0,0.375,0.0,1
D,0.6538348524370734,0.6691729502728927,0.3535235993885838,8,0.017748729932483977,1.0,0.5454545454545454,0.375,0.0,0.0,2
E,6.633429313991816e-05,6.356927165856473e-06,0.00045918721778860367,20,0.06294335811832466,1.0,0.9090909090909091,1.0,1.0,0.0,4
