models,igd,delta,spacing,onvg,hypervolume,c_A,c_B,c_C,c_D,c_E,score
A,0.049727276765385194,0.8081916347481182,0.02495854550225159,6,0.1717616360760001,0.0,0.0,0.0,0.0,0.0,0
B,0.03720528683614764,0.6983458642544128,0.034768253707550496,11,0.3284869000878006,1.0,0.0,0.08333333333333333,0.08333333333333333,0.0,1
C,0.03573464340623515,0.6841249927626414,0.019566789407543615,12,0.3012810673679,1.0,0.7272727272727273,0.0,0.08333333333333333,0.1,2
D,0.03572577935344878,0.6846354548457738,0.019899237992392415,12,0.30140175394140517,1.0,0.6363636363636364,0.4166666666666667,0.0,0.1,3
E,0.01696514260264201,0.6439745134111887,0.11769617567783074,20,0.8068387656232416,1.0,0.9090909090909091,0.3333333333333333,0.16666666666666666,0.0,4
