models,delta,spacing,onvg,hypervolume,time,c_Prufer,c_NetKeys,c_Prim,c_Kruskal,c_GPrim,score
Prufer,0.8939028110115763,0.18114429463915166,5,0.6094349728207601,35.74201011657715,0.0,0.0,0.0,0.0,0.0,0
NetKeys,0.8595664799988494,0.11580421395440212,3,0.30988335092329694,55.21084690093994,1.0,0.0,0.0,0.0,0.0,1
Prim,0.6835006586263584,0.0,2,0.7532129804486042,42.43966460227966,1.0,0.6666666666666666,0.0,0.0,0.0,2
Kruskal,0.9830205266033185,0.0,2,0.347652576724618,44.48821139335632,1.0,1.0,1.0,0.0,0.0,3
GPrim,0.8848653130844736,0.4396783631930479,4,2.490825315697711,77.73571348190308,1.0,1.0,1.0,1.0,0.0,4
