models,delta,spacing,onvg,hypervolume,time,c_Prufer,c_NetKeys,c_Prim,c_Kruskal,c_GPrim,score
Prufer,0.9050791792686287,0.06312006904864156,5,0.27545098241887533,38.01694893836975,0.0,0.0,0.0,0.0,0.0,0
NetKeys,0.7985613594496939,0.10251345556555014,5,0.44535659694386664,50.439170122146606,1.0,0.0,0.42857142857142855,0.0,0.0,2
Prim,0.8665431859719703,0.10169583235272626,7,0.5024205613943529,42.4612774848938,1.0,0.2,0.0,0.0,0.0,1
Kruskal,0.9669411785338113,0.21009281551015277,3,0.4366614635507309,46.424874782562256,1.0,0.6,0.42857142857142855,0.0,0.0,3
GPrim,1.0139069775612872,0.3552119948635028,9,3.059236949800133,72.03055834770203,1.0,1.0,1.0,1.0,0.0,4
