models,delta,spacing,nds,c_kruskal,score
kruskal,0.21874995453156582,0.000533922763735301,9,0.0,0
