models,delta,spacing,onvg,hypervolume,time,c_Prufer,c_NetKeys,c_Prim,c_Kruskal,c_GPrim,score
Prufer,0.9186146314074896,0.04387000738018936,5,0.49858908327394785,26.794516801834106,0.0,0.0,0.0,0.0,0.0,0
NetKeys,0.870957038343305,0.01992475880934993,9,0.6258922236359304,38.92699718475342,0.6,0.0,0.14285714285714285,0.0,0.0,1
Prim,0.9154009924095075,0.01189213728458932,7,0.5895110157352176,28.78355312347412,0.8,0.5555555555555556,0.0,0.3333333333333333,0.0,2
Kruskal,0.9205800372155865,0.004267909789232635,6,0.5498589377391315,33.5681939125061,1.0,0.4444444444444444,0.42857142857142855,0.0,0.0,3
GPrim,0.5742406572034733,0.03359337599785975,35,0.7761026085427493,43.623902559280396,1.0,1.0,1.0,1.0,0.0,4
