models,delta,spacing,onvg,hypervolume,time,c_A,c_B,c_C,c_D,c_E,score
A,0.8798096609770947,0.0117910011228456,7,0.1300519990195887,28.312416315078735,0.0,0.0,0.14285714285714285,0.0,0.0,0
B,0.8813089760254077,0.004788343853530551,9,0.11719194843172338,41.45328974723816,0.8571428571428571,0.0,0.42857142857142855,0.25,0.0,1
C,0.918071141923097,0.03720261784940393,7,0.14683601008447142,29.93830132484436,0.8571428571428571,0.4444444444444444,0.0,0.375,0.0,3
D,0.8974059247087579,0.012389889898915074,8,0.14272865926819206,34.216472148895264,0.8571428571428571,0.5555555555555556,0.2857142857142857,0.0,0.0,2
E,0.6170771844010847,0.03208354785795461,34,0.5774360742140351,45.34744143486023,1.0,1.0,1.0,1.0,0.0,4
