models,delta,spacing,onvg,hypervolume,time,c_Prufer,c_NetKeys,c_Prim,c_Kruskal,c_GPrim,score
Prufer,0.9371716043676567,0.02000506196398439,5,0.5390571559571877,26.794516801834106,0.0,0.0,0.0,0.0,0.0,0
NetKeys,0.8962919619863343,0.010444086443137249,9,0.6842261659618201,38.92699718475342,0.6,0.0,0.14285714285714285,0.0,0.0,1
Prim,0.9253144205697988,0.009916789615816967,7,0.6371248823577803,28.78355312347412,0.8,0.5555555555555556,0.0,0.3333333333333333,0.0,2
Kruskal,0.9329208270097444,0.00090840252324272,6,0.5893274109722342,33.5681939125061,1.0,0.4444444444444444,0.42857142857142855,0.0,0.0,3
GPrim,0.5402488391095691,0.0071501763223030795,35,0.8736285961631075,43.623902559280396,1.0,1.0,1.0,1.0,0.0,4
