models,delta,spacing,onvg,hypervolume,time,c_A,c_B,c_C,c_D,c_E,score
A,0.959798995290455,1.7884629680488757,5,0.6322614271293343,173.17255997657776,0.0,0.0,0.0,0.0,0.0,0
B,1.0033500702910345,0.7569585415241509,7,1.2355262235560114,1407.6713972091675,1.0,0.0,0.375,0.0,0.0,2
C,0.933237624698391,0.8864692902548306,8,1.1067712138003598,294.42621636390686,1.0,0.0,0.0,0.0,0.0,1
D,0.9815745111449182,0.5759655607500058,4,0.4025534365630139,582.4193167686462,1.0,0.7142857142857143,0.375,0.0,0.0,3
E,0.9088923230411919,0.6579896397653391,24,1.6263352721401945,496.4904110431671,1.0,1.0,1.0,1.0,0.0,4
