models,delta,spacing,onvg,hypervolume,time,c_A,c_B,c_C,c_D,c_E,score
A,0.9591339616009252,0.004570814194430556,5,0.03966111217028287,173.17255997657776,0.0,0.0,0.0,0.0,0.0,0
B,0.9914439732689886,0.017329713537395063,7,0.07750329537619768,1407.6713972091675,1.0,0.0,0.375,0.0,0.0,2
C,0.9491326817139447,0.007448678693948892,8,0.06942662540189576,294.42621636390686,1.0,0.0,0.0,0.0,0.0,1
D,0.9856022602835615,0.011953002325331204,4,0.025251765040527563,582.4193167686462,1.0,0.7142857142857143,0.375,0.0,0.0,3
E,0.9469677441837827,0.003258419684700942,24,0.10201834697982524,496.4904110431671,1.0,1.0,1.0,1.0,0.0,4
