models,delta,spacing,onvg,hypervolume,time,c_A,c_B,c_C,c_D,c_E,score
A,0.9693588772236696,0.008697934836803905,9,0.05027167404446359,667.4719438552856,0.0,0.0,0.0,0.0,0.0,0
B,0.9914439732689886,0.017329713537395063,7,0.07750329537619768,1407.6713972091675,0.8888888888888888,0.0,0.375,0.0,0.0,2
C,0.9491326817139447,0.007448678693948892,8,0.06942662540189576,294.42621636390686,0.8888888888888888,0.0,0.0,0.0,0.0,1
D,0.9968368828439748,0.0,2,0.0033717897928313423,465.6730909347534,0.7777777777777778,0.7142857142857143,0.25,0.0,0.0,3
E,0.9469677441837827,0.003258419684700942,24,0.10201834697982524,496.4904110431671,1.0,1.0,1.0,1.0,0.0,4
