models,delta,spacing,onvg,hypervolume,time,c_A,c_B,c_C,c_D,c_E,score
A,0.9320323153155039,0.014478750340791983,10,0.08971093251161769,650.7194993495941,0.0,0.0,0.0,0.0,0.0,0
B,0.952098817908814,0.0061641056130009066,16,0.10772087789584908,1400.4685513973236,1.0,0.0,0.8333333333333334,0.0,0.0,2
C,0.9849797486339518,0.0034025047333858917,6,0.04096893831044052,290.397766828537,0.8,0.0,0.0,0.0,0.0,1
D,0.9941244498835917,0.051913771707607505,3,0.04713777090719731,459.44491505622864,0.7,0.5625,0.5,0.0,0.0,3
E,0.9461345007658798,0.002799313264935811,26,0.11150877975911497,483.91088128089905,1.0,1.0,1.0,1.0,0.0,4
