models,delta,spacing,onvg,hypervolume,time,c_A,c_B,c_C,c_D,c_E,score
A,0.9713682275314703,0.025272520554687726,4,0.050983140112989156,170.71468257904053,0.0,0.0,0.0,0.0,0.0,0
B,0.952098817908814,0.0061641056130009066,16,0.10772087789584908,1400.4685513973236,1.0,0.0,0.8333333333333334,0.4444444444444444,0.0,3
C,0.9849797486339518,0.0034025047333858917,6,0.04096893831044052,290.397766828537,1.0,0.0,0.0,0.2222222222222222,0.0,1
D,0.977174100239672,0.016832444918408913,9,0.10178122775586708,620.5335919857025,1.0,0.125,0.3333333333333333,0.0,0.0,2
E,0.9461345007658798,0.002799313264935811,26,0.11150877975911497,483.91088128089905,1.0,1.0,1.0,1.0,0.0,4
