models,delta,spacing,onvg,hypervolume,time,c_Prufer,c_NetKeys,c_Prim,c_Kruskal,c_GPrim,score
Prufer,0.9276454248736838,0.06263479412302268,4,0.1368520455387845,105.12822675704956,0.0,0.0,0.0,0.0,0.0,0
NetKeys,0.9855719114954473,0.0,2,0.1786455801627769,147.9168086051941,1.0,0.0,0.6666666666666666,0.0,0.0,2
Prim,0.9777210401076187,0.011547005383792575,3,0.13924481644242273,104.96563148498535,1.0,0.0,0.0,0.0,0.0,1
Kruskal,1.0,inf,1,0.177710791772265,123.03205871582031,1.0,0.0,1.0,0.0,0.0,2
GPrim,0.9009645924359378,0.351043771504257,6,2.7623212753948616,238.92469954490662,1.0,1.0,1.0,1.0,0.0,4
