models,igd,delta,spacing,onvg,hypervolume,c_A,c_B,c_C,c_D,c_E,score
A,0.04671836933331708,0.8289361016785843,0.04099558225798735,6,0.19396285640427147,0.0,0.0,0.0,0.0,0.0,0
B,0.02485339225092613,0.6572032795314086,0.055745512567236186,14,0.4624373795637934,0.8333333333333334,0.0,0.2727272727272727,0.2727272727272727,0.0,1
C,0.03744377717856568,0.7253799663913016,0.0011037447609504477,11,0.28809518386490085,1.0,0.5714285714285714,0.0,0.2727272727272727,0.0,2
D,0.038734102640616504,0.6991130644038953,0.025366280499739605,11,0.3065008252721027,1.0,0.5714285714285714,0.2727272727272727,0.0,0.0,2
E,0.016953444263714392,0.6432573913509749,0.11751244759836088,20,0.8059983772474533,1.0,0.9285714285714286,0.7272727272727273,0.9090909090909091,0.0,4
