models,delta,spacing,onvg,hypervolume,time,c_Prufer,c_NetKeys,c_Prim,c_Kruskal,c_GPrim,score
Prufer,0.9092787999348052,0.1043985565146598,5,0.4404690721567483,74.0614824295044,0.0,0.0,0.0,0.0,0.0,0
NetKeys,0.9938086764321125,0.0,2,0.6172725103761212,74.93019151687622,1.0,0.0,1.0,0.0,0.0,2
Prim,0.978766145103726,0.0017754544983764548,3,0.5421762484411029,110.50447607040405,1.0,0.0,0.0,0.0,0.0,1
Kruskal,1.0,inf,1,0.22540126740285177,110.9789969921112,0.2,0.0,0.0,0.0,0.0,1
GPrim,0.9564842056352028,0.04332824435307168,5,0.8102840649987731,171.77932596206665,1.0,1.0,1.0,1.0,0.0,4
