models,delta,spacing,onvg,hypervolume,c_A,c_B,c_C,c_D,c_E,score
A,0.9798994977933478,5.354056582608807,4,0.3811990844996327,0.0,0.10526315789473684,0.0,0.0,0.0,0
B,0.8693467075239618,1.6681744232524904,19,1.697830130518619,0.5,0.0,0.0,0.0,0.0,1
C,0.9296482441605708,0.9718209250008357,9,0.41171144457487574,1.0,0.2631578947368421,0.0,0.10526315789473684,0.0,2
D,0.8805136813109198,2.0274964269231055,19,1.3669398994403181,1.0,1.0,0.5555555555555556,0.0,0.0,3
E,0.8903778199636198,0.9449111705724362,28,0.9491085001485653,1.0,0.3157894736842105,1.0,0.3157894736842105,0.0,4
