models,igd,delta,spacing,onvg,hypervolume,c_A,c_B,c_C,c_D,c_E,score
A,0.7648529294917954,0.7894736927601372,0.9575192587295372,4,0.012263176852368987,0.0,0.0,0.0,0.0,0.0,0
B,0.6041523046846607,0.5672514993801822,0.00013587694624532144,10,0.024244470102672014,1.0,0.0,0.5,0.25,0.05,2
C,0.6204837001534995,0.5263158276490922,0.00026567808943883734,10,0.02658501176239524,1.0,0.4,0.0,0.25,0.0,1
D,0.5937171169452207,0.42105270898471037,0.00017849407183531636,12,0.03053823516000284,1.0,0.5,0.5,0.0,0.05,3
E,0.00019239236883222339,6.2577740023372554e-06,0.0004589814836875523,20,0.06292902808972849,1.0,0.7,0.8,0.8333333333333334,0.0,4
