models,delta,spacing,onvg,hypervolume,c_A,c_B,c_C,c_D,c_E,score
A,0.7905166987245026,1.050487822148175,4,-0.6251818876310153,0.0,0.0,0.0,0.0,0.0,0
B,0.5763795007892012,0.13587694624529045,10,2.7638722026720153,1.0,0.0,0.5,0.25,0.2631578947368421,2
C,0.5606089064121946,0.2656780894387991,10,7.2524736523952384,1.0,0.4,0.0,0.25,0.05263157894736842,1
D,0.47185244841160223,0.17849407183526797,12,6.909577470002837,1.0,0.5,0.5,0.0,0.3157894736842105,3
E,0.15280859312596745,0.15014545517891983,19,8.88597062542873,1.0,0.5,0.6,0.5,0.0,4
