models,delta,spacing,onvg,hypervolume,c_A,c_B,c_C,c_D,c_E,score
A,0.9303703722844163,1.1406658275753911,5.8,0.14511128698829295,0.0,0.0,0.0,0.0,0.0,0.0
B,0.8674355450815376,0.8104089212614779,12.1,0.2667992483054399,0.95,0.0,0.2371139971139971,0.2363015381591233,0.0,1.2
C,0.9040121589531124,0.707740507486702,9.9,0.18705242792038285,1.0,0.47229603729603725,0.0,0.2270408865300506,0.0,2.2
D,0.8392843527037568,0.6021992519805811,17.5,0.4176316093646169,1.0,0.5134731934731934,0.3166594516594517,0.0,0.0,2.5
E,0.8010452931753704,0.7274772734178819,23.6,0.37806797454994917,1.0,0.8055594405594407,1.0,0.555420413779547,0.0,4.0
