models,igd,delta,spacing,onvg,hypervolume,c_A,c_B,c_C,c_D,c_E,c_F,score
A,0.6082762659094078,0.7192982406441714,0.37791580358422966,7,0.01979312734096473,0.0,0.0,0.0,0.0,0.0,0.0,0
B,0.3872983470835282,0.3684211163947823,9.317117755286029e-05,13,0.02758128150374476,1.0,0.0,0.0,0.3076923076923077,0.0,0.0,1
C,0.2958040050513425,0.3157895435797471,9.105731442149079e-05,14,0.0295682268042713,1.0,0.8461538461538461,0.0,0.46153846153846156,0.1,0.0,3
D,0.38729834645793,0.3684211197797146,0.0001173841964172948,13,0.027883914887280876,1.0,0.6923076923076923,0.35714285714285715,0.0,0.1,0.1,2
E,6.636705273571733e-05,6.438888896820944e-06,0.0004588038935805508,20,0.06289297482268776,1.0,0.7692307692307693,0.5,0.7692307692307693,0.0,0.05,4
F,6.629688750384115e-05,6.492731186272721e-06,0.00045876914261262883,20,0.06288788358325574,1.0,0.8461538461538461,0.5,0.6923076923076923,0.4,0.0,5
