models,igd,delta,spacing,onvg,hypervolume,c_A,c_B,c_C,c_D,c_E,score
A,0.6782330098787807,0.7578947287848186,0.516295451634831,6,0.017942373251996577,0.0,0.0,0.0,0.0,0.0,0
B,0.604152305056007,0.567251482267418,0.00019153013981915647,10,0.026774958506938742,1.0,0.0,0.25,0.4444444444444444,0.0,1
C,0.739932438026489,0.6691729540715966,0.3535980985996698,8,0.01829252009143125,1.0,0.5,0.0,0.3333333333333333,0.0,2
D,0.6224949879070857,0.6184210648074032,0.0001690562613804442,9,0.02350706540378064,1.0,0.5,0.5,0.0,0.05,3
E,6.673312578094984e-05,6.17363703867987e-06,0.00045896238638560584,20,0.06291503456766771,1.0,1.0,1.0,0.8888888888888888,0.0,4
