models,delta,spacing,onvg,hypervolume,time,c_A,c_B,c_C,c_D,c_E,score
A,0.9230769259185484,0.00016820905815496408,4,0.01624858781598082,17.640369653701782,0.0,0.0,0.0,0.0,0.0,0
B,0.8632478694261526,0.00016824780024525003,7,0.03714760325893243,23.630255699157715,1.0,0.0,0.625,0.25,0.0,2
C,0.8205128337026267,0.00019452868148022462,8,0.03710233957908583,27.661829233169556,1.0,0.0,0.0,0.08333333333333333,0.0,1
D,0.7179487532371863,0.00024628172294335643,12,0.06727969131909099,34.07822513580322,1.0,0.5714285714285714,0.5,0.0,0.04,3
E,0.38461554670048864,0.0004354834715508257,25,0.16197044674994482,41.311601638793945,1.0,1.0,1.0,0.9166666666666666,0.0,4
