models,delta,spacing,onvg,hypervolume,c_A,c_B,c_C,c_D,c_E,score
A,0.9491873235317967,0.021290129879878623,4,0.051414375177136484,0.0,0.0,0.0,0.0,0.0,0
B,0.9062808534292072,0.016626098706121216,7,0.11754380334564991,1.0,0.0,0.625,0.25,0.0,2
C,0.9119466018653345,0.02462139042630868,8,0.11740057835626083,1.0,0.0,0.0,0.08333333333333333,0.0,1
D,0.866621682263117,0.031171745005989918,12,0.21288885720145745,1.0,0.5714285714285714,0.5,0.0,0.04,3
E,0.7601465950425901,0.05511890840811687,25,0.5125128048740153,1.0,1.0,1.0,0.9166666666666666,0.0,4
