models,delta,spacing,onvg,hypervolume,time,c_Prufer,c_NetKeys,c_Prim,c_Kruskal,c_GPrim,score
Prufer,0.8700436175305727,0.01805410334981605,9.8,0.7155188850140781,22.917170000076293,0.0,0.0,0.01,0.00769230769230769,0.0,0.0
NetKeys,0.8734886686522378,0.01578002374276999,10.8,0.7712955281881455,23.99161913394928,0.9916666666666668,0.0,0.503080808080808,0.1400732454679823,0.00344827586206896,1.7
Prim,0.8704511868768122,0.01043042917534001,10.0,0.7395934373334666,28.914633369445802,0.9621056721056721,0.32444638694638694,0.0,0.17744505494505491,0.0037037037037037,1.5
Kruskal,0.8415382456683023,0.015396983687764512,12.9,0.836050956541684,32.11893360614776,0.9666666666666666,0.6658216783216784,0.6379040404040405,0.0,0.05311530742565225,2.8
GPrim,0.6985487775275194,0.031280225671617215,27.7,0.9070306895946173,40.59810559749603,1.0,0.9916666666666668,0.9916666666666666,0.8807465779834199,0.0,4.0
