models,delta,spacing,onvg,hypervolume,time,c_Prufer,c_NetKeys,c_Prim,c_Kruskal,c_GPrim,score
Prufer,0.8700436175305729,0.018054103349816095,9.8,0.7155188850140781,22.917170000076293,0.0,0.0,0.01,0.007692307692307693,0.0,0.0
NetKeys,0.8734886686522378,0.01578002374277004,10.8,0.7712955281881455,23.99161913394928,0.9916666666666668,0.0,0.503080808080808,0.14007324546798233,0.0034482758620689646,1.7
Prim,0.8704511868768122,0.010430429175340063,10.0,0.7395934373334666,28.914633369445802,0.9621056721056721,0.324446386946387,0.0,0.17744505494505491,0.0037037037037037034,1.5
Kruskal,0.8415382456683023,0.015396983687764565,12.9,0.836050956541684,32.11893360614776,0.9666666666666666,0.6658216783216784,0.6379040404040405,0.0,0.05311530742565225,2.8
GPrim,0.6985487775275194,0.03128022567161724,27.7,0.9070306895946173,40.59810559749603,1.0,0.9916666666666668,0.9916666666666666,0.8807465779834199,0.0,4.0
