models,delta,spacing,onvg,hypervolume,time,c_Prufer,c_NetKeys,c_Prim,c_Kruskal,c_GPrim,score
Prufer,0.820790186747034,0.0389848441928805,8,0.5557105887307527,23.16384243965149,0.0,0.0,0.0,0.0,0.0,0
NetKeys,0.7779507115373557,0.0645889718490927,12,0.6416172522311676,23.70741581916809,1.0,0.0,0.6363636363636364,0.18181818181818182,0.0,2
Prim,0.8508625927393632,0.017958352310234703,11,0.6142265270485127,28.476961851119995,1.0,0.25,0.0,0.0,0.0,1
Kruskal,0.7541365422017986,0.030478808825300824,11,0.6749253131537191,32.01217532157898,1.0,0.6666666666666666,0.9090909090909091,0.0,0.0,3
GPrim,0.858700097134366,0.09520470030570682,28,1.4599968409919255,40.91859245300293,1.0,1.0,1.0,1.0,0.0,4
