models,delta,spacing,onvg,hypervolume,time,c_Prufer,c_NetKeys,c_Prim,c_Kruskal,c_GPrim,score
Prufer,0.900743289398122,0.04457215481539928,4,0.5182266616541475,25.737167596817017,0.0,0.18181818181818182,0.0,0.0,0.0,0
NetKeys,0.8584070466625543,0.003340051047926326,11,0.6027022778050222,39.662179470062256,0.5,0.0,0.0,0.0,0.0,1
Prim,0.9176222904125049,0.025517755591259475,7,0.6097473432449598,28.155632257461548,1.0,0.9090909090909091,0.0,0.125,0.0,2
Kruskal,0.8825459469072787,0.010623106932904974,8,0.6103464672605723,34.577417850494385,1.0,1.0,0.42857142857142855,0.0,0.0,3
GPrim,0.6221570457812484,0.040895651854031816,34,0.7714813212970024,41.99298691749573,1.0,1.0,1.0,1.0,0.0,4
