models,igd,delta,spacing,onvg,hypervolume,time,c_Prufer,c_NetKeys,c_Prim,c_Kruskal,c_GPrim,score
Prufer,0.038525056071785205,0.7284189247024351,0.02574152335081896,9,0.901031063372506,16.778979778289795,0.0,0.4,0.07692307692307693,0.1111111111111111,0.0,0
NetKeys,0.03583329873466291,0.7356904684930766,0.03271115454764054,10,1.1614378522423932,23.861313581466675,0.5555555555555556,0.0,0.0,0.0,0.0,1
Prim,0.03433268726490828,0.6714371619527707,0.0012660743961058268,13,1.0727602017916826,18.014678239822388,0.7777777777777778,0.8,0.0,0.4444444444444444,0.0,3
Kruskal,0.04583497083258146,0.7577143902130171,0.024117378034056947,9,1.1261510589781152,19.7361958026886,0.7777777777777778,0.8,0.3076923076923077,0.0,0.05,2
GPrim,0.017015603560912657,0.6427879501987953,0.11729905095801674,20,1.4439391568785782,25.225491523742676,1.0,1.0,0.5384615384615384,0.7777777777777778,0.0,4
