models,igd,delta,spacing,onvg,hypervolume,time,c_Prufer,c_NetKeys,c_Prim,c_Kruskal,c_GPrim,score
Prufer,0.04445305526228375,0.777633626833358,0.02148605215954522,8,0.6550395924961708,16.754775524139404,0.0,0.4444444444444444,0.09090909090909091,0.08333333333333333,0.0,1
NetKeys,0.04796786748831948,0.7694190788771083,0.0019043502710456546,9,0.700416643121144,21.73058772087097,0.375,0.0,0.0,0.25,0.0,0
Prim,0.04633325781557339,0.7026077322355144,0.000832574650324328,11,0.6139767538374953,17.87641429901123,0.75,0.6666666666666666,0.0,0.4166666666666667,0.0,3
Kruskal,0.037761264573948336,0.6805297739891623,0.011644317372145382,12,0.6987284954366245,19.61008071899414,0.625,0.4444444444444444,0.09090909090909091,0.0,0.0,2
GPrim,0.0007820517483871411,0.59626036294135,0.09152927168815614,20,0.8240075322674844,24.16798973083496,1.0,1.0,0.45454545454545453,0.6666666666666666,0.0,4
