models,igd,delta,spacing,onvg,hypervolume,time,c_A,c_B,c_C,c_D,c_E,score
A,0.038525056071785205,0.7284189247024351,0.02574152335081896,9,0.2726767788273741,16.778979778289795,0.0,0.4,0.07692307692307693,0.1111111111111111,0.0,0
B,0.03583329873466291,0.7356904684930766,0.03271115454764054,10,0.3055768375773553,23.861313581466675,0.5555555555555556,0.0,0.0,0.0,0.0,1
C,0.03433268726490828,0.6714371619527707,0.0012660743961058268,13,0.3227585189485256,18.014678239822388,0.7777777777777778,0.8,0.0,0.4444444444444444,0.0,3
D,0.04583497083258146,0.7577143902130171,0.024117378034056947,9,0.2444026518919515,19.7361958026886,0.7777777777777778,0.8,0.3076923076923077,0.0,0.05,2
E,0.017015603560912657,0.6427879501987953,0.11729905095801674,20,0.8059906538215269,25.225491523742676,1.0,1.0,0.5384615384615384,0.7777777777777778,0.0,4
