models,igd,delta,spacing,onvg,hypervolume,time,c_Prufer,c_NetKeys,c_Prim,c_Kruskal,c_GPrim,score
Prufer,0.04736126980379719,0.7284189247024351,0.02574152335081896,9,0.6409595407395378,16.778979778289795,0.0,0.4,0.07692307692307693,0.1111111111111111,0.0,0
NetKeys,0.04305323017615599,0.7356904684930766,0.03271115454764054,10,0.7150384541386309,23.861313581466675,0.5555555555555556,0.0,0.0,0.0,0.0,1
Prim,0.044070360822915426,0.6714371619527707,0.0012660743961058268,13,0.6859140732596474,18.014678239822388,0.7777777777777778,0.8,0.0,0.4444444444444444,0.0,3
Kruskal,0.05273946168922944,0.7577143902130171,0.024117378034056947,9,0.7251117783486714,19.7361958026886,0.7777777777777778,0.8,0.3076923076923077,0.0,0.05,2
GPrim,0.00021683539132307607,0.6427879501987953,0.11729905095801674,20,0.7931301285044384,25.225491523742676,1.0,1.0,0.5384615384615384,0.7777777777777778,0.0,4
