models,igd,delta,spacing,onvg,hypervolume,c_A,c_B,c_C,c_D,c_E,score
A,0.06034885780017986,0.8510532188407981,0.04197492600415807,6,0.1552696275701119,0.0,0.0,0.0,0.0,0.0,0
B,0.0378373715370723,0.808563037160667,0.14563084980041333,12,0.6104412849994434,1.0,0.0,0.4,0.4,0.1,3
C,0.04737278110550045,0.7348927806238165,0.025725445786759935,10,0.28689835458980184,1.0,0.3333333333333333,0.0,0.2,0.05,1
D,0.034925303992248524,0.6033545422090772,0.030829141621667774,15,0.42255163954622693,1.0,0.3333333333333333,0.5,0.0,0.0,2
E,0.011064418503706226,0.6441520200638845,0.11746705694226332,20,0.8062907287718664,1.0,0.5833333333333334,0.5,0.5333333333333333,0.0,4
