models,delta,spacing,onvg,hypervolume,time,c_Prufer,c_NetKeys,c_Prim,c_Kruskal,c_GPrim,score
Prufer,0.9482001813856469,0.023058448456816993,3.7,0.16811526983243633,110.08387441635132,0.0,0.2,0.1,0.08333333333333333,0.0,0.6
NetKeys,0.9566730544564368,inf,1.9,0.18519041566904165,154.9066890001297,0.4666666666666666,0.0,0.15666666666666665,0.0,0.0,1.0
Prim,0.923644453538855,inf,3.0,0.27535687830162625,106.92030797004699,0.5,0.4,0.0,0.15833333333333333,0.0,1.2
Kruskal,0.9447350823732681,inf,2.0,0.25622443069124196,119.81589236259461,0.525,0.65,0.5433333333333333,0.0,0.0,1.9
GPrim,0.9294156009282141,0.4462590917429245,6.0,3.244448710276412,227.81927664279937,1.0,1.0,1.0,1.0,0.0,4.0
