models,delta,spacing,onvg,hypervolume,time,c_Prufer,c_NetKeys,c_Prim,c_Kruskal,c_GPrim,score
Prufer,0.9482001813856469,0.023058448456816993,3.7,0.16811526983243633,110.66760778427124,0.0,0.2,0.1,0.08333333333333333,0.0,0.6
NetKeys,0.9566730544564368,inf,1.9,0.18519041566904165,147.92132732868194,0.4666666666666666,0.0,0.15666666666666665,0.0,0.0,1.0
Prim,0.923644453538855,inf,3.0,0.27535687830162625,103.07282795906067,0.5,0.4,0.0,0.15833333333333333,0.0,1.2
Kruskal,0.9447350823732681,inf,2.0,0.25622443069124196,122.49604713916779,0.525,0.65,0.5433333333333333,0.0,0.0,1.9
GPrim,0.9294156009282141,0.4462590917429245,6.0,3.244448710276412,225.57190256118776,1.0,1.0,1.0,1.0,0.0,4.0
