models,delta,spacing,onvg,hypervolume,time,c_Prufer,c_NetKeys,c_Prim,c_Kruskal,c_GPrim,score
Prufer,0.9464348649636556,0.00524663176576337,12,0.5790886160239448,244.26990151405334,0.0,0.10526315789473684,0.0,0.0,0.0,0
NetKeys,0.9098808990720559,0.02053849151111079,19,0.697353505397046,1139.0573048591614,0.25,0.0,0.0,0.10526315789473684,0.0,1
Prim,0.9954882976268271,0.01803736163205163,5,0.6007477245313042,191.05693936347961,1.0,0.15789473684210525,0.0,0.5789473684210527,0.0,3
Kruskal,0.9042367506202461,0.008906486863304225,19,0.7445841043261906,347.947144985199,1.0,0.7894736842105263,0.0,0.0,0.0,2
GPrim,0.7457948899715682,0.002711893890979642,99,0.743321118210126,245.07504796981812,1.0,1.0,1.0,0.8947368421052632,0.0,4
