models,delta,spacing,onvg,hypervolume,time,c_Prufer,c_NetKeys,c_Prim,c_Kruskal,c_GPrim,score
Prufer,0.9389660870486523,0.009950861218350728,13,0.7270238520017812,130.28138208389282,0.0,0.0,0.1111111111111111,0.058823529411764705,0.0,0
NetKeys,0.9622054708920381,0.009908000340830878,11,0.7552393100883694,369.8104615211487,1.0,0.0,0.8888888888888888,0.23529411764705882,0.0,2
Prim,0.9673480361675048,0.01912082673489846,9,0.704087764711487,157.34235668182373,0.6923076923076923,0.0,0.0,0.11764705882352941,0.0,2
Kruskal,0.8680875060064455,0.02214481775544884,17,0.8472287293589958,200.50641918182373,0.5384615384615384,0.2727272727272727,0.1111111111111111,0.0,0.0,2
GPrim,0.795731465716183,0.013063310033219627,98,0.9387610138712797,215.0834095478058,1.0,1.0,1.0,1.0,0.0,4
