models,delta,spacing,onvg,hypervolume,time,c_Prufer,c_NetKeys,c_Prim,c_Kruskal,c_GPrim,score
Prufer,1.0750872310527915,0.42692600404042763,7,1.6742911504089633,74.60478925704956,0.0,0.0,0.0,0.0,0.0,0
NetKeys,1.0,inf,1,0.28314942959003264,74.1977767944336,0.7142857142857143,0.0,0.0,0.0,0.0,1
Prim,0.9717695434015277,0.02202311544244397,3,0.54800269376864,109.69417428970337,1.0,0.0,0.0,0.0,0.0,1
Kruskal,0.9812218437676763,0.003976843915046871,3,0.618396308998542,111.49057030677795,1.0,1.0,0.3333333333333333,0.0,0.0,3
GPrim,0.9150546804715118,0.035871300385011094,9,0.8110324153882166,185.8916256427765,1.0,1.0,1.0,1.0,0.0,4
