models,igd,delta,spacing,onvg,hypervolume,c_A,c_B,c_C,c_D,c_E,c_F,score
A,0.7017834553243254,0.7578947445291748,0.5163975383160609,6,0.01505237533449283,0.0,0.0,0.0,0.0,0.0,0.0,0
B,0.6204836937342866,0.5263158316284688,6.090032100523128e-05,10,0.019330040914620532,1.0,0.0,0.4,0.3333333333333333,0.05,0.0,3
C,0.46368093678321187,0.5672514736855546,0.00019173613443300712,10,0.02445004464748441,1.0,0.3,0.0,0.2222222222222222,0.0,0.05,1
D,0.8514693228298095,0.5789474085802911,0.00017247992920793113,9,0.02210646382812742,1.0,0.3,0.5,0.0,0.05,0.05,2
E,6.635860685205182e-05,6.283809153015809e-06,0.00045944983139773273,20,0.06295957401759786,1.0,0.8,1.0,0.7777777777777778,0.0,0.25,5
F,6.638976334028233e-05,6.2835413832695495e-06,0.00045916900306257704,20,0.06295547917496601,1.0,0.8,0.9,0.6666666666666666,0.1,0.0,4
