models,delta,spacing,onvg,hypervolume,time,c_Prufer,c_NetKeys,c_Prim,c_Kruskal,c_GPrim,score
Prufer,0.9465982669303361,0.007124236174836273,11,0.5996574470357832,245.31452250480652,0.0,0.35714285714285715,0.1111111111111111,0.0,0.0,1
NetKeys,0.9652468455360276,0.015296379627526011,14,0.6618158326416943,1163.5449857711792,0.09090909090909091,0.0,0.0,0.0,0.0,0
Prim,0.9788744542229031,0.006393149739557185,9,0.6349088593307024,175.38434886932373,0.6363636363636364,0.7142857142857143,0.0,0.3157894736842105,0.0,2
Kruskal,0.9554315253512685,0.0020236622493532046,19,0.6785664983536395,368.9929325580597,1.0,1.0,0.5555555555555556,0.0,0.0,3
GPrim,0.7581269850773261,0.002637849729172322,100,0.7883682075328264,237.46782803535461,1.0,1.0,1.0,1.0,0.0,4
