models,delta,spacing,onvg,hypervolume,time,c_A,c_B,c_C,c_D,c_E,score
A,0.9306532716622855,1.8616005816552794,6,0.8957229450832624,174.0178565979004,0.0,0.0,0.0,0.0,0.0,0
B,0.974874377126203,3.817135430598699,6,1.4222046923134841,1446.8529200553894,1.0,0.0,0.5384615384615384,0.0,0.0,2
C,0.9447236206620351,1.250586052010568,13,1.196087318882177,294.53847455978394,1.0,0.0,0.0,0.0,0.0,1
D,0.9648241275143559,0.8432725222802209,10,0.9621277700217088,592.7857556343079,1.0,0.8333333333333334,0.5384615384615384,0.0,0.0,3
E,0.8922875596575882,0.38065269839462124,24,1.530224826904968,501.171719789505,1.0,1.0,1.0,1.0,0.0,4
