models,delta,spacing,onvg,hypervolume,time,c_Prufer,c_NetKeys,c_Prim,c_Kruskal,c_GPrim,score
Prufer,0.9351753872643543,0.03239393792260414,6,0.4910839034117922,622.6396472454071,0.0,0.0,0.0,0.0,0.0,0
NetKeys,0.9242853040579339,0.008792181197934068,11,0.6104979754366772,1416.4937782287598,0.6666666666666666,0.0,0.6666666666666666,0.0,0.0,2
Prim,0.9494216863714635,0.021981857476795885,6,0.5129878673216719,293.1941409111023,0.8333333333333334,0.0,0.0,0.0,0.0,1
Kruskal,0.9688711296579416,0.0020211704869589884,8,0.6226970386665356,472.71955156326294,1.0,1.0,0.6666666666666666,0.0,0.0,3
GPrim,0.9484488045520157,0.0057627285741966225,20,0.772737849365752,469.260085105896,1.0,1.0,1.0,1.0,0.0,4
