models,delta,spacing,onvg,hypervolume,c_A,c_B,c_C,c_D,c_E,score
A,0.9439612027854214,0.006426826144277688,6,0.05618778352451423,0.0,0.0,0.0,0.0,0.0,0
B,0.9841251826033289,0.0254523938377457,6,0.08921344464591147,1.0,0.0,0.5384615384615384,0.0,0.0,2
C,0.9500996130125093,0.005960289918585875,13,0.07502933325384598,1.0,0.0,0.0,0.0,0.0,1
D,0.9719322249371868,0.0044958535483405355,10,0.060353290223996936,1.0,0.8333333333333334,0.5384615384615384,0.0,0.0,3
E,0.9352582136359634,0.0033874726316111144,24,0.09598943712442386,1.0,1.0,1.0,1.0,0.0,4
