models,igd,delta,spacing,onvg,hypervolume,time,c_Prufer,c_NetKeys,c_Prim,c_Kruskal,c_GPrim,score
Prufer,0.09132749937466218,0.7994867422290615,0.05117284143481001,7.8,0.589412126260229,17.23567454814911,0.0,0.23644300144300145,0.08501082251082251,0.09946581196581197,0.0,0.3
NetKeys,0.08766213420325354,0.764748830406105,0.038080057543109884,8.8,0.6236164505529173,21.753418350219725,0.41571428571428565,0.0,0.08235930735930737,0.18217754467754468,0.0,0.7
Prim,0.09237530282464676,0.7500698714192989,0.02593118644934917,10.0,0.6052566078824073,17.666821908950805,0.7346428571428572,0.5843903318903318,0.0,0.37124902874902876,0.015000000000000003,2.6
Kruskal,0.08931572561487026,0.7584842789673558,0.03283352636828955,9.7,0.6180647560545701,19.907685232162475,0.7192857142857142,0.5174458874458875,0.2475649350649351,0.0,0.025,2.3
GPrim,0.0011380553501824354,0.9127714318290991,0.2366204991467114,20.0,2.4956033923334306,24.238415360450745,0.9571428571428571,0.8550793650793651,0.5589285714285714,0.6334770784770785,0.0,4.0
