models,igd,delta,spacing,onvg,hypervolume,time,c_A,c_B,c_C,c_D,c_E,score
A,0.0516703350028538,0.8478558564590921,0.03714020650240634,5.2,0.15951970186378875,12.987081742286682,0.0,0.01,0.0,0.0,0.0,0.0
B,0.037843644494301346,0.715777807459428,0.023636156701430926,10.8,0.28605697043670086,23.052836656570435,0.9550000000000001,0.0,0.1829112554112554,0.10333333333333332,0.005,1.2
C,0.03681527600034422,0.6797085363672482,0.01256376381401995,12.3,0.30788164837821774,18.222083687782288,0.9349999999999999,0.48377899877899894,0.0,0.1618997668997669,0.005,1.8
D,0.038273397155657196,0.7182311891116069,0.023994977462781467,10.9,0.28802978160100323,20.989735984802245,0.9800000000000001,0.586916971916972,0.41836163836163837,0.0,0.015000000000000003,2.9
E,0.016990795919135906,0.6429368160381925,0.11751338323742513,20.0,0.8062947927724942,25.764715099334715,0.9800000000000001,0.7815811965811965,0.5863136863136863,0.5630477855477856,0.0,4.0
