models,delta,spacing,onvg,hypervolume,time,c_Prufer,c_NetKeys,c_Prim,c_Kruskal,c_GPrim,score
Prufer,0.9106796521040402,0.006175003305339444,12,0.6215845785018034,235.536386013031,0.0,0.0,0.0,0.0,0.0,0
NetKeys,0.8895950352198111,0.017721565138237885,18,0.7370586587554627,1153.3256788253784,0.75,0.0,0.3333333333333333,0.6153846153846154,0.0,3
Prim,0.9520113750649754,0.00716608409125239,9,0.5905867927544388,193.42988634109497,0.75,0.05555555555555555,0.0,0.0,0.0,1
Kruskal,0.9362303367739161,0.010158069013286466,13,0.7483182346774996,339.24019145965576,0.75,0.5555555555555556,0.4444444444444444,0.0,0.0,2
GPrim,0.7244152527091405,0.0029085518466730013,96,0.7863444248543032,245.40943264961243,1.0,1.0,1.0,1.0,0.0,4
