models,igd,delta,spacing,onvg,hypervolume,c_A,c_B,c_C,c_D,c_E,score
A,0.860232537379682,0.8157894734549331,0.44715023349164773,5,0.011998400671151477,0.0,0.0,0.0,0.0,0.0,0
B,0.5196152522266207,0.6992481317118028,0.3535131605336331,8,0.024084118753638813,1.0,0.0,0.25,0.4,0.0,1
C,0.6538348509645038,0.669172944589539,0.00014902123682002523,8,0.01916471692913209,1.0,0.5,0.0,0.5,0.0,3
D,0.5147815172898754,0.5672514836302074,0.0001379894316930147,10,0.023963327619090882,1.0,0.5,0.25,0.0,0.0,2
E,0.11180343702102162,0.10526440800883637,0.00010665658131898788,18,0.03749044493992996,1.0,1.0,1.0,1.0,0.0,4
