models,igd,delta,spacing,onvg,hypervolume,c_A,c_B,c_C,c_D,c_E,c_F,score
A,0.8602325373732752,0.815789473527111,0.44714963002956704,5,0.012003789010902998,0.0,0.0,0.0,0.0,0.0,0.0,0
B,0.4949747545878089,0.5847953444560416,0.3161990728499695,10,0.027585383271069346,1.0,0.0,0.36363636363636365,0.1,0.0,0.0,1
C,0.39051250155999573,0.5157895020032852,0.30149950919766144,11,0.023498772327212217,1.0,0.5,0.0,0.3,0.05,0.0,2
D,0.7228416200820279,0.526315837656923,0.00018650516114645778,10,0.02393487763295428,1.0,0.6,0.36363636363636365,0.0,0.15,0.0,3
E,6.665626779027058e-05,6.418815423991169e-06,0.00045644651757323346,20,0.06288456931063433,1.0,0.8,0.6363636363636364,0.7,0.0,0.0,4
F,6.627243630234533e-05,6.428937730747176e-06,0.00045940105465548024,20,0.06293261455977751,1.0,1.0,0.7272727272727273,0.9,0.5,0.0,5
