models,delta,spacing,onvg,hypervolume,time,c_A,c_B,c_C,c_D,c_E,score
A,0.9750606754302217,0.008746075380245322,4,0.03232150221507449,169.92335081100464,0.0,0.0,0.0,0.0,0.0,0
B,0.9870301261201376,0.013200383944713257,6,0.07747779303215462,1399.375416278839,1.0,0.0,0.0,0.0,0.0,1
C,0.977577023903534,0.022081891913125505,4,0.04066431585016553,287.76218938827515,1.0,0.5,0.0,0.0,0.0,2
D,0.9754619588992627,0.011501471059122933,6,0.045109811300477545,585.1304359436035,1.0,0.6666666666666666,0.0,0.0,0.0,2
E,0.9426960401612304,0.00214982941132402,27,0.10700177423907803,471.2294728755951,1.0,1.0,1.0,1.0,0.0,4
