models,delta,spacing,onvg,hypervolume,time,c_A,c_B,c_C,c_D,c_E,score
A,0.969849248655485,1.7320576482147207,4,0.5152563304258222,169.92335081100464,0.0,0.0,0.0,0.0,0.0,0
B,0.9889447232962515,2.000159564147526,6,1.2351196754902247,1399.375416278839,1.0,0.0,0.0,0.0,0.0,1
C,0.9631490855713086,3.947759828776369,4,0.6482540948997357,287.76218938827515,1.0,0.5,0.0,0.0,0.0,2
D,0.9728642999367586,0.547139319834202,6,0.719122387388448,585.1304359436035,1.0,0.6666666666666666,0.0,0.0,0.0,2
E,0.8983378913196742,0.4236580470040602,27,1.7057790562025896,471.2294728755951,1.0,1.0,1.0,1.0,0.0,4
