models,igd,delta,spacing,onvg,hypervolume,c_A,c_B,c_C,c_D,c_E,score
A,0.7260745381660083,0.7608270750829536,0.41243159058831963,6.0,0.015271384619297838,0.0,0.0,0.0,0.0,0.0,0.0
B,0.49693927625708945,0.6091850980063814,0.23233825197270858,9.6,0.025753277463320373,1.0,0.0,0.25011904761904763,0.183989898989899,0.010882352941176471,1.2
C,0.6472803498740919,0.609022578857632,0.06876009938764363,8.6,0.017948365336809595,1.0,0.5131709956709957,0.0,0.37780303030303025,0.005,2.3
D,0.6060207342894719,0.5579991955643498,0.10037263511635204,9.8,0.022677959340263253,1.0,0.6446176046176046,0.38325396825396824,0.0,0.015882352941176472,2.3
E,0.0349351991784286,0.03158371374627765,0.00035812330368740244,19.4,0.05563093123951979,1.0,0.9561868686868686,0.9652777777777779,0.9316161616161616,0.0,4.0
