models,igd,delta,spacing,onvg,hypervolume,c_A,c_B,c_C,c_D,c_E,score
A,0.04842262878164438,0.8280318126240809,0.04543802198244633,5.9,0.19119075245310543,0.0,0.0,0.0,0.0,0.0,0.0
B,0.03723701245152816,0.7226921250699985,0.03556278510894511,10.5,0.3143438366412328,0.9800000000000001,0.0,0.19546398046398045,0.1814069264069264,0.02,1.4
C,0.03640262516524956,0.6837527594509438,0.020800291672308235,12.1,0.31322862529108986,0.9800000000000001,0.5076767676767676,0.0,0.2803535353535353,0.039999999999999994,2.3
D,0.03990732075484623,0.7128844123372289,0.025638000270915794,10.9,0.29976929179937073,0.9833333333333334,0.5985858585858587,0.3391880341880342,0.0,0.04,2.3
E,0.016959413918951734,0.6422414636025722,0.11770790113461291,20.0,0.8069064072903938,1.0,0.8136868686868688,0.521868131868132,0.657077922077922,0.0,4.0
