models,igd,delta,spacing,onvg,hypervolume,c_A,c_B,c_C,c_D,c_E,score
A,0.8152580235057332,0.8108772162499381,0.43492601289644395,4.8,0.023163317647221314,0.0,0.0,0.0,0.0,0.0,0.0
B,0.7860824719969074,0.7053133369261947,0.3259045416379417,7.1,0.033948369085315844,1.0,0.0,0.37857142857142856,0.2351190476190476,0.0,1.4
C,0.7052190504811733,0.7103759918245189,0.23894771169491485,7.1,0.03410714837436221,1.0,0.3967857142857143,0.0,0.2505952380952381,0.0,1.9
D,0.9080237475137063,0.7191980428394018,0.038105009599607595,6.7,0.03331381258940563,1.0,0.609404761904762,0.5726190476190477,0.0,0.006666666666666668,2.7
E,0.3168417325240028,0.23158339765210695,0.0010191183124471448,15.6,0.11017769281005833,1.0,1.0,1.0,0.9714285714285715,0.0,4.0
