models,igd,delta,spacing,onvg,hypervolume,c_A,c_B,c_C,c_D,c_E,c_F,score
A,0.6982120155176357,0.6315789639091173,3.4248656216782753e-06,8,0.014130970369644018,0.0,0.0,0.0,0.0,0.0,0.0,0
B,0.7245688427679647,0.6184210726814294,0.0001997774351759484,9,0.0238635552520114,0.75,0.0,0.35714285714285715,0.14285714285714285,0.05,0.05,2
C,0.2958040136236241,0.3157895205707423,5.300948088471768e-05,14,0.026805241329215662,0.875,0.1111111111111111,0.0,0.07142857142857142,0.0,0.0,1
D,0.2958040020792533,0.3157895428507182,0.0001640283656483861,14,0.03138570684498723,0.875,0.5555555555555556,0.42857142857142855,0.0,0.05,0.05,3
E,6.626819832842429e-05,6.148069358537544e-06,0.0004587133095523963,20,0.06294129610780567,0.875,0.8888888888888888,0.6428571428571429,0.5,0.0,0.2,4
F,6.605672195834145e-05,6.51781065338802e-06,0.00045713791361611536,20,0.06287058483347824,0.875,0.8888888888888888,0.6428571428571429,0.5714285714285714,0.2,0.0,4
