models,delta,spacing,onvg,hypervolume,time,c_Prufer,c_NetKeys,c_Prim,c_Kruskal,c_GPrim,score
Prufer,0.9890658965102508,0.0,2,0.22771004753433993,110.14859890937805,0.0,0.0,0.5,0.0,0.0,1
NetKeys,0.9929192908416263,0.0,2,0.24379861766941283,153.77531671524048,1.0,0.0,0.5,0.0,0.0,2
Prim,0.938625659119331,0.0,2,0.18602234398305872,107.66006970405579,0.0,0.0,0.0,0.0,0.0,0
Kruskal,0.7726322575396346,0.0,2,0.43616449310598826,120.49474740028381,0.0,0.0,1.0,0.0,0.0,1
GPrim,0.9156821462510429,0.44396420878950377,6,3.3051108209647864,229.94385075569153,1.0,1.0,1.0,1.0,0.0,4
