models,delta,spacing,onvg,hypervolume,time,c_Prufer,c_NetKeys,c_Prim,c_Kruskal,c_GPrim,score
Prufer,0.9325643060769547,0.007924076208878774,11,0.5118729126583799,650.0651159286499,0.0,0.0,0.0,0.0,0.0,0
NetKeys,0.955862324270944,0.011422548264563934,10,0.6343738699227445,1421.1245982646942,1.0,0.0,0.0,0.0,0.0,1
Prim,0.9917225698641163,0.03185940955919087,3,0.5672698565249373,287.99013662338257,1.0,0.4,0.0,0.6666666666666666,0.0,3
Kruskal,0.9859550332828406,0.06259418548380892,3,0.6306026272050709,467.57552433013916,0.8181818181818182,0.8,0.0,0.0,0.0,2
GPrim,0.952577861642105,0.0034110090144088253,16,0.7726531894033021,475.24339604377747,1.0,1.0,1.0,1.0,0.0,4
