models,delta,spacing,onvg,hypervolume,time,c_A,c_B,c_C,c_D,c_E,score
A,0.9718592853714056,4.000038900840524,6,1.0335570227638966,171.9563388824463,0.0,0.0,0.0,0.0,0.0,0
B,0.9126401446841232,0.8643542825224642,14,1.700188877319611,1451.1662859916687,1.0,0.0,0.25,0.875,0.0,2
C,0.9999999817304174,4.499867269718925,4,0.6639217074198069,286.4810037612915,1.0,0.35714285714285715,0.0,0.625,0.0,3
D,0.9562096268681588,2.604840393478139,8,1.2842004167046481,640.3460538387299,1.0,0.07142857142857142,0.25,0.0,0.0,1
E,0.893634883083375,0.4999961280664681,25,1.6949520415394406,511.11212396621704,1.0,1.0,1.0,1.0,0.0,4
