models,delta,spacing,onvg,hypervolume,c_A,c_B,c_C,c_D,c_E,score
A,0.9321885532790585,0.9490220286349025,6.4,0.1350264874292733,0.0,0.0,0.0,0.0,0.0,0.0
B,0.9196871203253838,0.6286822570926941,9.6,0.1977673775804329,1.0,0.0,0.41666666666666663,0.2784944261105252,0.0,2.2
C,0.9179030608166265,0.3908097455946393,9.4,0.15809517178440857,1.0,0.23099206349206353,0.0,0.24400458158972088,0.0,1.9
D,0.8637556250495464,0.9937185077363738,16.3,0.3685796423484625,0.9888888888888889,0.3000396825396825,0.22611111111111115,0.0,0.0,1.9
E,0.5871932907749602,0.3008411178031609,49.5,0.6761889322705464,1.0,1.0,1.0,0.8841346012089046,0.0,4.0
