models,delta,spacing,onvg,hypervolume,c_A,c_B,c_C,c_D,c_E,score
A,0.9321885530439211,0.9389661386387627,6.4,0.1354740110166528,0.0,0.0,0.0,0.0,0.0,0.0
B,0.911443442391738,1.4430184413482818,10.7,0.2482347165810539,1.0,0.0,0.2999531024531024,0.32632101086048454,0.0,1.7
C,0.9189033196459766,0.842715946444304,9.4,0.17889133558542747,1.0,0.4156071706071707,0.0,0.3335013391321441,0.0,2.4
D,0.8422319596375445,0.6714054253300147,16.2,0.4016831801333137,1.0,0.461487123987124,0.2834018759018758,0.0,0.0,1.8
E,0.8062289292431762,0.5019558121677307,21.7,0.3444598530552891,1.0,0.8149683649683649,1.0,0.6091610767113862,0.0,4.0
