models,delta,spacing,onvg,hypervolume,c_A,c_B,c_C,c_D,c_E,score
A,0.9482714766009741,0.0060596881014393575,9,0.06838250894660791,0.0,0.0,0.0,0.0,0.0,0
B,0.9314597595720494,0.00757436907540356,9,0.09694979005256071,1.0,0.0,0.1,0.07692307692307693,0.0,1
C,0.9464125689485835,0.0070573386986412115,10,0.08386947461711994,1.0,0.5555555555555556,0.0,0.46153846153846156,0.0,3
D,0.9104645789253992,0.011464018469351588,13,0.16626586862956907,1.0,0.5555555555555556,0.1,0.0,0.0,2
E,0.9679678555649789,0.06665889273776245,63,0.7847039411327797,1.0,1.0,1.0,1.0,0.0,4
