models,delta,spacing,onvg,hypervolume,c_A,c_B,c_C,c_D,c_E,score
A,0.9292929320121439,0.44095905524919227,9,0.13609486930553916,0.0,0.0,0.0,0.0,0.0,0
B,0.9249639262550836,1.7267930491520591,8,0.21933827237181283,1.0,0.0,0.18181818181818182,0.17647058823529413,0.0,1
C,0.9070707114866227,2.071421440646098,11,0.22680069179719708,1.0,0.5,0.0,0.35294117647058826,0.0,3
D,0.8522727329378802,0.7524031341929043,17,0.34731117957203617,1.0,0.625,0.18181818181818182,0.0,0.0,2
E,0.8013468179649731,0.6924710145390706,19,0.3830052669062788,1.0,1.0,1.0,0.8235294117647058,0.0,4
