models,delta,spacing,onvg,hypervolume,time,c_Prufer,c_NetKeys,c_Prim,c_Kruskal,c_GPrim,score
Prufer,0.9512557378139097,0.005812888230615331,11,0.57485767608952,244.06580066680908,0.0,0.29411764705882354,0.0,0.0,0.0,1
NetKeys,0.9166995169180603,0.007614043740004104,17,0.6513640303931286,1145.0889544487,0.2727272727272727,0.0,0.0,0.0,0.0,0
Prim,0.9685134211513104,0.009643430236290376,11,0.5999784659582912,192.6216115951538,1.0,0.4117647058823529,0.0,0.3,0.0,2
Kruskal,0.9685275130296258,0.0045761667207364146,10,0.69050638239829,347.3679823875427,1.0,1.0,0.36363636363636365,0.0,0.0,3
GPrim,0.7527579542610793,0.0030765756436464866,100,0.8053084915367817,252.7699749469757,1.0,1.0,1.0,1.0,0.0,4
