models,delta,spacing,onvg,hypervolume,time,c_A,c_B,c_C,c_D,c_E,score
A,0.9765494144220049,1.1545858113626981,4,0.1661731170306775,94.04201626777649,0.0,0.0,0.0,0.0,0.0,0
B,0.9899497483630518,4.156099716778205,11,1.0872782551028488,1126.4974327087402,1.0,0.0,0.0,0.0,0.0,1
C,0.951758796368584,0.3015111444407213,11,0.41329859857546425,163.29162287712097,1.0,0.2727272727272727,0.0,0.10526315789473684,0.0,3
D,0.9363484132374853,2.0604831624027984,19,0.88613920040468,364.36320304870605,1.0,0.9090909090909091,0.0,0.0,0.0,2
E,0.5876807531366742,0.4902790079040937,98,2.935774881960086,233.5163016319275,1.0,1.0,1.0,0.7894736842105263,0.0,4
