models,delta,spacing,onvg,hypervolume,time,c_Prufer,c_NetKeys,c_Prim,c_Kruskal,c_GPrim,score
Prufer,0.8929372100717309,0.3078020883497206,3,0.8560852733946593,35.02476501464844,0.0,0.0,0.0,0.0,0.0,0
NetKeys,0.9138939844862389,0.0,2,0.3418711131030234,55.8319935798645,1.0,0.0,0.0,0.0,0.0,1
Prim,0.9661861096406564,0.014922291386033593,3,0.3473379017487363,41.40238285064697,1.0,0.5,0.0,0.0,0.0,2
Kruskal,0.8540495938477145,0.0,2,0.35925954736941734,46.146371364593506,1.0,1.0,0.3333333333333333,0.0,0.0,3
GPrim,0.8954246736390187,0.43529419022605675,4,2.336030066541854,74.50910687446594,1.0,1.0,1.0,1.0,0.0,4
