models,delta,spacing,onvg,hypervolume,time,c_A,c_B,c_C,c_D,c_E,score
A,0.9798994934347554,0.9570272491157948,4,0.32724291275325257,173.91558480262756,0.0,0.0,0.0,0.0,0.0,0
B,0.8241206470295502,0.0,2,1.3453912882602985,1413.698391675949,1.0,0.0,0.0,0.5714285714285714,0.0,2
C,0.9832495832745772,0.00013792654438047906,7,0.5632657478708138,292.46982622146606,1.0,0.5,0.0,0.0,0.0,2
D,0.9597990034418702,0.756077610443038,7,0.6620285514095295,622.901659488678,1.0,0.5,0.42857142857142855,0.0,0.0,2
E,0.9072636221633942,0.49104246944651764,23,1.4483954961307253,478.45546436309814,1.0,1.0,1.0,1.0,0.0,4
