models,delta,spacing,onvg,hypervolume,c_A,c_B,c_C,c_D,c_E,score
A,0.9736470083651084,0.0014610125192346165,4,0.020527612966308534,0.0,0.0,0.0,0.0,0.0,0
B,0.8970565523885131,0.0,2,0.0843950184323012,1.0,0.0,0.0,0.5714285714285714,0.0,2
C,0.9867843699931262,0.0017303981907520545,7,0.03533308383118061,1.0,0.5,0.0,0.0,0.0,2
D,0.9740810552909046,0.007435653278294559,7,0.04152837340812862,1.0,0.5,0.42857142857142855,0.0,0.0,2
E,0.9459210733307163,0.0028529975191408543,23,0.09085636696167212,1.0,1.0,1.0,1.0,0.0,4
