models,delta,spacing,onvg,hypervolume,time,c_A,c_B,c_C,c_D,c_E,score
A,0.9702720094471475,0.0031003034815553364,7,0.05805540934891921,688.876779794693,0.0,0.0,0.0,0.0,0.0,0
B,0.8970565523885131,0.0,2,0.0843950184323012,1413.698391675949,1.0,0.0,0.0,0.5,0.0,2
C,0.9867843699931262,0.0017303981907520545,7,0.03533308383118061,292.46982622146606,1.0,0.5,0.0,0.0,0.0,2
D,0.9414975848087793,0.0,2,0.05037530058031753,463.1646373271942,0.7142857142857143,0.0,0.0,0.0,0.0,1
E,0.9459210733307163,0.0028529975191408543,23,0.09085636696167212,478.45546436309814,1.0,1.0,1.0,1.0,0.0,4
