models,delta,spacing,onvg,hypervolume,time,c_Prufer,c_NetKeys,c_Prim,c_Kruskal,c_GPrim,score
Prufer,0.951084797935083,0.018632641807929864,7,0.5024738142701826,618.4180791378021,0.0,0.0,0.0,0.0,0.0,0
NetKeys,0.9954664339105158,0.0010439943067431516,10,0.6610127885146279,1408.3791120052338,1.0,0.0,0.2,0.0,0.0,2
Prim,0.9625051324672528,0.007490552667607658,5,0.5464190646312583,288.2472400665283,1.0,0.1,0.0,0.25,0.0,2
Kruskal,1.0041160404597778,0.07434559032141139,4,0.663929933515798,470.00942850112915,1.0,0.6,0.0,0.0,0.0,2
GPrim,0.9285096226568162,0.003180144211037789,25,0.7672816417075962,473.3696196079254,1.0,1.0,1.0,1.0,0.0,4
