models,igd,delta,spacing,onvg,hypervolume,time,c_Prufer,c_NetKeys,c_Prim,c_Kruskal,c_GPrim,score
Prufer,0.09222749101442605,0.8093424839363876,0.047138164850674465,7.4,0.5914523208562069,16.16008002758026,0.0,0.24325396825396828,0.0978968253968254,0.0702020202020202,0.0,0.2
NetKeys,0.08288281841608727,0.7498187437260548,0.054738141932143734,8.7,0.6413915049665293,22.770974493026735,0.4779761904761905,0.0,0.19761904761904764,0.18865440115440116,0.005,1.1
Prim,0.08969242444770649,0.7746517687161918,0.0373458388544516,9.6,0.6067972846860629,16.32038371562958,0.7603174603174603,0.513452380952381,0.0,0.36482683982683983,0.005,2.1
Kruskal,0.08832444790929166,0.7656726590337279,0.041364190495147224,9.4,0.6238650381313805,18.343882346153258,0.8335317460317458,0.5828968253968254,0.41797619047619045,0.0,0.015000000000000003,2.5
GPrim,0.0007129082810761273,0.9122701440156845,0.23707195228929331,20.0,2.483970790571663,22.51959309577942,1.0,0.9169841269841269,0.7547222222222223,0.8121031746031745,0.0,4.0
