models,igd,delta,spacing,onvg,hypervolume,c_A,c_B,c_C,c_D,c_E,score
A,0.053818798438935854,0.8602988237493326,0.036456258876835665,4.9,0.15388730435828907,0.0,0.0,0.0,0.0,0.0,0.0
B,0.042283072812677305,0.7497882795777377,0.06249437432578227,10.5,0.38305143349033327,0.9607142857142857,0.0,0.2793456543456544,0.23268939393939397,0.005,1.4
C,0.036040359750928605,0.6881795485822766,0.02847917867106779,11.9,0.32746604625777953,0.9857142857142858,0.49033605283605286,0.0,0.21164918414918418,0.01,2.0
D,0.034458975109166415,0.7050786893742459,0.058718862687064874,12.0,0.41460901027256813,0.9857142857142858,0.6303321678321678,0.47124542124542124,0.0,0.04,2.6
E,0.016810346882217407,0.6429578694052859,0.1176647764593232,20.0,0.806824696639751,1.0,0.9207070707070706,0.6953879453879455,0.6683216783216783,0.0,4.0
