models,igd,delta,spacing,onvg,hypervolume,time,c_Prufer,c_NetKeys,c_Prim,c_Kruskal,c_GPrim,score
Prufer,0.05047762691755041,0.8092696557558055,0.01941686498600779,7.4,0.6632931749765201,16.16008002758026,0.0,0.24325396825396828,0.0978968253968254,0.0702020202020202,0.0,0.2
NetKeys,0.04625174833187658,0.7720920897380079,0.02249103635257346,8.7,0.7375098410072173,22.770974493026735,0.4779761904761905,0.0,0.19761904761904764,0.18865440115440116,0.005,1.1
Prim,0.043927830898827784,0.7547300462198651,0.015465546032774549,9.6,0.6784290534534868,16.32038371562958,0.7603174603174603,0.513452380952381,0.0,0.36482683982683983,0.005,2.1
Kruskal,0.045238486229312654,0.7552215530378089,0.016797817489593563,9.4,0.7003038580532965,18.343882346153258,0.8335317460317458,0.5828968253968254,0.41797619047619045,0.0,0.015000000000000003,2.5
GPrim,0.00028087146055649575,0.5996966174679016,0.09340155986961206,20.0,0.8259144002521863,22.51959309577942,1.0,0.9169841269841269,0.7547222222222223,0.8121031746031745,0.0,4.0
