models,igd,delta,spacing,onvg,hypervolume,time,c_A,c_B,c_C,c_D,c_E,score
A,0.053778027484457036,0.856435441790163,0.031445758810465164,5.0,0.1521083391588869,11.869150018692016,0.0,0.01111111111111111,0.0,0.01,0.0,0.0
B,0.03660266607708041,0.7350471301088608,0.04387178179194421,10.6,0.33266499718587317,23.214724206924437,0.9800000000000001,0.0,0.18953046953046954,0.1686305361305361,0.005,1.3
C,0.03928176556293733,0.689438363296113,0.016842537411875795,11.8,0.29654830382630815,16.356279563903808,0.96,0.5125641025641026,0.0,0.2759595959595959,0.015000000000000003,2.3
D,0.04246954414992855,0.7403180470300805,0.022793933649913348,9.9,0.26033738399417217,19.2599595785141,0.9800000000000001,0.585982905982906,0.3043306693306693,0.0,0.02,2.4
E,0.01681261241023673,0.6435768367548867,0.11766536180830318,20.0,0.8068766107395587,23.697305035591125,1.0,0.9047474747474749,0.5262579087579087,0.6116083916083916,0.0,4.0
