models,igd,delta,spacing,onvg,hypervolume,time,c_Prufer,c_NetKeys,c_Prim,c_Kruskal,c_GPrim,score
Prufer,0.05241230561147133,0.7819080778402017,0.027436086507783248,8.4,0.6421135489865931,16.653080534934997,0.0,0.25957653457653457,0.09212454212454213,0.041590909090909095,0.0,0.2
NetKeys,0.042291588523766285,0.7350471301088608,0.04387178179194421,10.6,0.7179977854184211,23.214724206924437,0.5034920634920635,0.0,0.18953046953046954,0.1640873015873016,0.005,1.0
Prim,0.04771998959200548,0.689438363296113,0.016842537411875795,11.8,0.6717216183903596,16.356279563903808,0.7526587301587302,0.5125641025641026,0.0,0.19464285714285715,0.015000000000000003,2.0
Kruskal,0.05356605494836719,0.7683121553410264,0.016545594576363218,9.0,0.6687206986721892,19.393940567970276,0.8097222222222221,0.5865578865578864,0.3394522144522144,0.0,0.015000000000000003,2.7
GPrim,0.0001419877597362965,0.6435768367548867,0.11766536180830318,20.0,0.7942618824552194,23.697305035591125,0.975,0.9047474747474749,0.5262579087579087,0.6266522366522367,0.0,4.0
