models,igd,delta,spacing,onvg,hypervolume,c_A,c_B,c_C,c_D,c_E,score
A,0.7908573636841354,0.787017550954173,0.3981300784883785,5.4,0.012671825026457775,0.0,0.0,0.0,0.0,0.0,0.0
B,0.6089237229529165,0.5374063020825741,0.15036415605001668,10.5,0.0322434784449734,1.0,0.0,0.20977272727272728,0.24878787878787884,0.015263157894736843,1.2
C,0.5604602532806032,0.5848997752473086,0.16955730526023055,9.3,0.019962871731741813,1.0,0.5393861693861693,0.0,0.39295454545454545,0.005263157894736842,2.2
D,0.5371953833954856,0.5570380805864226,0.22815516379643394,10.1,0.02403807077586991,1.0,0.5315423465423466,0.398510101010101,0.0,0.011513157894736841,2.5
E,0.04741922024326971,0.042109041976797615,0.00030968045467748815,19.2,0.052486385334885734,1.0,0.9373426573426574,0.9352777777777778,0.9326515151515153,0.0,4.0
