models,igd,delta,spacing,onvg,hypervolume,time,c_Prufer,c_NetKeys,c_Prim,c_Kruskal,c_HMOEA,c_GPrim,score
Prufer,0.03800975245010736,0.8037958379691098,0.011783209137052268,8.0,0.7042360674139528,19.297196459770202,0.0,0.2863095238095238,0.2023412698412698,0.15759379509379506,0.4848232323232323,0.005,1.4
NetKeys,0.03844535379428225,0.7882325505787986,0.017153243319602374,8.6,0.7573919590270236,26.577578997612,0.515515873015873,0.0,0.2834126984126984,0.28573232323232317,0.5805808080808081,0.0,2.3
Prim,0.03330235971106186,0.7565349982156688,0.008661167959650681,9.6,0.7003711340379016,17.202919125556946,0.6098015873015873,0.4650793650793651,0.0,0.36482683982683983,0.5216161616161616,0.005,3.0
Kruskal,0.03555454854135559,0.7577192485207148,0.009457857347525031,9.4,0.7237183864704935,21.835713624954224,0.694047619047619,0.4591269841269841,0.41797619047619045,0.0,0.5780050505050506,0.015000000000000003,3.0
HMOEA,0.043271598140469644,0.7716699398087996,0.02686205740661584,9.4,0.8451023839484997,39.22485542297363,0.14468253968253966,0.18511904761904763,0.05047619047619047,0.08726551226551224,0.0,0.035,0.0
GPrim,0.0001485377916404097,0.5371209548066815,0.04939505570027559,20.0,0.8843778078256752,24.00973982810974,0.9483333333333335,0.9001984126984126,0.7547222222222223,0.8121031746031745,0.8977777777777778,0.0,5.0
