models,delta,spacing,onvg,hypervolume,time,c_Prufer,c_NetKeys,c_Prim,c_Kruskal,c_GPrim,score
Prufer,0.9154328112012141,0.008508883479941182,8,0.5224715561248676,26.20899200439453,0.0,0.0,0.0,0.0,0.0,0
NetKeys,0.8393444034887194,0.010210041110512248,12,0.683195488815783,40.15345597267151,0.625,0.0,0.1111111111111111,0.1111111111111111,0.0,1
Prim,0.8980953474021297,0.017574776769099482,9,0.5985121033747547,28.957473516464233,1.0,0.5,0.0,0.3333333333333333,0.0,2
Kruskal,0.8968683334226711,0.017842454392945253,9,0.5758299449685086,34.89967751502991,1.0,0.4166666666666667,0.4444444444444444,0.0,0.0,3
GPrim,0.5940673315682717,0.01912177910381862,32,0.8405957643433937,43.50100350379944,1.0,1.0,1.0,0.8888888888888888,0.0,4
