models,delta,spacing,onvg,hypervolume,time,c_Prufer,c_NetKeys,c_Prim,c_Kruskal,c_HMOEA,c_GPrim,score
Prufer,0.8669617237414192,0.0,2,0.6521034898975051,35.232470750808716,0.0,0.0,0.0,0.0,0.0,0.0,0
NetKeys,0.970551906337623,0.055486279310543736,3,0.7409998462527396,58.9168815612793,1.0,0.0,0.6,0.0,0.6,0.0,3
Prim,0.934793867839741,0.01256477446723902,5,0.7173908428055824,42.20430779457092,1.0,0.3333333333333333,0.0,0.0,0.4,0.0,2
Kruskal,1.0,inf,1,0.737774446674538,44.35840845108032,1.0,0.6666666666666666,0.6,0.0,0.6,0.0,4
HMOEA,0.9059955292783975,0.062151955015967375,5,0.7911211756156605,116.96439170837402,0.5,0.0,0.2,0.0,0.0,0.0,1
GPrim,0.9337181790060788,0.08936104528069316,4,0.841118904346933,74.9710123538971,1.0,1.0,1.0,1.0,1.0,0.0,5
