models,delta,spacing,onvg,hypervolume,time,c_Prufer,c_NetKeys,c_Prim,c_Kruskal,c_GPrim,score
Prufer,0.9357045404910801,0.008888938876851313,11,0.6932958974965759,60.13402962684631,0.0,0.0,0.0,0.0,0.0,0
NetKeys,0.8954681325303021,0.015290607243156853,6,0.7400109308634689,112.93011999130249,0.9090909090909091,0.0,0.0,0.13333333333333333,0.0,1
Prim,0.9513557739603964,0.005013791464072921,8,0.7007530474459727,70.2997179031372,0.9090909090909091,0.5,0.0,0.06666666666666667,0.0,2
Kruskal,0.821982269502467,0.030901188739980268,15,0.8246447419607554,81.77272963523865,0.8181818181818182,0.3333333333333333,0.25,0.0,0.0,3
GPrim,1.1369892033360138,0.1331381244404585,68,3.1181780020963674,99.30293488502502,1.0,1.0,1.0,1.0,0.0,4
