models,delta,spacing,onvg,hypervolume,time,c_Prufer,c_NetKeys,c_Prim,c_Kruskal,c_GPrim,score
Prufer,0.9631078844145261,0.006607986649435838,11,0.7534642499130942,60.13402962684631,0.0,0.0,0.0,0.0,0.0,0
NetKeys,0.9232208467973541,0.01767678004955951,6,0.8027560782717154,112.93011999130249,0.9090909090909091,0.0,0.0,0.13333333333333333,0.0,1
Prim,0.9576486760180855,0.0046716751365836,8,0.747227599114707,70.2997179031372,0.9090909090909091,0.5,0.0,0.06666666666666667,0.0,2
Kruskal,0.905013912677328,0.009981062625860319,15,0.9229761769335243,81.77272963523865,0.8181818181818182,0.3333333333333333,0.25,0.0,0.0,3
GPrim,0.7826235198682421,0.02869920493334795,68,0.9665123099114777,99.30293488502502,1.0,1.0,1.0,1.0,0.0,4
