models,delta,spacing,onvg,hypervolume,c_A,c_B,c_C,c_D,c_E,score
A,0.9764382051903592,0.009851745554436292,6,0.04396422346294651,0.0,0.0,0.0,0.0,0.0,0
B,0.9900150477305621,0.008536553874025373,14,0.1281402368641889,1.0,0.0,0.0,0.0,0.0,1
C,0.9703779890395065,0.003390914132048451,9,0.05637246417954472,1.0,0.5,0.0,0.3,0.0,3
D,0.9402480916888704,0.005095530060393247,20,0.14263852576739783,1.0,1.0,0.1111111111111111,0.0,0.0,2
E,0.754823810886089,0.0023960896594009697,100,0.37125274307597866,1.0,1.0,1.0,0.7,0.0,4
