models,delta,spacing,onvg,hypervolume,time,c_Prufer,c_NetKeys,c_Prim,c_Kruskal,c_GPrim,score
Prufer,1.0,inf,1,0.2814894623375711,34.914530515670776,0.0,0.0,0.0,0.0,0.0,0
NetKeys,0.9368415852892021,0.32850824013109625,3,0.8427255838887011,56.05582857131958,1.0,0.0,0.5,0.0,0.0,2
Prim,0.9168165090603064,0.13915960420320897,4,0.4139484901423484,41.0058867931366,1.0,0.3333333333333333,0.0,0.0,0.0,1
Kruskal,0.7146921283671347,0.008312487872436058,3,0.5259927671015544,45.33888030052185,1.0,1.0,0.75,0.0,0.0,3
GPrim,0.9004816477156264,0.44409426036417105,4,2.3468410478085535,77.21204400062561,1.0,1.0,1.0,1.0,0.0,4
