models,delta,spacing,onvg,hypervolume,c_A,c_B,c_C,c_D,c_E,score
A,0.9453100467068357,0.0033445976815827927,4,0.05741771471908816,0.0,0.0,0.0,0.0,0.0,0
B,0.9963710836181291,0.038377769181291196,4,0.05485412873676786,1.0,0.0,0.5,0.0,0.0,2
C,0.978576424688525,0.056804516597850165,4,0.09503574841875287,1.0,0.25,0.0,0.16666666666666666,0.0,1
D,0.9739240460231483,0.03260624135279947,6,0.09914553499911237,1.0,0.5,0.5,0.0,0.0,3
E,1.0785681363776576,0.10932660458617272,22,0.5590905397909618,1.0,1.0,1.0,1.0,0.0,4
