models,delta,spacing,onvg,hypervolume,time,c_A,c_B,c_C,c_D,c_E,score
A,0.932659940966887,0.5772538319936744,4,0.22797117968523828,51.5449435710907,0.0,0.0,0.0,0.0,0.0,0
B,0.9966329972793154,3.9999353213404936,4,0.21779272302820563,137.93626308441162,1.0,0.0,0.5,0.0,0.0,2
C,0.9797979825010398,6.238099589451977,4,0.3773297454503196,105.47937750816345,1.0,0.25,0.0,0.16666666666666666,0.0,1
D,0.969696965518049,3.2093814898628557,6,0.3936472338694059,156.6149935722351,1.0,0.5,0.5,0.0,0.0,3
E,0.7970158406296267,0.21290028806577266,22,2.219811961004955,178.09865641593933,1.0,1.0,1.0,1.0,0.0,4
