models,delta,spacing,onvg,hypervolume,time,c_Prufer,c_NetKeys,c_Prim,c_Kruskal,c_GPrim,score
Prufer,0.9196842284588584,0.0055896584757681965,10,0.672192174670494,61.86336946487427,0.0,0.0,0.0,0.0,0.0,0
NetKeys,0.9455401095507541,0.006199270499202517,10,0.693384817786594,119.54359436035156,0.9,0.0,0.0,0.0,0.0,1
Prim,0.9651794474457032,0.009294126491517616,7,0.7237916159387693,68.82017421722412,0.9,1.0,0.0,0.5,0.0,3
Kruskal,0.9721539445164256,0.014402489714528552,4,0.6954212981680987,102.95631170272827,0.9,1.0,0.0,0.0,0.0,2
GPrim,0.7550082173230547,0.023240578548485068,68,0.9397872933223764,106.72807884216309,1.0,1.0,1.0,1.0,0.0,4
