models,delta,spacing,onvg,hypervolume,time,c_Prufer,c_NetKeys,c_Prim,c_Kruskal,c_GPrim,score
Prufer,0.9481902151318872,0.012409621516706174,3,0.47910729755964326,53.516151428222656,0.0,0.0,0.0,0.0,0.0,0
NetKeys,0.9624281421727083,0.020283601683384743,6,0.6419489970839047,113.71836519241333,1.0,0.0,0.0,0.0,0.0,1
Prim,0.968463387579399,0.004313350200743428,7,0.587395090843536,66.51131129264832,1.0,0.6666666666666666,0.0,0.2,0.0,2
Kruskal,0.9749020568887073,0.007869426383419299,5,0.6227693866592264,83.84737038612366,1.0,0.6666666666666666,0.42857142857142855,0.0,0.0,3
GPrim,0.8127451791136341,0.016744365586692296,42,0.8548116318289872,115.27744102478027,1.0,1.0,1.0,1.0,0.0,4
