models,delta,spacing,onvg,hypervolume,time,c_Prufer,c_NetKeys,c_Prim,c_Kruskal,c_GPrim,score
Prufer,0.9502905587165029,0.002675219751142617,3,0.5111843916381285,53.516151428222656,0.0,0.0,0.0,0.0,0.0,0
NetKeys,0.9747306629112481,0.013447935321535764,6,0.6874854304588807,113.71836519241333,1.0,0.0,0.0,0.0,0.0,1
Prim,0.9719220876133032,0.000929855889246056,7,0.6129710214251305,66.51131129264832,1.0,0.6666666666666666,0.0,0.2,0.0,2
Kruskal,0.9786813468971071,0.004243500556287132,5,0.6519738207678933,83.84737038612366,1.0,0.6666666666666666,0.42857142857142855,0.0,0.0,3
GPrim,0.7893487839399815,0.0036096876506320425,42,0.8981025010470158,115.27744102478027,1.0,1.0,1.0,1.0,0.0,4
