models,delta,spacing,onvg,hypervolume,time,c_Prufer,c_NetKeys,c_Prim,c_Kruskal,c_GPrim,score
Prufer,0.9596651834245815,0.004235880432216951,9,0.5091138744084979,563.479686498642,0.0,0.0,0.0,0.0,0.0,0
NetKeys,0.9965337575736195,0.0,2,0.5696615504430159,1406.844943523407,1.0,0.0,0.0,0.5,0.0,2
Prim,1.0,inf,1,0.5721807698359389,278.6910328865051,0.8888888888888888,0.0,0.0,0.5,0.0,2
Kruskal,0.9462224849725355,0.0,2,0.5860297778293198,460.1502561569214,0.7777777777777778,0.0,0.0,0.0,0.0,1
GPrim,0.9508039916751623,0.002597105345438738,21,0.810700649487002,528.9941320419312,1.0,1.0,1.0,1.0,0.0,4
