models,delta,spacing,onvg,hypervolume,time,c_Prufer,c_NetKeys,c_Prim,c_Kruskal,c_GPrim,score
Prufer,0.9588785130945174,0.004937955739221138,13,0.5346597639455689,625.6231772899628,0.0,0.0,0.0,0.0,0.0,0
NetKeys,0.9632751948863094,0.002405988438877634,13,0.6625458304027665,1542.189596414566,1.0,0.0,0.2222222222222222,0.0,0.0,2
Prim,0.9714165763378289,0.0027944793785324162,9,0.5813300959419709,308.39371728897095,1.0,0.15384615384615385,0.0,0.0,0.0,1
Kruskal,0.9967909901330928,0.0,2,0.6956797844661486,468.63154006004333,1.0,0.7692307692307693,0.1111111111111111,0.0,0.0,3
GPrim,0.9521802762786387,0.0035286797282364636,20,0.7849492988975283,497.94451570510864,1.0,1.0,1.0,1.0,0.0,4
