models,delta,spacing,onvg,hypervolume,c_A,c_B,c_C,c_D,c_E,score
A,0.9658119647075489,2.499938440302842,4,0.031490257686887194,0.0,0.0,0.0,0.0,0.0,0
B,0.7977208074269638,9.80700853944628e-05,10,0.04889295134274074,1.0,0.0,0.5714285714285714,0.0,0.0,2
C,0.8632478683453465,0.00010950190435888541,7,0.03381772123056459,1.0,0.5,0.0,0.18181818181818182,0.0,1
D,0.7846153832542799,0.6466293851432383,11,0.08527419242906345,1.0,0.6,0.5714285714285714,0.0,0.0,3
E,0.6849817151068002,0.00010166415777239025,15,0.07860865982781272,1.0,1.0,1.0,0.8181818181818182,0.0,4
