models,delta,spacing,onvg,hypervolume,c_A,c_B,c_C,c_D,c_E,score
A,0.952539723813438,0.05787039571429313,4,0.09964262380672588,0.0,0.0,0.0,0.0,0.0,0
B,0.87180082214286,0.0071079500780976464,10,0.13778947057111784,1.0,0.0,0.5714285714285714,0.42857142857142855,0.0,3
C,0.9092668067915602,0.01098900767149143,7,0.09955686240258965,1.0,0.3,0.0,0.35714285714285715,0.0,1
D,0.8556399970714801,0.04360073326387444,14,0.26623832432347383,1.0,0.4,0.42857142857142855,0.0,0.045454545454545456,2
E,0.9278944371947337,0.10933683599373475,22,0.6522184187580007,1.0,1.0,1.0,0.9285714285714286,0.0,4
