models,igd,delta,spacing,onvg,hypervolume,time,c_Prufer,c_NetKeys,c_Prim,c_Kruskal,c_GPrim,score
Prufer,0.03893366930693608,0.7651226115001731,0.03835650433074242,10,0.6558919618274452,16.97077775001526,0.0,0.5,0.14285714285714285,0.1111111111111111,0.0,1
NetKeys,0.050135660592174155,0.7935361798893656,0.019275764646207574,8,0.6991394580526864,23.00672173500061,0.3,0.0,0.14285714285714285,0.0,0.0,0
Prim,0.05374651239570284,0.8243179004091595,0.014994465794330416,7,0.6579878146166807,18.18999195098877,0.5,0.625,0.0,0.2222222222222222,0.1,2
Kruskal,0.04605003236333183,0.7603352187935721,0.029575843213152694,9,0.7373923998823261,19.60765552520752,0.5,1.0,0.5714285714285714,0.0,0.0,3
GPrim,0.0002875769217907246,0.599800719126901,0.09370763487743386,20,0.825546858000645,24.685604333877563,0.8,1.0,0.7142857142857143,0.5555555555555556,0.0,4
