models,delta,spacing,onvg,hypervolume,time,c_Prufer,c_NetKeys,c_Prim,c_Kruskal,c_GPrim,score
Prufer,0.9660913549326714,0.022585753243781377,10,0.5446719763571528,568.7048075199127,0.0,0.2857142857142857,0.0,0.0,0.0,1
NetKeys,0.9911678283664592,0.01245965531275564,7,0.5878247563054833,1362.9222977161407,0.2,0.0,0.0,0.0,0.0,0
Prim,0.9684758369241075,0.0,2,0.566722032436184,289.84659028053284,0.9,0.42857142857142855,0.0,0.0,0.0,2
Kruskal,0.9717521661898482,0.014589182292714237,11,0.6995425865689817,451.27761006355286,1.0,1.0,1.0,0.0,0.0,3
GPrim,0.9395664163332389,0.0026716753038408493,24,0.7825717705551397,453.9823389053345,1.0,1.0,1.0,1.0,0.0,4
