models,delta,spacing,onvg,hypervolume,time,c_Prufer,c_NetKeys,c_Prim,c_Kruskal,c_GPrim,score
Prufer,0.9547748167473052,0.010933381190721174,4,0.5555432968123009,182.5973608493805,0.0,0.5,0.0,0.0,0.0,1
NetKeys,0.9240644335592215,0.0,2,0.574631146672514,274.3937737941742,0.0,0.0,0.0,0.0,0.0,0
Prim,0.9875664583646583,0.02329755182064761,3,0.6599672075056792,198.25644278526306,1.0,1.0,0.0,0.0,0.0,2
Kruskal,0.9691621722522467,0.0,2,0.6447382749846724,224.9455647468567,0.25,1.0,0.0,0.0,0.0,2
GPrim,0.9568491674906767,0.09739617833929164,6,0.8986374795344728,426.33004927635193,1.0,1.0,1.0,1.0,0.0,4
