models,delta,spacing,onvg,hypervolume,c_A,c_B,c_C,c_D,c_E,score
A,0.9057378034713193,0.028624858964545818,4.7,0.10332673253261351,0.0,0.0,0.0,0.0,0.0,0.0
B,0.887905348273464,0.012746008961566399,8.8,0.1348551547555781,1.0,0.0,0.419017094017094,0.16306748806748808,0.0,1.9
C,0.8825338219903406,0.009846169913326437,9.0,0.1270120529503464,1.0,0.3787698412698413,0.0,0.1851620601620602,0.0,1.4
D,0.8531203643140846,0.022912605884952513,11.7,0.21836291434592323,1.0,0.5905952380952381,0.46623931623931625,0.0,0.008893280632411068,2.6
E,0.8745017900034074,0.08621467368282218,22.2,0.5868959466481898,1.0,1.0,1.0,0.9623015873015873,0.0,4.0
