models,delta,spacing,onvg,hypervolume,c_A,c_B,c_C,c_D,c_E,score
A,0.899230766110349,1.0726820540398203,4.7,0.03265455393574692,0.0,0.0,0.0,0.0,0.0,0.0
B,0.8189133211449862,0.2189609393881887,8.8,0.042618544267714865,1.0,0.0,0.419017094017094,0.16306748806748808,0.0,1.9
C,0.810178722662482,0.1810232228961684,9.0,0.04013987311800387,1.0,0.3787698412698413,0.0,0.1851620601620602,0.018852813852813854,1.4
D,0.7487197683337261,0.20221065493300333,11.7,0.06900966854657081,1.0,0.5905952380952381,0.46623931623931625,0.0,0.07762375305853567,2.6
E,0.47589634847994,0.0004696773443599543,21.8,0.15776975122982384,1.0,0.9722222222222221,0.9488095238095238,0.8141441891441892,0.0,4.0
