models,delta,spacing,onvg,hypervolume,time,c_Prufer,c_NetKeys,c_Prim,c_Kruskal,c_GPrim,score
Prufer,0.9496347214995751,0.010144270578917813,7,0.6956201881816593,60.8809700012207,0.0,0.0,0.0,0.0,0.0,0
NetKeys,0.9673613553001449,0.002172134265006642,8,0.7147388640057623,122.19200015068054,1.0,0.0,1.0,0.5,0.0,2
Prim,0.9540201878742252,0.0065889000213242305,9,0.7043568931467656,69.18118381500244,1.0,0.0,0.0,0.0,0.0,1
Kruskal,0.9633197976686964,0.0039225633255370205,8,0.742374228910184,83.53247380256653,1.0,0.5,0.7777777777777778,0.0,0.0,2
GPrim,0.9607053829166382,0.06607144771606098,64,0.9395588885090858,106.4464647769928,1.0,1.0,1.0,1.0,0.0,4
