models,delta,spacing,onvg,hypervolume,time,c_Prufer,c_NetKeys,c_Prim,c_Kruskal,c_GPrim,score
Prufer,0.968940051947236,0.032495543597989576,4,0.48990568713363275,54.366512298583984,0.0,0.0,0.0,0.0,0.0,0
NetKeys,0.9913613407992904,0.004924824380254567,7,0.6412778650828467,115.39967918395996,1.0,0.0,0.0,0.0,0.0,1
Prim,0.9560829663621491,0.023086196899008014,7,0.6312270118346066,66.23894667625427,1.0,0.7142857142857143,0.0,0.0,0.0,2
Kruskal,0.9858816096047165,0.003156307424391179,4,0.6494830330061573,82.7371916770935,1.0,0.8571428571428571,0.2857142857142857,0.0,0.0,3
GPrim,0.8496740973625592,0.018598875753755087,36,0.8396013415661568,117.50757575035095,1.0,1.0,1.0,1.0,0.0,4
