models,delta,spacing,onvg,hypervolume,time,c_Prufer,c_NetKeys,c_Prim,c_Kruskal,c_GPrim,score
Prufer,0.9449617498672014,0.00923680885546969,6,0.6555491719751619,63.004735708236694,0.0,0.0,0.0,0.0,0.0,0
NetKeys,0.9818803371621287,0.008808968036602865,4,0.6851182790297479,130.3388671875,0.8333333333333334,0.0,0.2857142857142857,0.0,0.0,2
Prim,0.9489314830091994,0.007429213758395234,7,0.6953147716857307,67.50275015830994,1.0,0.25,0.0,0.0,0.0,1
Kruskal,0.9819984966160996,0.01695761265311011,8,0.7429314539149278,81.21362566947937,1.0,0.5,1.0,0.0,0.0,3
GPrim,0.7548646063719642,0.02315176526618295,69,0.9395608098586931,105.81939601898193,1.0,1.0,1.0,1.0,0.0,4
