models,delta,spacing,onvg,hypervolume,time,c_Prufer,c_NetKeys,c_Prim,c_Kruskal,c_GPrim,score
Prufer,0.9118615663709464,0.07061322892445027,5,0.5847046545160804,38.98215413093567,0.0,0.0,0.0,0.0,0.0,0
NetKeys,0.9583920684443155,0.015524119264755486,4,0.6618386372129639,53.07921314239502,1.0,0.0,0.4,0.0,0.0,2
Prim,0.8305897546790296,0.03634328327839914,5,0.6509540527053572,43.91826868057251,1.0,0.25,0.0,0.0,0.0,1
Kruskal,0.9108089562266044,0.0387323242832515,5,0.7207248564863377,47.777766942977905,1.0,1.0,0.4,0.0,0.0,3
GPrim,0.8819110376461524,0.05488790341071033,9,0.8234129731373306,76.69947004318237,1.0,1.0,1.0,1.0,0.0,4
