models,delta,spacing,onvg,hypervolume,c_A,c_B,c_C,c_D,c_E,score
A,0.9597989965574847,0.5478830555329365,5,0.22518592339330623,0.0,0.0,0.0,0.0,0.0,0
B,0.9177135223404087,0.7120697583088182,17,1.592834021084566,0.4,0.0,0.09090909090909091,0.0,0.0,1
C,0.9567839195817748,2.1191456017485284,11,0.5853488138345333,1.0,0.29411764705882354,0.0,0.5833333333333334,0.0,3
D,0.9150296982307566,1.240096718216377,12,0.6461515771872861,1.0,0.7058823529411765,0.18181818181818182,0.0,0.0,2
E,0.8680439295042776,0.5345112303623298,28,0.9585983804612153,1.0,0.47058823529411764,1.0,0.75,0.0,4
