models,delta,spacing,onvg,hypervolume,c_A,c_B,c_C,c_D,c_E,c_F,score
A,0.9597989965574847,0.5478830555329365,5,0.22518592339330623,0.0,0.0,0.0,0.0,0.0,0.0,0
B,0.9813352460040844,0.8280533830301804,15,1.1522959619594604,1.0,0.0,0.0,0.0,0.0,0.0,1
C,0.9819095483250884,0.4045787267608782,11,0.5048074857903446,1.0,0.2,0.0,0.2727272727272727,0.0,0.0,3
D,0.9216080451075562,0.9438523496713065,11,0.643138075721563,1.0,0.8,0.18181818181818182,0.0,0.0,0.0,2
E,0.5355528055645835,0.5202714813003155,81,3.0419290518288076,1.0,1.0,1.0,1.0,0.0,0.1717171717171717,4
F,0.5313301658919456,0.48625716472924024,99,3.125961326063617,1.0,1.0,1.0,1.0,0.4567901234567901,0.0,5
