models,delta,spacing,onvg,hypervolume,time,c_A,c_B,c_C,c_D,c_E,score
A,1.0,inf,1,0.0,37.22822642326355,0.0,0.0,0.0,0.0,0.0,0
B,1.0,inf,1,0.0,56.517934799194336,1.0,0.0,0.0,0.0,0.0,1
C,1.0,inf,1,0.0,42.48772978782654,1.0,0.0,0.0,0.0,0.0,1
D,0.8403526519221743,0.0,2,0.12564863146483327,48.07582402229309,1.0,1.0,1.0,0.0,0.0,3
E,0.8611036616004099,0.2069372133265923,4,0.3750860952479117,76.95810651779175,1.0,1.0,1.0,1.0,0.0,4
