models,delta,spacing,onvg,hypervolume,time,c_A,c_B,c_C,c_D,c_E,score
A,0.8974356517056101,1.3409565986125054,5,0.10684100324869047,24.230949878692627,0.0,0.0,0.0,0.0,0.0,0
B,1.0,inf,1,0.0,56.517934799194336,1.0,0.0,0.0,0.0,0.0,1
C,1.0,inf,1,0.0,42.48772978782654,1.0,0.0,0.0,0.0,0.0,1
D,0.9743589705910869,0.0,2,0.025901440950562307,52.68181371688843,1.0,1.0,1.0,0.0,0.0,3
E,0.923077217411782,0.0032492412100245545,4,0.23557777325690826,76.95810651779175,1.0,1.0,1.0,1.0,0.0,4
