models,delta,spacing,onvg,hypervolume,c_A,c_B,c_C,c_D,c_E,score
A,0.8704122397638918,0.08462882686229052,5,0.1701118665266338,0.0,0.0,0.0,0.0,0.0,0
B,1.0,inf,1,0.0,1.0,0.0,0.0,0.0,0.0,1
C,1.0,inf,1,0.0,1.0,0.0,0.0,0.0,0.0,1
D,0.9539579612739368,0.0,2,0.04124018243794941,1.0,1.0,1.0,0.0,0.0,3
E,0.8611036616004099,0.2069372133265923,4,0.3750860952479117,1.0,1.0,1.0,1.0,0.0,4
