models,delta,spacing,onvg,hypervolume,c_A,c_B,c_C,c_D,c_E,score
A,0.9410822516506497,0.8934647517184902,6.2,0.12936254438692146,0.0,0.0,0.0,0.0,0.0,0.0
B,0.9025358673230283,0.875306808448358,10.3,0.23294289881190852,0.975,0.0,0.43778998778998784,0.3330016217013121,0.008695652173913042,1.9
C,0.9116697296171283,1.4897821382374068,10.4,0.2370766651239117,1.0,0.30378787878787883,0.0,0.2604916089242714,0.0,1.8
D,0.8330528467585948,0.7716607313857772,16.4,0.3901362329849122,0.975,0.427049062049062,0.337973137973138,0.0,0.0,2.0
E,0.8022521379123096,0.5895357376835434,22.6,0.35478337398145043,1.0,0.756969696969697,1.0,0.5324352548036759,0.0,4.0
