models,delta,spacing,onvg,hypervolume,c_1.6.1.0.0.1,c_1.6.1.0.1.1,c_1.6.1.0.2.1,c_1.6.1.0.3.1,c_1.6.1.0.4.1,c_1.6.1.0.5.1,score
1.6.1.0.0.1,0.7792984942647361,0.25076637032210913,10.8,0.083545759541846,0.0,0.5911588411588411,0.5654761904761905,0.682972582972583,0.6732828282828283,0.7738095238095237,4.2
1.6.1.0.1.1,0.8035276056136194,0.15134044877798888,10.0,0.0754232241923625,0.2676190476190476,0.0,0.4088095238095238,0.5936219336219335,0.566111111111111,0.6896825396825397,2.8
1.6.1.0.2.1,0.8177600379902398,0.6026473136017556,9.4,0.07949062570085841,0.3569597069597069,0.4392607392607393,0.0,0.5206060606060606,0.5153030303030304,0.7436507936507937,3.4
1.6.1.0.3.1,0.820826203746096,0.32158627217365865,8.8,0.07321039039033098,0.18882783882783882,0.3405261405261405,0.30857142857142855,0.0,0.4447474747474748,0.6015873015873016,2.2
1.6.1.0.4.1,0.8031134571658918,0.35776140459600453,9.8,0.09511352494934779,0.17457875457875455,0.3638861138861139,0.27523809523809517,0.4011255411255411,0.0,0.7007936507936507,1.6
1.6.1.0.5.1,0.7956239113022039,0.3915770037867155,9.8,0.0691708029542596,0.05934065934065934,0.2833333333333333,0.16499999999999998,0.15428571428571428,0.17853535353535352,0.0,0.8
