models,delta,spacing,onvg,hypervolume,time,c_Prufer,c_NetKeys,c_Prim,c_Kruskal,c_GPrim,score
Prufer,0.9433054077121649,0.03536561950447425,7,0.6384215806905044,125.68153977394104,0.0,0.0,0.125,0.0,0.0,0
NetKeys,0.9778371357735021,0.02723142961060701,9,0.7244320013585901,131.94028568267822,1.0,0.0,0.75,0.2857142857142857,0.0,2
Prim,0.9298098875329084,0.010128703819569667,8,0.6730312952948103,107.41445755958557,0.8571428571428571,0.0,0.0,0.0,0.0,1
Kruskal,0.9479764631835181,0.011439202832931577,7,0.7387919031266073,116.32845044136047,1.0,0.6666666666666666,0.625,0.0,0.0,3
GPrim,1.13129702438981,0.20939151116269134,26,3.0596454503647883,176.44998145103455,1.0,1.0,1.0,1.0,0.0,4
