models,igd,delta,spacing,onvg,hypervolume,c_A,c_B,c_C,c_D,c_E,score
A,0.6082762768003567,0.7192982289278397,0.37791917659336743,7,0.02005290409464689,0.0,0.0,0.0,0.0,0.0,0
B,0.38729835644669325,0.3684211055667174,0.00015137059706191156,13,0.03007267691381811,1.0,0.0,0.375,0.2727272727272727,0.0,1
C,0.606217804801104,0.6691729446112197,0.00013259291866185043,8,0.0179341678980294,1.0,0.5384615384615384,0.0,0.2727272727272727,0.0,2
D,0.41833003874645797,0.5157894991234797,9.153874288699465e-05,11,0.025645074443149007,1.0,0.5384615384615384,0.625,0.0,0.0,3
E,4.395534530054149e-05,5.803770942992814e-06,0.0004581018937440293,20,0.06295950073028268,1.0,1.0,1.0,1.0,0.0,4
