models,delta,spacing,onvg,hypervolume,time,c_Prufer,c_NetKeys,c_Prim,c_Kruskal,c_GPrim,score
Prufer,0.9693588772236696,0.008697934836803905,9,0.548579452040724,667.4719438552856,0.0,0.0,0.0,0.0,0.0,0
NetKeys,0.9914439732689886,0.017329713537395063,7,0.6382286871530438,1407.6713972091675,0.8888888888888888,0.0,0.375,0.0,0.0,2
Prim,0.9491326817139447,0.007448678693948892,8,0.5499588380712306,294.42621636390686,0.8888888888888888,0.0,0.0,0.0,0.0,1
Kruskal,0.9968368828439748,0.0,2,0.7570096202669198,465.6730909347534,0.7777777777777778,0.7142857142857143,0.25,0.0,0.0,3
GPrim,0.9469677441837827,0.003258419684700942,24,0.7918172392245622,496.4904110431671,1.0,1.0,1.0,1.0,0.0,4
