models,delta,spacing,onvg,hypervolume,c_A,c_B,c_C,c_D,c_E,score
A,0.9711158506829825,0.030042434313549797,8,0.10847635567559687,0.0,0.0,0.0,0.0,0.0,0
B,0.9641734240181569,0.036898658489716775,10,0.13637488500060652,1.0,0.0,0.125,0.1111111111111111,0.0,1
C,0.9499761925730701,0.005024745198978654,8,0.0732910402730341,1.0,0.5,0.0,0.16666666666666666,0.0,2
D,0.9129674420989661,0.018572329565187017,18,0.1720831913116854,1.0,0.7,0.375,0.0,0.0,3
E,0.9212925054290069,0.06294774194470995,71,0.8292253464388168,1.0,1.0,1.0,1.0,0.0,4
