models,delta,spacing,onvg,hypervolume,time,c_A,c_B,c_C,c_D,c_E,score
A,0.9653679665761294,2.9246515971132894,8,0.21588964306557296,36.09720706939697,0.0,0.0,0.0,0.0,0.0,0
B,0.9427609478699263,3.433544913505019,10,0.2714132961282071,115.60308527946472,1.0,0.0,0.125,0.1111111111111111,0.0,1
C,0.9206349263251167,0.5175171505601865,8,0.1458638283513925,67.92449069023132,1.0,0.5,0.0,0.16666666666666666,0.0,2
D,0.8639334722085744,1.6529129055755745,18,0.34247996734851627,101.14120888710022,1.0,0.7,0.375,0.0,0.0,3
E,0.3448775874665579,0.20254761937192733,71,1.6503242844825339,102.82437038421631,1.0,1.0,1.0,1.0,0.0,4
