models,delta,spacing,onvg,hypervolume,c_A,c_B,c_C,c_D,c_E,score
A,0.8989899037269549,0.8367551564067722,5,0.13028160251426635,0.0,0.0,0.0,0.0,0.0,0
B,0.9230769297420552,1.286028015138296,14,0.2963454224338708,1.0,0.0,0.0,0.16666666666666666,0.0,1
C,0.9393939435041624,0.48790573037959806,7,0.10918224959319725,1.0,0.5714285714285714,0.0,0.2777777777777778,0.0,3
D,0.8657159798101424,0.5144661035095538,18,0.4112189238843283,1.0,0.42857142857142855,0.0,0.0,0.0,2
E,0.49403128809256625,1.917093059041376e-05,56,0.6342975999822228,1.0,1.0,1.0,0.6666666666666666,0.0,4
