models,delta,spacing,onvg,hypervolume,c_A,c_B,c_C,c_D,c_E,score
A,0.8989899037286211,0.8367536822546494,5,0.1299545792579761,0.0,0.0,0.0,0.0,0.0,0
B,0.8464646541900169,0.7507306180974727,11,0.2780785942883292,1.0,0.0,0.42857142857142855,0.3333333333333333,0.0,1
C,0.9461279465943974,0.0001107066022235153,7,0.11582888631939847,1.0,0.5454545454545454,0.0,0.2,0.0,2
D,0.8903318924816389,0.5605499698860763,15,0.3217994566176728,1.0,0.36363636363636365,0.2857142857142857,0.0,0.0,3
E,0.7984189854886099,0.6756908335219333,24,0.3760068777274578,1.0,0.7272727272727273,1.0,0.3333333333333333,0.0,4
