models,igd,delta,spacing,onvg,hypervolume,time,c_A,c_B,c_C,c_D,c_E,score
A,0.05362571162576833,0.8504917546603659,0.04205949093631895,5,0.14802290536317947,12.39509105682373,0.0,0.0,0.0,0.0,0.0,0
B,0.0337628676213631,0.6754954192086766,0.02278060810751382,12,0.3147656977490395,23.573055267333984,1.0,0.0,0.4,0.25,0.05,2
C,0.03810453101389508,0.7336798139799926,0.014787592571122282,10,0.2739824226500268,17.773419857025146,1.0,0.25,0.0,0.16666666666666666,0.0,1
D,0.029944232155958418,0.7168979147094978,0.05031809484271124,12,0.3516976673106986,20.81105065345764,1.0,0.25,0.5,0.0,0.0,2
E,0.01696172647057042,0.641677201983696,0.11756557125354557,20,0.8061095641465805,25.630056858062744,1.0,0.4166666666666667,0.8,0.4166666666666667,0.0,4
