models,igd,delta,spacing,onvg,hypervolume,time,c_Prufer,c_NetKeys,c_Prim,c_Kruskal,c_GPrim,score
Prufer,0.047466928335701736,0.7926743600361602,0.01732676989979244,8,0.8065170740046933,18.315389394760132,0.0,0.08333333333333333,0.0,0.0,0.0,0
NetKeys,0.0337628676213631,0.6754954192086766,0.02278060810751382,12,1.0582691290634105,23.573055267333984,0.875,0.0,0.4,0.14285714285714285,0.05,2
Prim,0.03810453101389508,0.7336798139799926,0.014787592571122282,10,1.0345227240659411,17.773419857025146,0.875,0.25,0.0,0.2857142857142857,0.0,1
Kruskal,0.05350303132298082,0.8173914694469224,0.024709602841673017,7,0.9452406846273892,20.250563144683838,0.75,0.4166666666666667,0.5,0.0,0.0,3
GPrim,0.01696172647057042,0.641677201983696,0.11756557125354557,20,1.440196757694549,25.630056858062744,1.0,0.4166666666666667,0.8,0.5714285714285714,0.0,4
