models,igd,delta,spacing,onvg,hypervolume,time,c_Prufer,c_NetKeys,c_Prim,c_Kruskal,c_GPrim,score
Prufer,0.0950016520479052,0.7940653064925304,0.0372879999936607,8,0.5906871172576589,17.07717537879944,0.0,0.25,0.09090909090909091,0.2222222222222222,0.0,0
NetKeys,0.0894398809580527,0.7947105472355587,0.0571455550953057,8,0.6148554041975368,21.536255359649658,0.625,0.0,0.18181818181818182,0.4444444444444444,0.0,1
Prim,0.08569439309422691,0.7354699255253959,0.031576721529417574,11,0.6583171720085736,17.754833936691284,0.75,0.625,0.0,0.6666666666666666,0.0,3
Kruskal,0.09505620212408686,0.7851707566714226,0.004544778025249327,9,0.6201188831310055,19.505403995513916,0.5,0.5,0.18181818181818182,0.0,0.0,2
GPrim,0.0005413430145377035,0.9149509821205757,0.23680780710395763,20,2.4886051765504362,24.355862379074097,1.0,1.0,0.9090909090909091,0.8888888888888888,0.0,4
