models,igd,delta,spacing,onvg,hypervolume,time,c_Prufer,c_NetKeys,c_Prim,c_Kruskal,c_GPrim,score
Prufer,0.05589250270718238,0.7926743600361602,0.01732676989979244,8,0.6013854515514686,18.315389394760132,0.0,0.08333333333333333,0.0,0.0,0.0,0
NetKeys,0.04233051622960293,0.6754954192086766,0.02278060810751382,12,0.6807701361505862,23.573055267333984,0.875,0.0,0.4,0.14285714285714285,0.05,2
Prim,0.04718104012486145,0.7336798139799926,0.014787592571122282,10,0.6859206127675348,17.773419857025146,0.875,0.25,0.0,0.2857142857142857,0.0,1
Kruskal,0.060219220612859205,0.8173914694469224,0.024709602841673017,7,0.6877865270764184,20.250563144683838,0.75,0.4166666666666667,0.5,0.0,0.0,3
GPrim,0.00022808063637974772,0.641677201983696,0.11756557125354557,20,0.7933845901737154,25.630056858062744,1.0,0.4166666666666667,0.8,0.5714285714285714,0.0,4
