models,delta,spacing,onvg,hypervolume,time,c_Prufer,c_NetKeys,c_Prim,c_Kruskal,c_GPrim,score
Prufer,0.9669913117873028,0.02414655517321763,6,0.6228024375172257,122.28403043746948,0.0,0.5,0.0,0.0,0.0,0
NetKeys,0.9383175324429304,0.0,2,0.6376578504920453,134.4719500541687,0.5,0.0,0.0,0.0,0.0,0
Prim,0.9804676939998563,0.030060604620248083,5,0.6956080540151461,106.01550006866455,1.0,1.0,0.0,0.0,0.0,2
Kruskal,0.9582246205426102,0.0027817606205915685,3,0.7174116007376881,117.3940019607544,0.6666666666666666,0.5,0.2,0.0,0.0,3
GPrim,1.1199688312757106,0.22546429131161663,22,3.0397843723913267,184.2232789993286,1.0,1.0,1.0,1.0,0.0,4
