models,delta,spacing,onvg,hypervolume,time,c_A,c_B,c_C,c_D,c_E,score
A,0.9090909116765428,1.6430811043928037,5,0.16963930561217727,36.51426458358765,0.0,0.0,0.0,0.0,0.0,0
B,0.9562289596345049,0.7559791542243051,7,0.12477566571025085,112.14659547805786,1.0,0.0,0.2,0.5555555555555556,0.0,2
C,0.9180695900798129,1.2516691188505682,10,0.185597481274445,69.30590415000916,1.0,0.2857142857142857,0.0,0.3333333333333333,0.0,3
D,0.7629233963373997,0.840075527875169,18,0.45895049837083596,102.04149603843689,1.0,0.0,0.2,0.0,0.0,1
E,0.3734170040118438,0.0013177004998235697,64,1.5314188763982273,101.53868961334229,1.0,1.0,1.0,1.0,0.0,4
