models,delta,spacing,onvg,hypervolume,time,c_Prufer,c_NetKeys,c_Prim,c_Kruskal,c_GPrim,score
Prufer,0.9327001426257254,0.005904716429004717,6,0.42437010203645814,22.6673321723938,0.0,0.0,0.0,0.0,0.0,0
NetKeys,0.8788670531364678,0.007168399937052483,8,0.5500784253730392,23.66827917098999,1.0,0.0,0.5833333333333334,0.375,0.0,2
Prim,0.8271270144824213,0.007267452650528789,12,0.5529610034849939,27.44330668449402,1.0,0.125,0.0,0.375,0.0,1
Kruskal,0.890618548154491,0.007529809384842596,8,0.553936876808879,31.952483892440796,1.0,0.625,0.5833333333333334,0.0,0.1,3
GPrim,0.7821566433311545,0.055294004856959796,20,0.6628818799669901,38.25640344619751,1.0,1.0,1.0,0.625,0.0,4
