models,delta,spacing,onvg,hypervolume,c_A,c_B,c_C,c_D,c_E,c_F,score
A,0.7908771974051474,0.47031679696980644,5.3,0.013426649032894183,0.0,0.0,0.0,0.0,0.0,0.0,0.0
B,0.5398705472534736,0.06502332188015034,10.1,0.02269820558955881,1.0,0.0,0.30724747474747477,0.2558508158508158,0.06937134502923976,0.04552631578947368,1.4
C,0.5607895049032835,9.338795675369163e-05,9.5,0.020393675384013342,1.0,0.5141239316239317,0.0,0.2723776223776224,0.06841374269005848,0.030789473684210526,2.1
D,0.5015789925905759,0.033490694685089355,10.7,0.025590758870729896,1.0,0.6512820512820512,0.485,0.0,0.1384795321637427,0.0613157894736842,2.5
E,0.042109399541453416,0.0003239275150844123,19.2,0.05346141211825513,1.0,0.821111111111111,0.6535858585858586,0.6098368298368299,0.0,0.1423684210526316,4.1
F,0.010531436648172524,0.00040329320550237124,19.8,0.0592977500737093,1.0,0.8806410256410256,0.7905050505050505,0.7218026418026418,0.32172514619883047,0.0,4.9
