models,delta,spacing,onvg,hypervolume,c_A,c_B,c_C,c_D,c_E,c_F,score
A,0.798020861211649,0.47542884340905844,5.1,1.6419592863736583,0.0,0.0,0.0,0.0,0.0,0.0,0.0
B,0.4372779053708037,0.12466861038167251,12.2,1.7050943696062917,1.0,0.0,0.2760755910755911,0.23595543345543346,0.05,0.09052631578947368,1.3
C,0.39720629419020004,0.1053449061423642,12.9,1.6439988705227844,1.0,0.4671062271062271,0.0,0.25563034188034184,0.06,0.08026315789473684,2.4
D,0.4218364968030352,0.12515087001984487,12.6,3.007354596875696,1.0,0.6273160173160174,0.3724941724941725,0.0,0.10500000000000001,0.13026315789473683,2.5
E,0.28208375232601723,0.45808178537374244,20.0,26.260808725785218,1.0,0.8181285381285381,0.5035497835497835,0.5638324175824175,0.0,0.29526315789473684,4.5
F,0.2880023311504802,0.4575804774437004,19.9,26.201864522029894,1.0,0.738916083916084,0.471974691974692,0.4561584249084249,0.13999999999999999,0.0,4.1
