models,igd,delta,spacing,onvg,hypervolume,c_A,c_B,c_C,c_D,c_E,score
A,0.039523986945678255,0.7816532068461487,0.08578220443774394,7,0.27528913949545086,0.0,0.0,0.0,0.0,0.0,0
B,0.041162649930955156,0.7328487061517687,0.0213791885425501,10,0.26719328181267804,1.0,0.0,0.23076923076923078,0.0,0.0,1
C,0.027521513096106502,0.7010121810459496,0.0562440576812596,13,0.38086506261791575,1.0,0.7,0.0,0.1,0.0,2
D,0.0398340833947481,0.7638820140682073,0.07877404000680788,10,0.3668248699047965,1.0,0.9,0.38461538461538464,0.0,0.0,3
E,0.016959734933348326,0.6417988607495124,0.11758870590990958,20,0.8061281515299794,1.0,1.0,0.46153846153846156,0.7,0.0,4
