models,delta,spacing,onvg,hypervolume,time,c_Prufer,c_NetKeys,c_Prim,c_Kruskal,c_GPrim,score
Prufer,0.9909582811958969,0.255889997078138,7,2.350879468230124,37.45311403274536,0.0,0.0,0.0,0.0,0.0,0
NetKeys,0.8916646453086758,0.03090331809339942,5,0.4828895565813033,49.17130708694458,1.0,0.0,0.4,0.0,0.0,2
Prim,0.9004824473321966,0.03441790712644345,5,0.49486170654609385,41.297476053237915,0.8571428571428571,0.2,0.0,0.0,0.0,1
Kruskal,0.791489485104475,0.030410592692939498,3,0.4551056195520433,46.56972312927246,1.0,0.8,0.4,0.0,0.0,3
GPrim,0.9966541300336371,0.32620987264037904,9,3.0547356482250883,74.0844235420227,1.0,1.0,1.0,1.0,0.0,4
