models,delta,spacing,nds,c_1.2.2.0.1.0,c_1.2.2.0.1.1,c_1.2.2.0.1.2,c_1.2.2.0.1.3,score
1.2.2.0.1.0,4.344773429920679e-09,1.2657403864243884e-05,3,0.0,0.0,0.0,0.0,0
1.2.2.0.1.1,0.0,0.0,2,0.3333333333333333,0.0,0.3333333333333333,0.6666666666666666,2
1.2.2.0.1.2,3.4890107969420825e-07,0.0005720690508387101,3,0.3333333333333333,0.5,0.0,0.6666666666666666,3
1.2.2.0.1.3,1.500000095860174,1.7327546806370433,3,0.3333333333333333,0.0,0.0,0.0,1
