models,delta,spacing,onvg,hypervolume,time,c_Prufer,c_NetKeys,c_Prim,c_Kruskal,c_GPrim,score
Prufer,0.9378996747763448,0.011721234333422165,14,0.7246872703441178,61.93847393989563,0.0,0.0,0.0,0.0,0.0,0
NetKeys,0.9217154912752962,0.013974698730285052,11,0.794124790639816,128.89753365516663,1.0,0.0,0.4,0.08333333333333333,0.0,2
Prim,0.9141671571280553,0.00517740595700206,10,0.709948486105981,68.10887789726257,0.8571428571428571,0.2727272727272727,0.0,0.08333333333333333,0.0,1
Kruskal,0.932537226653386,0.006948618585864325,12,0.888893488693968,84.56621623039246,1.0,0.36363636363636365,0.4,0.0,0.0,3
GPrim,0.7914939361307868,0.03238877353973337,71,0.9653962523453046,98.61271166801453,1.0,1.0,1.0,1.0,0.0,4
