models,delta,spacing,onvg,hypervolume,time,c_Prufer,c_NetKeys,c_Prim,c_Kruskal,c_GPrim,score
Prufer,0.9199053837762274,0.019892419428506093,14,0.6689691286387783,60.51546263694763,0.0,0.0,0.0,0.0,0.0,0
NetKeys,0.8783265367939704,0.03148116593593928,11,0.7363600076307811,119.32438635826111,1.0,0.0,0.4,0.08333333333333333,0.0,2
Prim,0.891406312864465,0.013800554160984182,10,0.6733744667522943,67.2246618270874,0.8571428571428571,0.2727272727272727,0.0,0.08333333333333333,0.0,1
Kruskal,0.8598846766456517,0.024795865093656323,12,0.8120935120202555,79.37987422943115,1.0,0.36363636363636365,0.4,0.0,0.0,3
GPrim,1.1552031010611277,0.15009823323748375,71,3.5988553700656323,95.57615876197815,1.0,1.0,1.0,1.0,0.0,4
