models,delta,spacing,onvg,hypervolume,time,c_Prufer,c_NetKeys,c_Prim,c_Kruskal,c_GPrim,score
Prufer,0.9483104746941569,0.00824243323808628,10,0.5334357158104082,594.3264288902283,0.0,0.0,0.0,0.0,0.0,0
NetKeys,0.9788395508608368,0.01128305287106829,12,0.6654764506189114,1363.2343566417694,1.0,0.0,0.7142857142857143,0.16666666666666666,0.0,2
Prim,0.974129108871006,0.007272028819534537,7,0.5722507514208911,282.7128474712372,1.0,0.08333333333333333,0.0,0.0,0.0,1
Kruskal,0.9832891378127809,0.03648095685037367,6,0.6727736763065882,450.9588587284088,1.0,0.6666666666666666,0.5714285714285714,0.0,0.0,3
GPrim,0.9411965173604101,0.0033639175297788064,19,0.7775301879515008,448.3722758293152,1.0,1.0,1.0,1.0,0.0,4
