models,delta,spacing,onvg,hypervolume,c_A,c_B,c_C,c_D,c_E,score
A,0.8589743576797442,0.5475331219819115,5,0.031588770537179525,0.0,0.0,0.0,0.0,0.0,0
B,0.7179487424233514,5.7496158538806696e-05,12,0.05232585118679651,1.0,0.0,0.14285714285714285,0.09090909090909091,0.0,1
C,0.8632478687706582,0.48789445308270585,7,0.03787942848203742,1.0,0.5833333333333334,0.0,0.2727272727272727,0.0,2
D,0.7897436109731146,0.3014909145154529,11,0.07125111783601712,1.0,0.75,0.2857142857142857,0.0,0.05263157894736842,3
E,0.5384616505999175,0.00034000560221110867,19,0.12774460517925107,1.0,1.0,1.0,0.9090909090909091,0.0,4
