models,delta,spacing,onvg,hypervolume,c_A,c_B,c_C,c_D,c_E,score
A,0.8589743576797442,0.5475331219819115,5,0.031588770537179525,0.0,0.0,0.0,0.0,0.0,0
B,0.7891738001338788,0.31622270765417826,10,0.047393703493090016,1.0,0.0,0.5,0.3,0.0,2
C,0.8571428624801437,8.254825445894077e-05,8,0.039559428852627886,1.0,0.2,0.0,0.1,0.0,1
D,0.7806267903252123,0.4215540154162634,10,0.0702382889512025,1.0,0.5,0.25,0.0,0.0625,3
E,0.6153846527145905,0.00021046007854122576,16,0.07469557081244019,1.0,1.0,1.0,0.7,0.0,4
