models,delta,spacing,onvg,hypervolume,time,c_Prufer,c_NetKeys,c_Prim,c_Kruskal,c_GPrim,score
Prufer,0.9392328779802547,0.012302459251664184,4,0.5118813368324155,53.72841024398804,0.0,0.0,0.0,0.0,0.0,0
NetKeys,0.9420168038860285,0.02081416481295239,10,0.685456687667797,114.59291815757751,1.0,0.0,0.0,0.0,0.0,1
Prim,0.9477160843779279,0.0041498627223483225,9,0.6148980365808061,66.84155607223511,1.0,0.4,0.0,0.8,0.0,3
Kruskal,0.9779192172285168,0.002637219606945313,5,0.5957172590772674,82.7849748134613,1.0,0.4,0.1111111111111111,0.0,0.0,2
GPrim,0.8102790948751426,0.0029895311009753437,38,0.8408476396972733,117.35800194740295,1.0,1.0,1.0,1.0,0.0,4
