models,delta,spacing,onvg,hypervolume,time,c_Prufer,c_NetKeys,c_Prim,c_Kruskal,c_GPrim,score
Prufer,0.9571443688012364,0.01815439347761908,10,0.6820982171208511,61.16557693481445,0.0,0.3333333333333333,0.0,0.0,0.0,0
NetKeys,0.9370068833173076,0.016493864990637996,9,0.7375741826287477,117.66746187210083,0.4,0.0,0.0,0.0,0.0,1
Prim,0.9666840313023927,0.020050172130269793,6,0.6946231640044094,68.60198307037354,1.0,0.5555555555555556,0.0,0.42857142857142855,0.0,3
Kruskal,0.9766839171725993,0.0331954420284988,7,0.7416213288181258,101.63038873672485,0.9,0.8888888888888888,0.3333333333333333,0.0,0.0,2
GPrim,0.7756044915089103,0.02373521355198544,66,0.9394713909324719,107.60843825340271,1.0,1.0,1.0,1.0,0.0,4
