models,delta,spacing,onvg,hypervolume,c_1.6.9.0.4.0,c_1.6.9.0.4.1,c_1.6.9.0.4.2,c_1.6.9.0.4.3,score
1.6.9.0.4.0,0.4712261969536585,0.0011503117179433972,21.8,0.264994410011143,0.0,0.3997843137254902,0.3369969040247678,0.2543748259537733,1.6
1.6.9.0.4.1,0.6506411129882437,0.0003375679155685016,14.8,0.10070644069598829,0.274324272219009,0.0,0.16301783871443315,0.15406571985519352,0.2
1.6.9.0.4.2,0.4660976373307399,0.0009868414474488996,22.0,0.24069002012479584,0.44464815885868514,0.5790196078431372,0.0,0.3268504594820384,2.0
1.6.9.0.4.3,0.47068610008465495,0.04682284329621283,22.0,0.28073101925069144,0.5458286742497268,0.5095882352941177,0.4624797287335987,0.0,2.2
