models,delta,spacing,onvg,hypervolume,time,c_A,c_B,c_C,c_D,c_E,score
A,0.9433338583489195,0.0,2,0.031242667735844748,52.091663122177124,0.0,0.0,0.0,0.0,0.0,0
B,0.9531068410549228,0.0,2,0.0346099213937479,156.29638862609863,1.0,0.0,1.0,0.0,0.0,2
C,0.9506965204611465,0.0,2,0.0362509808198206,103.71330523490906,1.0,0.0,0.0,0.0,0.0,1
D,1.0,inf,1,0.0,153.32385182380676,1.0,0.5,1.0,0.0,0.0,3
E,0.9066240631398769,0.1832523165316075,6,0.42474349165704284,224.82834815979004,1.0,1.0,1.0,1.0,0.0,4
