models,delta,spacing,onvg,hypervolume,time,c_A,c_B,c_C,c_D,c_E,score
A,0.9595959532844652,0.0,2,0.12404582549306242,52.091663122177124,0.0,0.0,0.0,0.0,0.0,0
B,0.9494949532137678,0.0,2,0.13741516268189397,156.29638862609863,1.0,0.0,1.0,0.0,0.0,2
C,0.9494949522350443,0.0,2,0.14393082174505406,103.71330523490906,1.0,0.0,0.0,0.0,0.0,1
D,1.0,inf,1,0.0,153.32385182380676,1.0,0.5,1.0,0.0,0.0,3
E,0.9494958512119316,0.007275846310524629,6,1.6864007097881402,224.82834815979004,1.0,1.0,1.0,1.0,0.0,4
