models,delta,spacing,onvg,hypervolume,time,c_HMOEA,c_Prufer,c_NetKeys,c_Prim,c_Kruskal,c_GPrim,score
HMOEA,0.9277015306690813,0.12830577796528098,5.5,0.7850714292976997,124.16934778690339,0.0,0.85,0.4747619047619048,0.26,0.25,0.0,2.5
Prufer,0.9400102520408801,0.05833733596524039,3.8,0.5333738224058361,75.43608012199402,0.0,0.0,0.0,0.0,0.0,0.0,0.0
NetKeys,0.9873266407906071,inf,4.0,0.6511288210092184,74.48029041290283,0.05595238095238094,0.9214285714285715,0.0,0.6333333333333333,0.0,0.0,1.9
Prim,0.981371378022971,inf,2.5,0.5902985416139624,110.19513828754425,0.02,0.975,0.02222222222222222,0.0,0.0,0.0,1.2
Kruskal,0.9876468693274365,inf,2.5,0.6604071350547221,111.2208324432373,0.3814285714285714,0.7783333333333333,0.5766666666666667,0.6133333333333334,0.0,0.0,3.1
GPrim,0.9591757087270274,0.030312817615334088,4.9,0.8629037812890935,179.77719645500184,1.0,1.0,1.0,1.0,1.0,0.0,5.0
