models,delta,spacing,onvg,hypervolume,time,c_Prufer,c_NetKeys,c_Prim,c_Kruskal,c_GPrim,score
Prufer,0.9014787156314698,0.0,2,0.4981505347445199,126.55299425125122,0.0,0.5,0.0,0.0,0.0,1
NetKeys,0.8581429691436788,0.0,2,0.49237403440245886,155.07076001167297,0.0,0.0,0.0,0.0,0.0,0
Prim,0.945641904078561,0.004522983776551084,6,0.5604550931253817,102.72728323936462,1.0,1.0,0.0,0.5,0.0,3
Kruskal,0.9102338036414173,0.0,2,0.515054257004502,122.1573076248169,0.5,0.5,0.16666666666666666,0.0,0.0,2
GPrim,0.9065806623329372,0.18318224300071825,6,0.8140171078072457,221.34847950935364,1.0,1.0,1.0,1.0,0.0,4
