models,delta,spacing,onvg,hypervolume,time,c_Prufer,c_NetKeys,c_Prim,c_Kruskal,c_GPrim,score
Prufer,0.9534298890918946,0.06228444902174542,5,0.1417077970159048,111.05008101463318,0.0,0.0,0.0,0.0,0.0,0
NetKeys,0.8366804910479352,0.0,2,0.2157567762941618,147.12232089042664,0.2,0.0,0.0,0.0,0.0,1
Prim,0.9288927504412562,0.004035007630784295,3,0.342291182632484,102.64607381820679,1.0,1.0,0.0,0.75,0.0,3
Kruskal,0.9516061333640371,0.12479042486273209,4,0.32189942462836374,122.05805325508118,1.0,1.0,0.0,0.0,0.0,2
GPrim,0.9356743610757751,0.4638902419569423,6,3.3376896948301864,223.45868849754333,1.0,1.0,1.0,1.0,0.0,4
