models,igd,delta,spacing,onvg,hypervolume,time,c_A,c_B,c_C,c_D,c_E,score
A,0.046593727883822114,0.8511572131470665,0.060472637555880074,5,0.19897789394347629,12.865871906280518,0.0,0.0,0.0,0.0,0.0,0
B,0.0320796023280441,0.6649760785982691,0.027316257172734393,13,0.33702175169632426,23.473626852035522,1.0,0.0,0.125,0.0,0.0,1
C,0.04828177616660537,0.7965848917696069,0.01675165003301258,8,0.190209483275175,18.455002784729004,1.0,0.5384615384615384,0.0,0.2222222222222222,0.0,2
D,0.04436196589167092,0.7660983840830986,0.021564389579301273,9,0.22944862071604682,22.040828227996826,1.0,0.6153846153846154,0.5,0.0,0.0,3
E,0.01694968732435257,0.6424635001588365,0.11763556226533786,20,0.8062529821618272,25.53550148010254,1.0,0.6153846153846154,0.75,0.6666666666666666,0.0,4
