models,igd,delta,spacing,onvg,hypervolume,time,c_Prufer,c_NetKeys,c_Prim,c_Kruskal,c_GPrim,score
Prufer,0.048784118641429855,0.733718136405858,0.02078649424486621,10,0.6411011181194167,17.293580293655396,0.0,0.15384615384615385,0.0,0.0,0.0,0
NetKeys,0.04128633848521311,0.6649760785982691,0.027316257172734393,13,0.681138739627975,23.473626852035522,0.6,0.0,0.125,0.0,0.0,1
Prim,0.05665162810530154,0.7965848917696069,0.01675165003301258,8,0.6485807402999383,18.455002784729004,0.7,0.5384615384615384,0.0,0.15384615384615385,0.0,2
Kruskal,0.04428719428622073,0.6549798249863317,0.018498735540875267,13,0.6864752945667792,21.034865140914917,0.9,0.46153846153846156,0.375,0.0,0.0,3
GPrim,0.0001523793821199015,0.6424635001588365,0.11763556226533786,20,0.7935280081889622,25.53550148010254,1.0,0.6153846153846154,0.75,0.3076923076923077,0.0,4
