models,igd,delta,spacing,onvg,hypervolume,time,c_Prufer,c_NetKeys,c_Prim,c_Kruskal,c_GPrim,score
Prufer,0.04973364649701965,0.8177360814824416,0.02042674799568708,7,0.6546133699830353,16.859866857528687,0.0,0.14285714285714285,0.09090909090909091,0.0,0.0,0
NetKeys,0.05506179930848966,0.8194285301036716,0.020642456551077645,7,0.6984654890202778,22.26409077644348,0.5714285714285714,0.0,0.2727272727272727,0.0,0.0,1
Prim,0.04009268145816883,0.7074924966093993,0.01011316802630257,11,0.6990526468349793,17.724767684936523,0.8571428571428571,0.42857142857142855,0.0,0.2,0.0,2
Kruskal,0.04320036999069033,0.7350837572335874,0.0189666628977687,10,0.7409760702039778,19.877545595169067,1.0,0.7142857142857143,0.36363636363636365,0.0,0.05,3
GPrim,0.00033829985558043573,0.5985466265061254,0.09351826816657416,20,0.8248663003494286,24.260827779769897,1.0,0.8571428571428571,0.6363636363636364,0.6,0.0,4
