models,igd,delta,spacing,onvg,hypervolume,time,c_Prufer,c_NetKeys,c_Prim,c_Kruskal,c_GPrim,score
Prufer,0.09607022522646376,0.8066707509630041,0.021265726385269395,7,0.5848031901425624,16.859866857528687,0.0,0.14285714285714285,0.09090909090909091,0.0,0.0,0
NetKeys,0.0936884119174756,0.8089839992128257,0.052394708198048576,7,0.6191988876271024,22.26409077644348,0.5714285714285714,0.0,0.2727272727272727,0.0,0.0,1
Prim,0.08618917518703403,0.722335153448636,0.02566925532263241,11,0.6206892123029156,17.724767684936523,0.8571428571428571,0.42857142857142855,0.0,0.2,0.0,2
Kruskal,0.0821458128674773,0.732323819709112,0.04814120671928781,10,0.6501894921083428,19.877545595169067,1.0,0.7142857142857143,0.36363636363636365,0.0,0.05,3
GPrim,0.0008586731028218424,0.9115075645026298,0.23736818142987498,20,2.488290352001939,24.260827779769897,1.0,0.8571428571428571,0.6363636363636364,0.6,0.0,4
