models,delta,spacing,onvg,hypervolume,time,c_Prufer,c_NetKeys,c_Prim,c_Kruskal,c_GPrim,score
Prufer,0.9150767900513018,0.008898954586971094,7,0.46946683077680657,57.45332098007202,0.0,0.0,0.0,0.0,0.0,0
NetKeys,0.9291949252336378,0.004558146391147462,13,0.6579132412983292,125.29920268058777,1.0,0.0,0.5,0.0,0.0,2
Prim,0.9759029219503773,0.01604538105091857,6,0.585440927057005,65.57183527946472,1.0,0.0,0.0,0.16666666666666666,0.0,1
Kruskal,0.9719514342691606,0.005701333876876393,6,0.5953746881140121,82.29522156715393,1.0,0.3076923076923077,0.6666666666666666,0.0,0.0,3
GPrim,0.7840384590946907,0.003346547876886562,44,0.8252258800589444,119.70205235481262,1.0,1.0,1.0,1.0,0.0,4
