models,igd,delta,spacing,onvg,hypervolume,c_A,c_B,c_C,c_D,c_E,score
A,0.6082762595984038,0.7192982472933441,0.3779040122062366,7,0.018317399371423286,0.0,0.0,0.0,0.0,0.0,0
B,0.5123475425808758,0.47368425213975357,7.722107618504617e-05,11,0.022560922109221143,0.8571428571428571,0.0,0.125,0.3333333333333333,0.0,1
C,0.6062177874472041,0.6691729494223566,2.6570868617932693e-06,8,0.01655150187490048,1.0,0.6363636363636364,0.0,0.3333333333333333,0.0,2
D,0.5937171096846725,0.4210527055647922,0.00015783976418088437,12,0.029851015126499608,1.0,0.5454545454545454,0.375,0.0,0.1,3
E,0.00012100229920671891,6.181858162486768e-06,0.00045819792008454656,20,0.06291262379296718,1.0,0.9090909090909091,1.0,0.8333333333333334,0.0,4
