models,igd,delta,spacing,onvg,hypervolume,c_A,c_B,c_C,c_D,c_E,score
A,0.6103277868233717,0.7684210605735871,0.4082008774139193,6,0.015982982835623438,0.0,0.0,0.0,0.0,0.0,0
B,0.3872983436524194,0.4210526781631204,0.0002333552327749932,12,0.02754820158354867,1.0,0.0,0.125,0.2,0.0,1
C,0.6062177875441652,0.6691729509568476,0.3536216462523037,8,0.016618417249073328,1.0,0.5,0.0,0.6,0.05555555555555555,3
D,0.5500000043948547,0.5263158215741416,8.318392503763009e-05,10,0.019643535020423618,1.0,0.4166666666666667,0.125,0.0,0.1111111111111111,2
E,0.11180341186315049,0.10526439463875015,0.00010412728386539521,18,0.037422069700150704,1.0,0.8333333333333334,0.5,0.8,0.0,4
