models,delta,spacing,onvg,hypervolume,c_A,c_B,c_C,c_D,c_E,c_F,score
A,0.766956669807669,0.37070474439089884,6,-1.2014954843765615,0.0,0.0,0.0,0.0,0.0,0.0,0
B,0.3290321816602921,0.056685652448643195,14,-0.8742472893014224,1.0,0.0,0.07692307692307693,0.0,0.0,0.05,1
C,0.3769975661696744,0.0024406570712494947,13,-1.8569751284964866,1.0,0.42857142857142855,0.0,0.06666666666666667,0.0,0.0,2
D,0.320865661689737,0.2101242086752356,15,6.117050862877775,1.0,0.6428571428571429,0.38461538461538464,0.0,0.2,0.15,3
E,0.2821966278311503,0.4580017267592166,20,26.2796020102951,1.0,0.5714285714285714,0.3076923076923077,0.26666666666666666,0.0,0.35,5
F,0.28227249520859954,0.4567560461262367,20,26.310255542181935,1.0,0.6428571428571429,0.5384615384615384,0.4,0.2,0.0,4
