models,igd,delta,spacing,onvg,hypervolume,c_A,c_B,c_C,c_D,c_E,score
A,0.6103277877066725,0.7684210513635563,0.40815452451685813,6,0.018318466249676313,0.0,0.0,0.0,0.0,0.0,0
B,0.33911650716419306,0.5578947660807934,9.069792161562978e-05,11,0.025956826516087245,0.8333333333333334,0.0,0.25,0.18181818181818182,0.0,1
C,0.4769696065268235,0.7443609118714635,1.0606385387600157,8,0.021406155505255833,1.0,0.5454545454545454,0.0,0.2727272727272727,0.05,3
D,0.5958187768580494,0.5157894634515172,0.00035914567546307193,11,0.03673114677755372,1.0,0.6363636363636364,0.25,0.0,0.05,2
E,0.0001245723308600203,6.119347817651695e-06,0.0004584538663298883,20,0.06291999809778896,1.0,1.0,0.875,0.9090909090909091,0.0,4
