models,igd,delta,spacing,onvg,hypervolume,time,c_A,c_B,c_C,c_D,c_E,score
A,0.043329973753137366,0.8176979146840163,0.017747188302947123,7,0.15878101162497413,11.600725889205933,0.0,0.0,0.0,0.0,0.0,0
B,0.02944400923902939,0.7357806131532169,0.023700317797720933,10,0.28737348957069964,22.424708366394043,1.0,0.0,0.2,0.0,0.0,1
C,0.03169183186900275,0.7418318103229045,0.03501052785161226,10,0.2701046884995706,16.43578052520752,1.0,0.6,0.0,0.0,0.0,2
D,0.03248418520340588,0.7390059710027653,0.021098163805325528,10,0.2534563744617659,18.944226264953613,1.0,1.0,0.4,0.0,0.05,3
E,0.012170790577887445,0.6434180387794507,0.11752927883556237,20,0.8063048403545283,23.569162368774414,1.0,1.0,0.4,0.3,0.0,4
