models,igd,delta,spacing,onvg,hypervolume,time,c_Prufer,c_NetKeys,c_Prim,c_Kruskal,c_GPrim,score
Prufer,0.04266117502231575,0.7759211818521864,0.022270994081907754,8,0.6985690284436741,15.87619662284851,0.0,0.2222222222222222,0.23076923076923078,0.125,0.0,0
NetKeys,0.041082968142338146,0.7569535139453183,0.031333612075391475,9,0.7359728675487995,20.777634620666504,0.625,0.0,0.23076923076923078,0.375,0.0,1
Prim,0.03428455055914339,0.6587262159540967,0.023497959001615127,13,0.6974437647594546,16.005296230316162,0.625,0.4444444444444444,0.0,0.5,0.0,3
Kruskal,0.049649093573902715,0.7946545627436254,0.013085532958071721,8,0.6592293544354239,18.524192810058594,0.75,0.4444444444444444,0.23076923076923078,0.0,0.05,2
GPrim,0.0006127683676241515,0.6024746326369744,0.09365065654568246,20,0.8244674811937662,22.499392986297607,1.0,1.0,0.46153846153846156,0.75,0.0,4
