models,igd,delta,spacing,onvg,hypervolume,c_A,c_B,c_C,c_D,c_E,score
A,0.03648019681671908,0.7658723564653416,0.02440433511150392,7,0.21942979401373305,0.0,0.0,0.0,0.0,0.0,0
B,0.030686095594360953,0.7076540143594238,0.019814619826200648,11,0.2894323242674912,1.0,0.0,0.09090909090909091,0.09090909090909091,0.0,1
C,0.02983433459109957,0.7090672185769723,0.0009414434358139824,11,0.25969914912416525,1.0,0.5454545454545454,0.0,0.09090909090909091,0.0,2
D,0.03856401657579135,0.6796253419610533,0.046732658248815714,11,0.36648371451111983,1.0,0.6363636363636364,0.36363636363636365,0.0,0.1,3
E,0.012211470084365076,0.6435540396727556,0.11734701463930378,20,0.8062831545676783,1.0,0.8181818181818182,0.5454545454545454,0.7272727272727273,0.0,4
