models,delta,spacing,onvg,hypervolume,c_A,c_B,c_C,c_D,c_E,c_F,score
A,0.766956669807669,0.37070474439089884,6,-1.2014954843765615,0.0,0.0,0.0,0.0,0.0,0.0,0
B,0.45315591623628015,0.23335523277501266,12,3.9195438935486706,1.0,0.0,0.125,0.2,0.0625,0.05,1
C,0.6711264634509228,0.4218181294801103,8,-0.5660610709266756,1.0,0.5,0.0,0.6,0.125,0.05,3
D,0.5339046151175483,0.08318392503766925,10,0.31099691042361677,1.0,0.4166666666666667,0.125,0.0,0.0625,0.05,2
E,0.28308096086011864,0.08615641201803509,16,2.9059357065627474,1.0,0.6666666666666666,0.375,0.8,0.0,0.05,4
F,0.28180203070208365,0.4575328460407219,20,26.25351543991978,1.0,0.6666666666666666,0.5,0.9,0.25,0.0,5
