models,delta,spacing,onvg,hypervolume,time,c_Prufer,c_NetKeys,c_Prim,c_Kruskal,c_GPrim,score
Prufer,0.9677529905778298,0.006730541656297625,8,0.5850463203212297,246.48807287216187,0.0,0.625,0.0,0.0,0.0,1
NetKeys,0.9247715628457013,0.011258069765320594,16,0.655949169623951,1218.350937128067,0.0,0.0,0.0,0.0,0.0,0
Prim,0.9759965254110582,0.005075268049259066,9,0.6250050090646736,168.36825489997864,1.0,0.6875,0.0,0.3333333333333333,0.0,2
Kruskal,0.9664499356173462,0.012393049194287045,9,0.6689872982584313,285.07904505729675,0.875,1.0,0.3333333333333333,0.0,0.0,2
GPrim,0.7457685826371371,0.002357970531474964,99,0.7590172326762248,239.25985312461853,1.0,1.0,1.0,1.0,0.0,4
