models,delta,spacing,onvg,hypervolume,time,c_Prufer,c_NetKeys,c_Prim,c_Kruskal,c_GPrim,score
Prufer,0.9743350657929599,0.005963081327632647,5,0.42552208584701223,236.20817303657532,0.0,0.13043478260869565,0.0,0.0,0.0,1
NetKeys,0.9135183799333352,0.011159620995270587,23,0.5739216881787139,1182.9343609809875,0.0,0.0,0.0,0.0,0.0,0
Prim,0.9528637419781293,0.00444413124233153,11,0.538253674957661,188.20970249176025,1.0,0.6521739130434783,0.0,0.3333333333333333,0.0,2
Kruskal,0.9838462482614255,0.007246225194832521,6,0.5479463671609599,346.1683931350708,1.0,0.7391304347826086,0.45454545454545453,0.0,0.0,3
GPrim,0.8194867561254181,0.003811447888254504,78,0.6852589909239194,291.7408719062805,1.0,1.0,1.0,1.0,0.0,4
