models,delta,spacing,onvg,hypervolume,time,c_Prufer,c_NetKeys,c_Prim,c_Kruskal,c_GPrim,score
Prufer,0.9803370119175752,0.004414185289337464,5,0.430072205423812,234.8006157875061,0.0,0.03333333333333333,0.0,0.0,0.0,0
NetKeys,0.7817554230900946,0.01328234149180866,30,0.6194016864651651,1226.3932321071625,0.8,0.0,0.0,0.0,0.0,1
Prim,0.9784750117212142,0.008661237560289631,10,0.5334426851908349,187.67557978630066,1.0,0.36666666666666664,0.0,0.0,0.0,2
Kruskal,0.9999989480490619,0.002244448266161186,5,0.5481203021739987,338.8971803188324,1.0,0.4,0.7,0.0,0.0,3
GPrim,0.773916446548001,0.000523554594558488,91,0.6853292403584823,281.0746839046478,1.0,1.0,1.0,1.0,0.0,4
