models,delta,spacing,onvg,hypervolume,time,c_Prufer,c_NetKeys,c_Prim,c_Kruskal,c_GPrim,score
Prufer,0.8493614379901094,0.07100652785365105,9,0.5700461683270515,22.892608642578125,0.0,0.0,0.1,0.0,0.0,0
NetKeys,0.8474633634508628,0.017067807040489512,10,0.6353435776701762,24.40372347831726,1.0,0.0,0.8,0.125,0.0,2
Prim,0.8494835175982465,0.02525817289475809,10,0.6290790722377249,29.112069129943848,0.8888888888888888,0.1,0.0,0.125,0.0,1
Kruskal,0.869760117645046,0.03374010688641648,8,0.6425058515918597,32.027423620224,0.7777777777777778,0.5,0.6,0.0,0.0,3
GPrim,0.8080701931551239,0.0790606848311029,26,1.0742089837970754,42.806320905685425,1.0,1.0,1.0,0.875,0.0,4
