models,delta,spacing,onvg,hypervolume,time,c_A,c_B,c_C,c_D,c_E,score
A,0.9857800936987718,0.021236188501723454,4,0.027155854929694606,172.03904581069946,0.0,0.0,0.0,0.0,0.0,0
B,0.9784334209260926,0.004323851739885173,10,0.04748837117001417,1419.4345695972443,1.0,0.0,0.25,0.0,0.0,2
C,0.9911535775869013,0.02036120619055436,4,0.026067525910415973,289.9931435585022,1.0,0.0,0.0,0.0,0.0,1
D,0.9814289218924888,0.04057754775222066,3,0.048140668208147136,607.679771900177,1.0,0.9,0.25,0.0,0.0,3
E,0.9334372009697802,0.0018662828424663327,27,0.10995819574927498,493.1653137207031,1.0,1.0,1.0,1.0,0.0,4
