models,delta,spacing,onvg,hypervolume,time,c_Prufer,c_NetKeys,c_Prim,c_Kruskal,c_GPrim,score
Prufer,0.9889087694022696,0.01544972127307983,4,0.515490923551212,649.5427844524384,0.0,0.0,0.0,0.42857142857142855,0.0,1
NetKeys,0.9619840150696501,0.021509531811239636,7,0.6625055586854138,1407.066244840622,1.0,0.0,0.2857142857142857,0.7142857142857143,0.0,3
Prim,1.0172096485332924,0.0692454895102085,7,0.5435254901214065,290.91663789749146,1.0,0.0,0.0,0.42857142857142855,0.0,2
Kruskal,0.994933558559477,0.019766971323157495,7,0.6490478649230644,470.4755210876465,0.0,0.2857142857142857,0.14285714285714285,0.0,0.0,0
GPrim,0.9444503837791027,0.00912329448748679,19,0.7453755901146742,470.9293484687805,1.0,1.0,1.0,1.0,0.0,4
