models,delta,spacing,onvg,hypervolume,time,c_A,c_B,c_C,c_D,c_E,score
A,0.9748743756910312,1.9157361969581934,4,0.4329076683238,172.03904581069946,0.0,0.0,0.0,0.0,0.0,0
B,0.9743160283917269,0.6324607888660191,10,0.7570404278904135,1419.4345695972443,1.0,0.0,0.25,0.0,0.0,2
C,0.9832495845325981,1.8938330449981717,4,0.41555796678338375,289.9931435585022,1.0,0.0,0.0,0.0,0.0,1
D,0.9899497441562829,8.082916763359774,3,0.7674390837443252,607.679771900177,1.0,0.9,0.25,0.0,0.0,3
E,0.8867414414547925,0.3202411398691099,27,1.7529091335238602,493.1653137207031,1.0,1.0,1.0,1.0,0.0,4
