models,delta,spacing,onvg,hypervolume,c_A,c_B,c_C,c_D,c_E,score
A,0.8974358913341782,1.3037227608976145,5,0.03788415110907381,0.0,0.0,0.0,0.0,0.0,0
B,0.8571428604464064,0.7070641854832089,8,0.04678306363216405,1.0,0.0,0.2857142857142857,0.14285714285714285,0.0,2
C,0.8632478718972493,0.3780338133638743,7,0.029697785374421148,1.0,0.25,0.0,0.35714285714285715,0.0,2
D,0.688362953796502,0.0001258917214564896,14,0.0755037313143067,1.0,0.5,0.2857142857142857,0.0,0.0,2
E,0.5357625513045372,0.0003095112806955791,20,0.1315542279919429,1.0,1.0,1.0,1.0,0.0,4
