models,delta,spacing,onvg,hypervolume,c_A,c_B,c_C,c_D,c_E,score
A,0.8974358913341782,1.3037227608976145,5,0.03788415110907381,0.0,0.0,0.0,0.0,0.0,0
B,0.7435897538000502,0.5045039384362283,11,0.06590399515770652,1.0,0.0,0.25,0.08333333333333333,0.0,1
C,0.8388278471067113,4.1969666523042045e-05,8,0.03557949041552381,1.0,0.6363636363636364,0.0,0.16666666666666666,0.0,2
D,0.7529137385214865,0.3891691873514914,12,0.08309958511314434,1.0,0.9090909090909091,0.75,0.0,0.0,3
E,0.5641026169038618,0.0001507202580481957,18,0.08546907640825693,1.0,1.0,1.0,1.0,0.0,4
