models,igd,delta,spacing,onvg,hypervolume,c_A,c_B,c_C,c_D,c_E,score
A,0.8616844095311578,0.8070175670834048,0.5774196305034527,4,0.020157490068341728,0.0,0.0,0.0,0.0,0.0,0
B,0.7664854950836834,0.7192983069527351,9.19391650297819e-05,7,0.030840427905192497,1.0,0.0,0.25,0.5,0.0,2
C,0.6982120098608368,0.6315790241842901,0.00010016158410068105,8,0.029742591633948046,1.0,0.5714285714285714,0.0,0.375,0.0,2
D,0.5267827300034147,0.7443609306250806,0.00024928814530865033,8,0.047600770054061485,1.0,0.42857142857142855,0.375,0.0,0.0,1
E,0.00039379238021520016,1.5475660433174386e-05,0.000835562186227348,20,0.1261663381234761,1.0,1.0,1.0,1.0,0.0,4
