models,delta,spacing,onvg,hypervolume,c_A,c_B,c_C,c_D,c_E,c_F,score
A,0.8157894340052371,0.00041825306841013487,5,0.02598474125305797,0.0,0.0,0.0,0.0,0.0,0.0,0
B,0.6315790319811726,0.4409633170613233,9,0.04097622803064331,1.0,0.0,0.5,0.3333333333333333,0.05263157894736842,0.06666666666666667,2
C,0.5263159227113996,0.00043177227586157043,10,0.04672820728322298,1.0,0.3333333333333333,0.0,0.2222222222222222,0.0,0.0,1
D,0.57894747270079,0.00010374210436642205,9,0.03496067863551017,1.0,0.4444444444444444,0.7,0.0,0.0,0.06666666666666667,3
E,0.05263705389584366,0.0009315996258386068,19,0.12195628979602799,1.0,0.8888888888888888,1.0,1.0,0.0,0.13333333333333333,4
F,0.2631580888422174,0.00020727703246309118,15,0.06055657963514954,1.0,0.8888888888888888,1.0,0.8888888888888888,0.42105263157894735,0.0,5
