models,delta,spacing,onvg,hypervolume,c_A,c_B,c_C,c_D,c_E,c_F,score
A,0.794786297671347,0.41825306841018095,5,5.25344330305796,0.0,0.0,0.0,0.0,0.0,0.0,0
B,0.44743606955177995,0.051191119386442684,12,-0.4305482553551272,1.0,0.0,0.4444444444444444,0.1,0.0,0.0,1
C,0.6283402266150687,0.3039007608921796,9,3.5885703183807216,1.0,0.5,0.0,0.2,0.0,0.0,2
D,0.5689156688503073,0.26559968603367246,10,6.0160226612970185,1.0,0.6666666666666666,0.7777777777777778,0.0,0.0,0.0,3
E,0.5381086744214015,0.922274420205848,18,47.97305637047708,1.0,1.0,0.8888888888888888,1.0,0.0,0.2777777777777778,4
F,0.5314537187859257,0.9224070659513052,18,48.24959821015588,1.0,0.9166666666666666,0.8888888888888888,1.0,0.2777777777777778,0.0,4
