models,delta,spacing,onvg,hypervolume,c_A,c_B,c_C,c_D,c_E,c_F,score
A,0.6842105407907846,0.8366415508794651,5,0.01691945094358425,0.0,0.0,0.0,0.0,0.0,0.0,0
B,0.42105268460066103,0.00012903446358532446,12,0.027251858270263725,1.0,0.0,0.5384615384615384,0.6153846153846154,0.05,0.1,3
C,0.36842110296410263,7.467988072537777e-05,13,0.026157885588771176,1.0,0.16666666666666666,0.0,0.3076923076923077,0.0,0.0,1
D,0.368421116528338,9.465595460938059e-05,13,0.027803632966089495,1.0,0.3333333333333333,0.46153846153846156,0.0,0.05,0.15,2
E,6.167759635843974e-06,0.000459239355860985,20,0.06295672309772035,1.0,0.5833333333333334,0.6153846153846154,0.8461538461538461,0.0,0.2,5
F,6.556196513942125e-06,0.00045776548441254394,20,0.0628764953181004,1.0,0.5833333333333334,0.5384615384615384,0.6923076923076923,0.15,0.0,4
