models,delta,spacing,onvg,hypervolume,c_A,c_B,c_C,c_D,c_E,c_F,score
A,0.685733938020271,0.8253523723589247,5,-0.2650273764157465,0.0,0.0,0.0,0.0,0.0,0.0,0
B,0.4471873319722205,0.12903446358531973,12,3.623200580263724,1.0,0.0,0.5384615384615384,0.6153846153846154,0.05,0.1,3
C,0.3838960166383289,0.07467988072534544,13,0.38116810877117757,1.0,0.16666666666666666,0.0,0.3076923076923077,0.0,0.0,1
D,0.39183839711357443,0.09465595460939061,13,2.0269154860894893,1.0,0.3333333333333333,0.46153846153846156,0.0,0.05,0.15,2
E,0.2823783460802341,0.45923935586100606,20,26.347877981546567,1.0,0.5833333333333334,0.6153846153846154,0.8461538461538461,0.0,0.2,5
F,0.2818999887385783,0.45776548441253184,20,26.26765020192661,1.0,0.5833333333333334,0.5384615384615384,0.6923076923076923,0.15,0.0,4
