models,delta,spacing,onvg,hypervolume,c_A,c_B,c_C,c_D,c_E,c_F,score
A,0.6842105407907846,0.8366415508794651,5,0.01691945094358425,0.0,0.0,0.0,0.0,0.0,0.0,0
B,0.47368425804135583,0.00013349194987157743,11,0.025388215220043926,1.0,0.0,0.5,0.5833333333333334,0.15,0.0,3
C,0.5672514903776354,9.970272168347366e-05,10,0.022503945709164884,1.0,0.2727272727272727,0.0,0.3333333333333333,0.1,0.0,1
D,0.4210526897849069,9.683378485341482e-05,12,0.025934988074622085,1.0,0.36363636363636365,0.6,0.0,0.1,0.0,2
E,6.234994273646642e-06,0.0004308993463382077,20,0.0625456211249085,1.0,0.6363636363636364,0.8,0.6666666666666666,0.0,0.15,4
F,5.960005673559605e-06,0.00045808715762262674,20,0.06297077697842021,1.0,0.7272727272727273,0.9,0.9166666666666666,0.35,0.0,5
