models,igd,delta,spacing,onvg,hypervolume,c_A,c_B,c_C,c_D,c_E,score
A,0.6123724397340762,0.6842105406559329,0.547642616520032,5,0.01730272741291882,0.0,0.0,0.0,0.0,0.0,0
B,0.8529361099150906,0.6691729586321121,0.00010061805199141103,8,0.020384161534938633,0.8,0.0,0.2222222222222222,0.3,0.1,1
C,0.4663689571523572,0.6315789671584824,0.4409341639937291,9,0.021258828277887287,0.8,0.25,0.0,0.3,0.05,2
D,0.7228416217194961,0.5263158375152287,0.00018642706882762374,10,0.023721515487844187,1.0,0.5,0.3333333333333333,0.0,0.1,3
E,0.0001926452312074138,6.166874171919942e-06,0.00045772365265883485,20,0.06292993522588694,1.0,0.75,0.6666666666666666,0.6,0.0,4
