models,delta,spacing,onvg,hypervolume,time,c_Prufer,c_NetKeys,c_Prim,c_Kruskal,c_GPrim,score
Prufer,0.960765731451602,0.04340270265660061,3,0.559375304523718,23.10352063179016,0.0,0.0,0.0,0.0,0.0,0
NetKeys,0.9261018012611213,0.0015868444753679523,6,0.6384975217720126,24.267058849334717,1.0,0.0,0.5714285714285714,0.0,0.0,2
Prim,0.9103036951510131,0.006112044515649062,7,0.6596239824608401,28.194220542907715,1.0,0.3333333333333333,0.0,0.0,0.0,1
Kruskal,0.9546902362449957,0.00219162499870594,4,0.6409533152964196,34.02464556694031,1.0,1.0,0.8571428571428571,0.0,0.0,3
GPrim,0.7549821507000408,0.03798839409582361,22,0.8232198528958221,40.07308316230774,1.0,1.0,1.0,1.0,0.0,4
