models,delta,spacing,onvg,hypervolume,time,c_Prufer,c_NetKeys,c_Prim,c_Kruskal,c_GPrim,score
Prufer,0.943594534256843,0.03147867523722419,6,0.5470027900250364,22.30080819129944,0.0,0.0,0.0,0.0,0.0,0
NetKeys,0.9454983592469328,0.002159835213958575,5,0.5532547200338562,23.738615036010742,1.0,0.0,0.0,0.0,0.0,1
Prim,0.9056861421490355,0.0019833398386450477,8,0.6060005907062953,27.700566053390503,1.0,1.0,0.0,0.3333333333333333,0.0,3
Kruskal,0.8799110198130051,0.0006756722572998891,9,0.6046209995612463,32.045438289642334,1.0,1.0,0.25,0.0,0.0,2
GPrim,0.7467169798117145,0.017178659804680894,20,0.7694886163703473,39.252853870391846,1.0,1.0,1.0,1.0,0.0,4
