models,delta,spacing,onvg,hypervolume,time,c_Prufer,c_NetKeys,c_Prim,c_Kruskal,c_GPrim,score
Prufer,0.8621879990997695,0.03711034737749673,6,0.4434633284894378,22.30080819129944,0.0,0.0,0.0,0.0,0.0,0
NetKeys,0.9329456370398763,0.010147463945694404,5,0.47283651119592296,23.738615036010742,1.0,0.0,0.0,0.0,0.0,1
Prim,0.8788237449761211,0.009318243065322985,8,0.5357374477290503,27.700566053390503,1.0,1.0,0.0,0.3333333333333333,0.0,3
Kruskal,0.8815851140962836,0.003174482861352345,9,0.5292557720374474,32.045438289642334,1.0,1.0,0.25,0.0,0.0,2
GPrim,0.8198736117351654,0.08070978280044491,20,0.6566516605492219,39.252853870391846,1.0,1.0,1.0,1.0,0.0,4
