models,delta,spacing,onvg,hypervolume,time,c_Prufer,c_NetKeys,c_Prim,c_Kruskal,c_GPrim,score
Prufer,0.9608416722679645,0.012554008664533128,6,0.6794105950987719,150.05310082435608,0.0,0.0,0.0,0.0,0.0,0
NetKeys,0.978687584571965,0.006088156085802093,4,0.7645404765164554,157.2817943096161,1.0,0.0,0.625,0.5,0.0,3
Prim,0.9423558614139298,0.011758037016236362,8,0.756046551772067,116.88411211967468,1.0,0.0,0.0,0.0,0.0,1
Kruskal,0.9720947099814436,0.0,2,0.7973832168661238,125.55924487113953,1.0,0.0,0.375,0.0,0.0,2
GPrim,0.9702280228970619,0.04730464074697714,20,0.9554179610595374,194.53640007972717,1.0,1.0,1.0,1.0,0.0,4
