models,delta,spacing,onvg,hypervolume,time,c_Prufer,c_NetKeys,c_Prim,c_Kruskal,c_GPrim,score
Prufer,0.9082641031860313,0.0019117398453268072,7,0.5663033811144785,28.263306856155396,0.0,0.1111111111111111,0.0,0.0,0.0,0
NetKeys,0.882089143266078,0.0014816136703255847,9,0.6576498475474575,41.467007637023926,0.8571428571428571,0.0,0.25,0.09090909090909091,0.0,1
Prim,0.9003171518410799,0.019031616815097577,8,0.6658693386863725,30.21125292778015,1.0,0.4444444444444444,0.0,0.2727272727272727,0.0,2
Kruskal,0.8612682477992462,0.001652432067205875,11,0.6858014918937236,33.08264780044556,1.0,0.8888888888888888,0.5,0.0,0.02857142857142857,3
GPrim,0.7943322609992112,0.0885991015281326,35,0.8733783942212425,44.79481339454651,1.0,1.0,1.0,0.7272727272727273,0.0,4
