models,delta,spacing,onvg,hypervolume,time,c_Prufer,c_NetKeys,c_Prim,c_Kruskal,c_GPrim,score
Prufer,0.8928811607918821,0.02229844420445249,6,0.552627349106896,26.706207513809204,0.0,0.0,0.0,0.0,0.0,0
NetKeys,0.8713127718870093,0.018174800451413644,9,0.5873350768029338,39.09949994087219,1.0,0.0,0.0,0.0,0.0,1
Prim,0.8847146156959009,0.0026681425281222582,10,0.6107856377518085,28.52010178565979,1.0,0.7777777777777778,0.0,0.2222222222222222,0.0,2
Kruskal,0.875666458554233,0.008211877396321586,9,0.6098486694797621,33.320210218429565,1.0,0.6666666666666666,0.4,0.0,0.0,3
GPrim,0.5703992397336627,0.033579629615961296,35,0.7759152228735201,43.10257363319397,1.0,1.0,1.0,1.0,0.0,4
