models,delta,spacing,onvg,hypervolume,time,c_Prufer,c_NetKeys,c_Prim,c_Kruskal,c_GPrim,score
Prufer,0.9720978183779959,0.011651203515271968,3,0.4310562106567615,119.8702883720398,0.0,0.0,0.0,0.0,0.0,0
NetKeys,1.0,inf,1,0.44637398161313524,160.4465298652649,0.3333333333333333,0.0,0.0,0.0,0.0,1
Prim,1.0,inf,1,0.4818521701020991,111.68919539451599,0.6666666666666666,1.0,0.0,0.0,0.0,2
Kruskal,1.0,inf,1,0.6171671450630896,154.69799995422363,1.0,1.0,1.0,0.0,0.0,3
GPrim,0.9065945962130699,0.1833015913288731,6,0.8139696611681667,238.7346110343933,1.0,1.0,1.0,1.0,0.0,4
