models,igd,delta,spacing,onvg,hypervolume,c_A,c_B,c_C,c_D,c_E,score
A,1.0920164908869385,0.8947368281381707,0.5770100368432418,3,0.008862935518004007,0.0,0.0,0.0,0.0,0.0,0
B,0.6062177905382108,0.6315789745980952,0.33329986986687304,9,0.02375950700153224,1.0,0.0,0.1111111111111111,0.23076923076923078,0.0,1
C,0.6519202498765676,0.5789473969775017,8.347852030425678e-05,9,0.01787464172164853,1.0,0.5555555555555556,0.0,0.3076923076923077,0.05,3
D,0.38729834575697875,0.36842111076758816,0.0001284744488882234,13,0.02913333350214585,1.0,0.6666666666666666,0.2222222222222222,0.0,0.0,2
E,8.076561301669944e-05,6.122154624238863e-06,0.000458369026713094,20,0.06294018096749537,1.0,1.0,0.8888888888888888,0.7692307692307693,0.0,4
