models,delta,spacing,onvg,hypervolume,c_A,c_B,c_C,c_D,c_E,c_F,score
A,0.8796343402107121,0.2371179228056348,3,2.4187561480040074,0.0,0.0,0.0,0.0,0.0,0.0,0
B,0.4943205275519731,0.08000909036193704,11,2.710277732560538,1.0,0.0,0.16666666666666666,0.35714285714285715,0.1,0.15,1
C,0.4307014074773383,0.07433332136283545,12,-0.2067917064722593,1.0,0.45454545454545453,0.0,0.5,0.15,0.2,5
D,0.348414516462941,0.1256733173184109,14,3.0640479535834615,1.0,0.5454545454545454,0.08333333333333333,0.0,0.05,0.1,2
E,0.2823663519057565,0.4591216882508484,20,26.305379847388817,1.0,0.6363636363636364,0.08333333333333333,0.6428571428571429,0.0,0.4,4
F,0.28194700280757373,0.45775507716779446,20,26.292744720794353,1.0,0.5454545454545454,0.16666666666666666,0.5714285714285714,0.1,0.0,3
