models,delta,spacing,onvg,hypervolume,c_A,c_B,c_C,c_D,c_E,c_F,score
A,0.8796343402107121,0.2371179228056348,3,2.4187561480040074,0.0,0.0,0.0,0.0,0.0,0.0,0
B,0.6352573470567067,0.3145564544571764,9,2.278909101532239,1.0,0.0,0.1111111111111111,0.23076923076923078,0.05,0.10526315789473684,1
C,0.5852652270282793,0.08347852030426445,9,0.6901634016485261,1.0,0.5555555555555556,0.0,0.3076923076923077,0.1,0.3157894736842105,4
D,0.3978313393072514,0.12847444888820045,13,3.356616022145852,1.0,0.6666666666666666,0.2222222222222222,0.0,0.1,0.2631578947368421,2
E,0.2788759138689812,0.43126955450604837,20,26.172830878081324,1.0,0.8888888888888888,0.6666666666666666,0.6923076923076923,0.0,0.2631578947368421,5
F,0.16974996375635942,0.2001337367914633,19,10.681730534685094,1.0,0.7777777777777778,0.2222222222222222,0.46153846153846156,0.1,0.0,3
