models,delta,spacing,nds,c_kruskal,score
kruskal,0.19753064348865265,0.0012143685177182408,10,0.0,0
