models,delta,spacing,onvg,hypervolume,time,c_Prufer,c_NetKeys,c_Prim,c_Kruskal,c_GPrim,score
Prufer,0.9794980385354293,0.004377887689433906,8,0.5496975931995077,606.9420626163483,0.0,0.0,0.16666666666666666,0.0,0.0,0
NetKeys,0.9767013187472057,0.0037672063971868363,9,0.6845409671773237,1504.5957231521606,1.0,0.0,1.0,1.0,0.0,3
Prim,0.9821575068480901,0.007469929567030958,6,0.546672690826283,303.36421608924866,0.75,0.0,0.0,0.0,0.0,1
Kruskal,0.9759459852888509,0.007325674127515427,5,0.6409121567207343,630.9788737297058,1.0,0.0,0.6666666666666666,0.0,0.0,2
GPrim,0.9390529109368647,0.0006111837096165562,30,0.8161626729002351,560.259090423584,1.0,1.0,1.0,1.0,0.0,4
