models,delta,spacing,onvg,hypervolume,time,c_Prufer,c_NetKeys,c_Prim,c_Kruskal,c_GPrim,score
Prufer,0.9525221833284668,0.0013209383016983514,3,0.4750873556434075,554.8876802921295,0.0,0.0,0.0,0.0,0.0,0
NetKeys,0.9743904684316095,0.007358274492028989,7,0.5559593651193135,1490.9295017719269,1.0,0.0,0.6,0.0,0.0,2
Prim,0.9808710871782808,0.004573108540057116,5,0.5161432254388253,283.2125771045685,1.0,0.14285714285714285,0.0,0.0,0.0,1
Kruskal,0.9625637627474894,0.0,2,0.6010919322608281,474.27759051322937,0.3333333333333333,0.42857142857142855,0.4,0.0,0.0,3
GPrim,0.9433668295397788,0.0029228557397036636,20,0.7588728191188336,694.2490437030792,1.0,1.0,1.0,1.0,0.0,4
