models,igd,delta,spacing,onvg,hypervolume,c_A,c_B,c_C,c_D,c_E,score
A,0.7745967173400939,0.8684210555454992,1.3415153458092353,5,0.028028261261441194,0.0,0.0,0.0,0.0,0.0,0
B,0.6519202776184272,0.5789474694950943,0.00016710239773007517,9,0.03590301555685947,1.0,0.0,0.5714285714285714,0.16666666666666666,0.0,2
C,0.7664855165662735,0.7192982912020461,0.3779539845354547,7,0.03365584772831266,1.0,0.4444444444444444,0.0,0.3333333333333333,0.0,1
D,1.0185774649911785,0.7368421697473316,0.00021208063623359675,6,0.02458278868059148,1.0,0.3333333333333333,0.5714285714285714,0.0,0.0,3
E,0.19364921590646317,0.2561438651493988,0.24988478787182725,16,0.11542260576647997,1.0,1.0,1.0,1.0,0.0,4
