models,igd,delta,spacing,onvg,hypervolume,c_A,c_B,c_C,c_D,c_E,score
A,0.5545268375369459,0.6766917479162687,0.4630325588039321,8,0.01986304743526453,0.0,0.0,0.0,0.0,0.0,0
B,0.6041523055817068,0.5672514810523713,0.00019056558470101898,10,0.026418814492538446,1.0,0.0,0.3,0.0,0.0,1
C,0.39686271630944775,0.6140350166682097,0.6323642565910679,10,0.039843301165037134,1.0,0.5,0.0,0.25,0.0,2
D,0.8645808301342257,0.6315789752164062,0.00010172741357423562,8,0.017084434115413737,1.0,0.8,0.5,0.0,0.05,3
E,6.714772566770996e-05,5.712867734507647e-06,0.0004589451755049694,20,0.06297674303488719,1.0,1.0,1.0,0.875,0.0,4
