models,igd,delta,spacing,onvg,hypervolume,c_A,c_B,c_C,c_D,c_E,score
A,1.0319883879816032,0.8947368548698429,0.5772385998232045,3,0.01116578270165192,0.0,0.0,0.0,0.0,0.0,0
B,0.8062257844935207,0.7684210941444749,0.4082799596960818,6,0.026486953295175378,1.0,0.0,0.25,0.2727272727272727,0.0,2
C,0.6538348618257761,0.6691729900973843,0.35361402692353133,8,0.03156574699711316,1.0,0.0,0.0,0.5454545454545454,0.0,2
D,0.39051249667945304,0.5157895770072537,0.00013532613672367002,11,0.047468164566375745,1.0,0.5,0.125,0.0,0.0,2
E,0.000256555318114992,6.886788443063585e-06,0.0009109373477610476,20,0.12681868018593717,1.0,1.0,1.0,1.0,0.0,4
