models,delta,spacing,onvg,hypervolume,c_A,c_B,c_C,c_D,c_E,c_F,score
A,0.8947368539999594,0.5773479904196972,3,0.011954127624275314,0.0,0.0,0.0,0.0,0.0,0.0,0
B,0.6184211342869005,0.33337079073439263,9,0.03686244187816178,1.0,0.0,0.0,0.25,0.0,0.0,1
C,0.8596491447405648,0.4999758924631237,4,0.01539597065948551,1.0,0.3333333333333333,0.0,0.25,0.0,0.0,3
D,0.6691730020304725,0.00010335746865437027,8,0.03257250863596545,1.0,0.5555555555555556,0.0,0.0,0.0,0.0,2
E,0.052633198636816474,0.0003519208607539492,19,0.08988747866915699,1.0,1.0,0.75,1.0,0.0,0.29411764705882354,4
F,0.15789601020612226,0.00015588962523282614,17,0.06802469572504732,1.0,1.0,1.0,1.0,0.3684210526315789,0.0,5
