models,delta,spacing,onvg,hypervolume,c_A,c_B,c_C,c_D,c_E,c_F,score
A,0.888843139039284,0.46911454838866434,3,0.24944014357884292,0.0,0.0,0.0,0.0,0.0,0.0,0
B,0.592691849436524,0.30892453022364036,10,-0.9312231872509393,1.0,0.0,0.25,0.2,0.0,0.0,1
C,0.6708194422438936,0.0659948974197263,8,-2.21349766014629,1.0,0.6,0.0,0.5,0.1,0.05,3
D,0.584588373224439,0.2444850757092121,10,4.444023474091775,1.0,0.6,0.0,0.0,0.05,0.0,2
E,0.475223755391497,0.9075045002967331,20,53.44000292188781,1.0,0.9,0.625,0.9,0.0,0.3,4
F,0.47966626859768446,0.9083708843617317,20,53.974414629141165,1.0,0.9,0.625,0.9,0.3,0.0,4
