models,delta,spacing,onvg,hypervolume,c_A,c_B,c_C,c_D,c_E,c_F,score
A,0.894096821109529,0.575071499260952,3,-0.4846511457246834,0.0,0.0,0.0,0.0,0.0,0.0,0
B,0.6229766447642721,0.3820622174298498,9,-0.4538944318382292,1.0,0.0,0.0,0.25,0.0,0.0,1
C,0.8595049884639491,0.4831937962100998,4,-1.189067700514494,1.0,0.3333333333333333,0.0,0.25,0.0,0.0,3
D,0.6720974903270202,0.10335746865438428,8,-0.597568084034549,1.0,0.5555555555555556,0.0,0.0,0.0,0.0,2
E,0.28264745495970334,0.3519208607539263,19,21.09120182389323,1.0,1.0,0.75,1.0,0.0,0.42105263157894735,5
F,0.2604336217895159,0.29033140308075395,19,19.018024605231318,1.0,1.0,0.75,0.875,0.2631578947368421,0.0,4
