models,delta,spacing,onvg,hypervolume,time,c_A,c_B,c_C,c_D,c_E,score
A,0.9431430853391662,0.011910756940748418,4,0.06364875231512926,94.02566337585449,0.0,0.0,0.0,0.0,0.0,0
B,1.0063239634177366,0.006972640530697718,12,0.12765715583877907,1136.4796974658966,0.5,0.0,0.0,0.0,0.0,1
C,0.9678268847076066,0.006032682460635364,12,0.09118335892803192,168.14851713180542,1.0,0.25,0.0,0.8333333333333334,0.0,3
D,0.9805972795288925,0.0039672918131518934,12,0.09957729473832967,372.55076241493225,0.75,1.0,0.0,0.0,0.0,2
E,0.7642081924204988,0.002344444978546355,99,0.37701670933053166,231.42828226089478,1.0,1.0,1.0,1.0,0.0,4
