models,delta,spacing,onvg,hypervolume,time,c_A,c_B,c_C,c_D,c_E,score
A,0.9477386869786238,1.6019739046928254,6,0.8310760236764669,168.12231397628784,0.0,0.0,0.0,0.0,0.0,0
B,1.0276381827101908,2.55506168164325,9,1.9644178775160983,1425.2531700134277,1.0,0.0,0.0,0.125,0.0,1
C,1.0,inf,1,0.0,280.6962480545044,1.0,0.6666666666666666,0.0,0.75,0.0,3
D,0.9325197564086278,4.0356650849900575,8,1.3901409906565452,619.4196939468384,1.0,0.4444444444444444,0.0,0.0,0.0,2
E,0.8613065983795835,0.4973674439982547,31,2.000215432310494,471.51069235801697,1.0,1.0,1.0,1.0,0.0,4
