models,igd,delta,spacing,onvg,hypervolume,c_A,c_B,c_C,c_D,c_E,score
A,0.04259718159045605,0.7862909836235401,0.05601055279911562,6,0.2337861116127808,0.0,0.0,0.0,0.0,0.0,0
B,0.035607459530225524,0.7121675197974736,0.02089237163573167,11,0.30733265714288627,1.0,0.0,0.0,0.1,0.0,1
C,0.04316105284497802,0.7451273428948217,0.015812023389793633,10,0.2503104060359246,1.0,1.0,0.0,0.4,0.05,3
D,0.043499840676941286,0.741512596550413,0.022077682268600612,10,0.2850455372762214,1.0,0.8181818181818182,0.3,0.0,0.0,2
E,0.01694224812858064,0.6391170377157368,0.11768625913169475,20,0.8068244493541569,1.0,1.0,0.6,0.7,0.0,4
