models,delta,spacing,onvg,hypervolume,time,c_Prufer,c_NetKeys,c_Prim,c_Kruskal,c_GPrim,score
Prufer,0.8808340083150096,0.014663430172536233,8,0.6353508241311321,122.47213292121887,0.0,0.0,0.0,0.14285714285714285,0.0,0
NetKeys,0.9774538997107659,0.007508118813185362,4,0.7054904786442797,133.67034530639648,1.0,0.0,0.8888888888888888,1.0,0.0,3
Prim,0.9416489998294173,0.024433585449245485,9,0.6863757090831691,106.2883791923523,1.0,0.0,0.0,0.7142857142857143,0.0,2
Kruskal,0.9781997974994919,0.054109465058984216,7,0.669430536994099,115.67894411087036,0.625,0.0,0.0,0.0,0.0,1
GPrim,1.1226516250082255,0.22651753116645199,23,3.054687979391522,183.93896293640137,1.0,1.0,1.0,1.0,0.0,4
