models,delta,spacing,onvg,hypervolume,time,c_Prufer,c_NetKeys,c_Prim,c_Kruskal,c_GPrim,score
Prufer,0.9324100818794617,0.006700814772881877,9,0.718825531006106,127.39759182929993,0.0,0.0,0.0,0.0,0.0,0
NetKeys,0.9700555839746938,0.015778838793485215,6,0.7539788580697608,138.21061944961548,0.8888888888888888,0.0,0.0,0.0,0.0,1
Prim,0.9580001786337361,0.004830592941456736,7,0.7232117627357815,103.56729102134705,0.8888888888888888,0.5,0.0,0.0,0.0,2
Kruskal,0.9887144735491777,0.029098362936997677,3,0.7741989118908276,118.90775442123413,0.8888888888888888,1.0,0.2857142857142857,0.0,0.0,3
GPrim,1.0896800042465258,0.10541602614768587,24,0.926045541069714,190.33473753929138,1.0,1.0,1.0,1.0,0.0,4
