models,delta,spacing,onvg,hypervolume,c_A,c_B,c_C,c_D,c_E,score
A,0.9544284206924557,1.6477793234615241,6.4,0.38179389157939775,0.0,0.019215686274509806,0.0,0.0,0.0,0.0
B,0.9354833481458191,1.8582590019483392,16.1,1.246009461979378,0.6615476190476192,0.0,0.0,0.0,0.0,1.0
C,0.9585412650890497,1.874250092789397,9.4,0.5716705834226057,1.0,0.5058442864325218,0.0,0.1859034605745132,0.0,2.5
D,0.9440965125465512,1.3700206341372498,16.2,1.0767425259655548,0.9416666666666668,0.9944444444444445,0.27694444444444444,0.0,0.0,2.5
E,0.6017486734846372,0.6410503552773109,72.9,2.6264925609462573,1.0,0.7339449112978524,1.0,0.4645604395604396,0.0,4.0
