models,delta,spacing,onvg,hypervolume,c_A,c_B,c_C,c_D,c_E,score
A,0.968300374293156,0.008467289715736289,6.4,0.04783905016782748,0.0,0.019215686274509806,0.0,0.0,0.0,0.0
B,0.9333818019401375,0.010537768242716948,16.1,0.1561258848711129,0.6615476190476192,0.0,0.0,0.0,0.0,1.0
C,0.9721774421657103,0.00974163250286065,9.4,0.07163073669589584,1.0,0.5058442864325218,0.0,0.1859034605745132,0.0,2.5
D,0.9583228710036457,0.007743109242287688,16.2,0.13491661562319002,0.9416666666666668,0.9944444444444445,0.27694444444444444,0.0,0.0,2.5
E,0.7565729807537884,0.002699192515169186,98.4,0.3981563805129239,1.0,1.0,1.0,0.9409210526315789,0.0,4.0
