models,igd,delta,spacing,onvg,hypervolume,time,c_Prufer,c_NetKeys,c_Prim,c_Kruskal,c_GPrim,score
Prufer,0.05374970524338955,0.8232881812680524,0.013429283047471019,7,0.6569179904044996,17.81963014602661,0.0,0.1111111111111111,0.2857142857142857,0.125,0.0,0
NetKeys,0.0447417418059709,0.7768992920176088,0.015462768717842638,9,0.7398477647320815,21.504239082336426,0.42857142857142855,0.0,0.2857142857142857,0.125,0.0,1
Prim,0.035929757229786516,0.6230987221050703,0.013302598574943172,14,0.700940509113077,17.327481985092163,0.42857142857142855,0.4444444444444444,0.0,0.375,0.0,3
Kruskal,0.04859674055758963,0.795387992759008,0.029955793334962694,8,0.6969392799474802,20.200973987579346,0.8571428571428571,0.5555555555555556,0.2857142857142857,0.0,0.0,2
GPrim,0.0002853130306064135,0.5986454478449911,0.09361332995511314,20,0.8250651665957944,24.886486768722534,1.0,0.8888888888888888,0.6428571428571429,0.75,0.0,4
