models,igd,delta,spacing,onvg,hypervolume,time,c_Prufer,c_NetKeys,c_Prim,c_Kruskal,c_GPrim,score
Prufer,0.0474673326378535,0.8132909260556237,0.024725136589024695,7,0.18896117787696257,17.11322569847107,0.0,0.14285714285714285,0.0,0.0,0.0,0
NetKeys,0.05231618162766816,0.8248315737639446,0.01832255075902346,7,0.1641856893619281,22.096837043762207,0.5714285714285714,0.0,0.18181818181818182,0.2,0.0,1
Prim,0.037216298697349944,0.707487179758323,0.023081226167853013,11,0.29265348529184765,17.54315495491028,1.0,0.7142857142857143,0.0,0.3,0.0,3
Kruskal,0.04574201783679101,0.7335961933953092,0.001117722507843064,10,0.22387122388985908,19.993154048919678,1.0,0.5714285714285714,0.18181818181818182,0.0,0.0,2
GPrim,0.0169686886614474,0.644213922323669,0.11741290682761302,20,0.8061937033246191,26.19684338569641,1.0,1.0,0.6363636363636364,0.4,0.0,4
