models,igd,delta,spacing,onvg,hypervolume,time,c_A,c_B,c_C,c_D,c_E,score
A,0.060977035877976274,0.9161088538841772,0.02547248868130727,4,0.09035215067156352,14.728860855102539,0.0,0.0,0.0,0.0,0.0,0
B,0.05231618162766816,0.8248315737639446,0.01832255075902346,7,0.1641856893619281,22.096837043762207,1.0,0.0,0.18181818181818182,0.25,0.0,1
C,0.037216298697349944,0.707487179758323,0.023081226167853013,11,0.29265348529184765,17.54315495491028,1.0,0.7142857142857143,0.0,0.16666666666666666,0.0,2
D,0.03827729641149542,0.686282750193024,0.001067316883285897,12,0.2838622299224786,20.783249139785767,1.0,0.42857142857142855,0.2727272727272727,0.0,0.0,3
E,0.0169686886614474,0.644213922323669,0.11741290682761302,20,0.8061937033246191,26.19684338569641,1.0,1.0,0.6363636363636364,0.5,0.0,4
