models,delta,spacing,onvg,hypervolume,c_A,c_B,c_C,c_D,c_E,score
A,0.8803418846744421,6.855694097123454e-05,7,0.035195938532929516,0.0,0.0,0.0,0.0,0.0,0
B,0.8424908532644154,0.7440214234838531,8,0.05760333611198132,1.0,0.0,0.375,0.6666666666666666,0.0,2
C,0.8754578814898697,1.4141949388669564,8,0.05373777603014378,1.0,0.5,0.0,0.4666666666666667,0.0,3
D,0.6959707111484257,0.5605693062500696,15,0.09364251663163654,1.0,0.125,0.375,0.0,0.0,1
E,0.4273504883255304,0.20000622922696132,25,0.11342837146313238,1.0,1.0,1.0,1.0,0.0,4
