models,delta,spacing,onvg,hypervolume,time,c_Prufer,c_NetKeys,c_Prim,c_Kruskal,c_GPrim,score
Prufer,0.9812535000488833,0.008559875270995535,6,0.4250706849360412,243.61998343467712,0.0,0.08,0.0,0.0,0.0,0
NetKeys,0.8914897125794651,0.004075832330802778,25,0.6159395305949936,1222.8890726566315,0.6666666666666666,0.0,0.0,0.0,0.0,1
Prim,0.9515802363905678,0.011166610627574954,7,0.554142537987466,193.4187114238739,1.0,0.6,0.0,0.2,0.0,3
Kruskal,0.9981340828794208,0.02478487076457511,5,0.5737704876410006,349.3151297569275,1.0,0.72,0.14285714285714285,0.0,0.0,2
GPrim,0.8275639103216526,1.8105203174121923e-05,71,0.6949627719880442,309.3347885608673,1.0,1.0,1.0,1.0,0.0,4
