models,igd,delta,spacing,onvg,hypervolume,time,c_A,c_B,c_C,c_D,c_E,score
A,0.05767119300943676,0.894532278471901,0.045920550299285046,4,0.11387930057462099,12.721348524093628,0.0,0.0,0.0,0.0,0.0,0
B,0.04437214355280249,0.760817399870619,0.03527781462556086,8,0.2638110002267329,22.623304843902588,1.0,0.0,0.09090909090909091,0.2,0.0,1
C,0.03652099501612255,0.7160754813459621,0.019657039912805433,11,0.29774265683075307,17.90037488937378,1.0,0.625,0.0,0.3,0.05,2
D,0.042225227510442186,0.7390429589516585,0.001820928679133556,10,0.23717242454457133,20.54789137840271,1.0,0.25,0.36363636363636365,0.0,0.05,3
E,0.01698586338698364,0.6436984122091839,0.11764175537313235,20,0.8066679587432366,25.897679090499878,1.0,1.0,0.45454545454545453,0.4,0.0,4
