models,igd,delta,spacing,onvg,hypervolume,c_A,c_B,c_C,c_D,c_E,score
A,0.05570981196420601,0.8724535288578944,0.02713206145816026,5,0.1266397864580989,0.0,0.0,0.0,0.0,0.0,0
B,0.03425701043202728,0.7113925729676959,0.023621972311605653,11,0.3145452580291519,1.0,0.0,0.21428571428571427,0.07692307692307693,0.0,1
C,0.033643453024107275,0.6450416440791451,0.0008312655404161793,14,0.3459667486986615,1.0,0.6363636363636364,0.0,0.23076923076923078,0.05,3
D,0.031048952305079047,0.668431023041174,0.02987106180529339,13,0.3577279232955416,1.0,0.8181818181818182,0.21428571428571427,0.0,0.0,2
E,0.016975798864316,0.6448924089720016,0.11765542572079322,20,0.8068204923389839,1.0,0.9090909090909091,0.2857142857142857,0.46153846153846156,0.0,4
