models,igd,delta,spacing,onvg,hypervolume,time,c_Prufer,c_NetKeys,c_Prim,c_Kruskal,c_GPrim,score
Prufer,0.09116338729420631,0.8076175235581778,0.05389568858741105,7,0.5815714913853087,16.748098134994507,0.0,0.0,0.14285714285714285,0.1111111111111111,0.0,0
NetKeys,0.0865036919763075,0.6814563269820625,0.04757853649724629,7,0.6503414606095094,23.1646625995636,0.8571428571428571,0.0,0.7142857142857143,0.3333333333333333,0.0,3
Prim,0.08257371998871663,0.8255363483752562,0.1132822251640832,7,0.6158536851677152,17.291094303131104,0.8571428571428571,0.14285714285714285,0.0,0.3333333333333333,0.0,1
Kruskal,0.09510305376038979,0.7866700635039978,0.004254046666398154,9,0.6313909229059375,19.978155612945557,0.8571428571428571,0.2857142857142857,0.5714285714285714,0.0,0.05,2
GPrim,0.0011740783746209175,0.9096718317492232,0.2352039415769335,20,2.47465604121752,24.972059965133667,1.0,0.5714285714285714,0.8571428571428571,0.7777777777777778,0.0,4
