models,igd,delta,spacing,onvg,hypervolume,c_A,c_B,c_C,c_D,c_E,score
A,0.8381527430783648,0.8157894798914406,0.4471906590550707,5,0.00987891646202338,0.0,0.0,0.0,0.0,0.0,0
B,0.5123475482148457,0.47368425006245146,0.00018340735742672807,11,0.0251480975843157,1.0,0.0,0.16666666666666666,0.2,0.0,1
C,0.8062257836949893,0.7684210585768887,0.40820109986450814,6,0.014319593515470599,1.0,0.7272727272727273,0.0,0.6,0.0,3
D,0.604152307413909,0.5672514993257659,0.3162779666019398,10,0.023326730623003604,1.0,0.7272727272727273,0.3333333333333333,0.0,0.0,2
E,6.720498851606359e-05,5.751040938562525e-06,0.0004593981667503302,20,0.06303755962366762,1.0,1.0,0.6666666666666666,1.0,0.0,4
