models,igd,delta,spacing,onvg,hypervolume,time,c_A,c_B,c_C,c_D,c_E,score
A,0.04646804918197731,0.7886200658981102,0.023231948760615594,8,0.20209338957945322,17.403844118118286,0.0,0.0,0.0,0.1111111111111111,0.0,0
B,0.04437214355280249,0.760817399870619,0.03527781462556086,8,0.2638110002267329,22.623304843902588,0.75,0.0,0.09090909090909091,0.3333333333333333,0.0,1
C,0.03652099501612255,0.7160754813459621,0.019657039912805433,11,0.29774265683075307,17.90037488937378,1.0,0.625,0.0,0.4444444444444444,0.05,3
D,0.04434854841781253,0.7848136617021488,0.0006764654175120964,9,0.22837086753324748,19.99819326400757,0.75,0.5,0.2727272727272727,0.0,0.05,2
E,0.01698586338698364,0.6436984122091839,0.11764175537313235,20,0.8066679587432366,25.897679090499878,1.0,1.0,0.45454545454545453,0.4444444444444444,0.0,4
