models,delta,spacing,onvg,hypervolume,time,c_Prufer,c_NetKeys,c_Prim,c_Kruskal,c_GPrim,score
Prufer,0.9030370156894902,0.6600014406899697,4,2.5761287763238148,36.530689001083374,0.0,0.0,0.16666666666666666,0.0,0.0,0
NetKeys,0.9167453775667551,0.04347022527807318,4,0.4281203569985836,50.19191288948059,0.75,0.0,0.5,0.0,0.0,2
Prim,0.9939025526151648,0.33679968852804937,6,1.4631464361872433,41.783405780792236,0.75,0.25,0.0,0.0,0.0,1
Kruskal,0.6951628489072359,0.01714810449353715,4,0.45390780996351127,45.731653928756714,1.0,0.5,0.8333333333333334,0.0,0.0,3
GPrim,0.981418133643281,0.3570826898200211,9,3.433176738425638,73.49128699302673,1.0,1.0,1.0,1.0,0.0,4
