models,delta,spacing,onvg,hypervolume,c_A,c_B,c_C,c_D,c_E,score
A,0.9095477425303041,1.1550421716272063,3,0.4208354657990485,0.0,0.0,0.0,0.0,0.0,0
B,0.9200548046401759,3.490010832186446,12,1.4144559459906185,0.6666666666666666,0.0,0.0,0.0,0.0,1
C,0.9095477425018806,1.1303715829143324,9,0.5704021432646451,1.0,0.3333333333333333,0.0,0.0,0.0,2
D,0.9181200039528122,0.7047207684788155,18,1.0378148326271597,1.0,0.9166666666666666,0.5555555555555556,0.0,0.0,3
E,0.8710217813680181,1.7860515387113862,25,1.0589508846404703,1.0,0.4166666666666667,1.0,0.5,0.0,4
