models,delta,spacing,onvg,hypervolume,c_A,c_B,c_C,c_D,c_E,score
A,0.9095477425101003,1.1549334151710176,3,0.43025405118752147,0.0,0.0,0.0,0.0,0.0,0
B,0.9728051989136517,3.5777664262713107,18,1.3290835271010155,0.6666666666666666,0.0,0.0,0.0,0.0,1
C,0.9597989966728636,0.7264721468784738,9,0.5026648786656758,1.0,0.2222222222222222,0.0,0.0,0.0,2
D,0.9618090450300999,3.2964755636459135,16,1.0210951322595312,0.6666666666666666,0.9444444444444444,0.5555555555555556,0.0,0.0,3
E,0.608877753780011,0.7607788104363157,73,2.8492371842228357,1.0,1.0,1.0,0.4375,0.0,4
