models,igd,delta,spacing,onvg,hypervolume,time,c_A,c_B,c_C,c_D,c_E,score
A,0.054093619939091356,0.8826562016816407,0.04954089335779611,4,0.15307889778778744,12.296608209609985,0.0,0.0,0.0,0.0,0.0,0
B,0.03872265686612933,0.7371539608317793,0.04316725334092674,10,0.30285808493330757,24.437559127807617,1.0,0.0,0.1,0.125,0.0,1
C,0.04146106256874664,0.7385954737991473,0.02114869267823357,10,0.25478579874044827,16.359362602233887,1.0,0.7,0.0,0.375,0.0,2
D,0.04027638708203448,0.770139010518426,0.044667467696068025,8,0.2857129143924679,19.368733882904053,1.0,0.9,0.4,0.0,0.05,3
E,0.016804362445880454,0.6438880750433332,0.11779464101083152,20,0.8070173687434499,23.582374334335327,1.0,1.0,0.6,0.625,0.0,4
