models,igd,delta,spacing,onvg,hypervolume,time,c_A,c_B,c_C,c_D,c_E,score
A,0.0528318815177893,0.8482519484967355,0.06202920192458835,6,0.1964843169407838,16.809839725494385,0.0,0.4,0.2,0.125,0.0,0
B,0.03872265686612933,0.7371539608317793,0.04316725334092674,10,0.30285808493330757,24.437559127807617,0.5,0.0,0.1,0.125,0.0,1
C,0.04146106256874664,0.7385954737991473,0.02114869267823357,10,0.25478579874044827,16.359362602233887,0.6666666666666666,0.7,0.0,0.0,0.0,2
D,0.04923484393126914,0.7960626090004754,0.01622595805472449,8,0.190676429341395,19.34618377685547,0.6666666666666666,0.7,0.3,0.0,0.0,3
E,0.016804362445880454,0.6438880750433332,0.11779464101083152,20,0.8070173687434499,23.582374334335327,1.0,1.0,0.6,0.625,0.0,4
