models,igd,delta,spacing,onvg,hypervolume,c_A,c_B,c_C,c_D,c_E,score
A,0.05227894152452854,0.869890940520392,0.07088232529971326,4,0.16007041021709448,0.0,0.0,0.0,0.0,0.0,0
B,0.03510219185809951,0.7114014911249998,0.02404689297654498,11,0.313123318225902,1.0,0.0,0.16666666666666666,0.16666666666666666,0.0,1
C,0.03510305905258468,0.6812468859437587,0.02249434663593267,12,0.31359584236682947,1.0,0.6363636363636364,0.0,0.4166666666666667,0.0,3
D,0.031844937601181525,0.6610914512044266,0.02578456703383076,12,0.3563995923107421,1.0,0.7272727272727273,0.3333333333333333,0.0,0.0,2
E,0.016822023976286675,0.6447820685945517,0.11767628219542979,20,0.8067599925057776,1.0,0.9090909090909091,0.6666666666666666,1.0,0.0,4
