models,igd,delta,spacing,onvg,hypervolume,c_A,c_B,c_C,c_D,c_E,score
A,0.7615773222283544,0.7684210582790741,0.40832438615686806,6,0.013273761812341986,0.0,0.0,0.0,0.0,0.0,0
B,0.5147815186582048,0.5672514841580423,0.00012948705605197896,10,0.02330940707613649,1.0,0.0,0.2222222222222222,0.5,0.0,2
C,0.5522680648936796,0.6184210740182595,0.3333249857148077,9,0.019456494416019064,1.0,0.6,0.0,0.6,0.0,3
D,0.5147815197027845,0.5672514907799329,8.818985671433572e-05,10,0.022373366752973287,1.0,0.4,0.2222222222222222,0.0,0.0,1
E,6.589848184836103e-05,6.475891068609521e-06,0.00045848859863495097,20,0.06292234414433862,1.0,1.0,1.0,1.0,0.0,4
