models,igd,delta,spacing,onvg,hypervolume,c_A,c_B,c_C,c_D,c_E,c_F,score
A,0.7648529396750748,0.7894736941506795,0.9575136940324249,4,0.012486772560215102,0.0,0.0,0.0,0.0,0.0,0.0,0
B,0.4183300282797367,0.5157895076055518,9.379250136572781e-05,11,0.024426123808166167,1.0,0.0,0.16666666666666666,0.16666666666666666,0.05,0.0,1
C,0.4153312083780725,0.42105267763059046,8.773694961881897e-05,12,0.024462984471351625,1.0,0.6363636363636364,0.0,0.4166666666666667,0.0,0.0,3
D,0.3905124965102146,0.46411488009479734,0.2886536987835285,12,0.027802019396976373,1.0,0.7272727272727273,0.3333333333333333,0.0,0.0,0.0,2
E,6.575199952793746e-05,6.476005724924786e-06,0.00045904189199827243,20,0.06294456236034729,1.0,0.8181818181818182,0.5833333333333334,1.0,0.0,0.1,4
F,6.571002049319615e-05,6.546119391438432e-06,0.00045898457107507336,20,0.06293373349539069,1.0,0.9090909090909091,0.6666666666666666,1.0,0.2,0.0,5
