models,igd,delta,spacing,onvg,hypervolume,time,c_Prufer,c_NetKeys,c_Prim,c_Kruskal,c_GPrim,score
Prufer,0.08271425401793388,0.7495114411959348,0.07043417908770903,8,0.6121427759070999,16.354488134384155,0.0,0.2222222222222222,0.1111111111111111,0.0,0.0,0
NetKeys,0.08117298917497849,0.6983382454240905,0.04750081202574713,9,0.6445802620892157,22.65657067298889,0.625,0.0,0.2222222222222222,0.2222222222222222,0.0,1
Prim,0.08871155881518303,0.7744162989628569,0.03163420350656437,9,0.6223886321609006,16.3503634929657,0.875,0.4444444444444444,0.0,0.4444444444444444,0.0,2
Kruskal,0.088952965913254,0.7758934126238779,0.0436293497702668,9,0.6229869289906425,18.55914616584778,0.875,0.6666666666666666,0.5555555555555556,0.0,0.0,3
GPrim,0.00038833940653661283,0.9133796568178175,0.23731661275775065,20,2.4783442699998,22.392627954483032,1.0,1.0,0.7777777777777778,0.7777777777777778,0.0,4
