models,delta,spacing,onvg,hypervolume,time,c_Prufer,c_NetKeys,c_Prim,c_Kruskal,c_GPrim,score
Prufer,0.9217079460643891,0.021149991337967418,8.0,0.6437389593184035,125.80554530620574,0.0,0.04,0.0125,0.014285714285714285,0.0,0.0
NetKeys,0.9707539678483371,0.025538029112018735,5.7,0.7090444648471105,134.43013746738433,0.8639682539682539,0.0,0.505,0.4428571428571429,0.0,2.2
Prim,0.9509395571878134,0.01817983320683718,6.5,0.6740251674677314,106.33794314861298,0.9412698412698415,0.13,0.0,0.08809523809523809,0.0,1.4
Kruskal,0.9479440908197306,0.040358954004787055,6.0,0.71781308263286,115.9059960603714,0.8471031746031746,0.3266666666666667,0.5669444444444445,0.0,0.0,2.2
GPrim,1.1245580765395349,0.21992288887059291,24.3,3.1460119188642452,178.15996417999267,1.0,1.0,1.0,1.0,0.0,4.0
