models,igd,delta,spacing,onvg,hypervolume,time,c_A,c_B,c_C,c_D,c_E,score
A,0.04030251118931222,0.7519248017017655,0.025102148866061394,9,0.2502297635614813,17.788684844970703,0.0,0.3333333333333333,0.1,0.0,0.0,0
B,0.04319299198617386,0.7761368127212556,0.035595473851650516,9,0.24898568727347992,23.54706859588623,0.4444444444444444,0.0,0.1,0.09090909090909091,0.0,1
C,0.043271329914567294,0.7350133668645029,0.016027774547883736,10,0.2361238112627597,17.61964464187622,0.6666666666666666,0.5555555555555556,0.0,0.0,0.0,2
D,0.03593046713144242,0.7101940440729727,0.015295401318157223,11,0.29833701437983856,22.353352785110474,1.0,0.6666666666666666,0.3,0.0,0.0,3
E,0.01697770810568913,0.644083101088356,0.11741420810070985,20,0.8067922009931804,25.99291491508484,1.0,0.8888888888888888,0.4,0.5454545454545454,0.0,4
