models,igd,delta,spacing,onvg,hypervolume,time,c_Prufer,c_NetKeys,c_Prim,c_Kruskal,c_GPrim,score
Prufer,0.04879609514846793,0.7519248017017655,0.025102148866061394,9,0.641653033385776,17.788684844970703,0.0,0.3333333333333333,0.1,0.0,0.0,0
NetKeys,0.05130713432744016,0.7761368127212556,0.035595473851650516,9,0.7256858941193458,23.54706859588623,0.4444444444444444,0.0,0.1,0.09090909090909091,0.0,1
Prim,0.05246165535534224,0.7350133668645029,0.016027774547883736,10,0.6026145110742064,17.61964464187622,0.6666666666666666,0.5555555555555556,0.0,0.0,0.0,2
Kruskal,0.04547980437743016,0.7101940440729727,0.015295401318157223,11,0.6868675619066119,22.353352785110474,1.0,0.6666666666666666,0.3,0.0,0.0,3
GPrim,0.00014771974512648353,0.644083101088356,0.11741420810070985,20,0.794272278403692,25.99291491508484,1.0,0.8888888888888888,0.4,0.5454545454545454,0.0,4
