models,igd,delta,spacing,onvg,hypervolume,c_A,c_B,c_C,c_D,c_E,c_F,score
A,0.6782330103652445,0.757894744065881,0.4082749075581575,6,0.015137278708670498,0.0,0.0,0.0,0.0,0.0,0.0,0
B,0.6041523067193791,0.5672515007233896,0.00010062264282765633,10,0.023879331263095042,1.0,0.0,0.15384615384615385,0.2222222222222222,0.0,0.05,1
C,0.3316625047937885,0.3684211000029557,3.983834260204686e-06,13,0.02367270080422006,1.0,0.4,0.0,0.1111111111111111,0.05,0.0,2
D,0.8514693232962107,0.5789474094218131,0.00033018179203270556,9,0.02811221357776099,1.0,0.6,0.3076923076923077,0.0,0.05,0.0,3
E,6.642164365186196e-05,6.552049424666644e-06,0.00045892540780611017,20,0.0629274745770824,1.0,0.9,0.46153846153846156,0.6666666666666666,0.0,0.2,4
F,6.648129170545618e-05,6.551836369163054e-06,0.0004585455325440558,20,0.06291976668838753,1.0,0.9,0.46153846153846156,0.5555555555555556,0.2,0.0,4
