models,igd,delta,spacing,onvg,hypervolume,time,c_A,c_B,c_C,c_D,c_E,score
A,0.05157337156779829,0.8510582436394213,0.03904588188633949,6,0.1559308139669133,12.729252338409424,0.0,0.0,0.0,0.0,0.0,0
B,0.04319299198617386,0.7761368127212556,0.035595473851650516,9,0.24898568727347992,23.54706859588623,1.0,0.0,0.1,0.15384615384615385,0.0,1
C,0.043271329914567294,0.7350133668645029,0.016027774547883736,10,0.2361238112627597,17.61964464187622,1.0,0.5555555555555556,0.0,0.07692307692307693,0.0,2
D,0.029680938794117574,0.6818777995909681,0.042571748572019515,13,0.35805695695176004,22.16566228866577,1.0,0.6666666666666666,0.4,0.0,0.0,3
E,0.01697770810568913,0.644083101088356,0.11741420810070985,20,0.8067922009931804,25.99291491508484,1.0,0.8888888888888888,0.4,0.38461538461538464,0.0,4
