models,delta,spacing,onvg,hypervolume,time,c_Prufer,c_NetKeys,c_Prim,c_Kruskal,c_GPrim,score
Prufer,0.9611896700222857,inf,4.749999999999999,inf,176.51716608405115,0.0,0.06182785165601659,0.011871693121693117,0.0020833333333333333,0.0,0.15
NetKeys,0.9549779327129319,inf,8.633333333333335,inf,497.45003922581674,0.689785052910053,0.0,0.2113655326155326,0.09576569264069261,0.0020436507936507915,1.1833333333333331
Prim,0.958364141180991,inf,5.891666666666667,inf,118.7771900832653,0.875978835978836,0.41984063098145574,0.0,0.20878787878787883,0.004415941815322616,1.8166666666666667
Kruskal,0.960635931888465,inf,5.083333333333333,inf,182.59537033041317,0.8121792328042328,0.49883877756112405,0.3856544381544382,0.0,0.0035557644110275587,2.225
GPrim,0.8473207708682772,inf,32.825,inf,230.54853581984835,0.9166666666666666,0.9107638888888889,0.9028965247715247,0.9019708994708995,0.0,3.6666666666666665
