models,delta,spacing,onvg,hypervolume,time,c_Prufer,c_NetKeys,c_Prim,c_Kruskal,c_GPrim,score
Prufer,0.9502926811759007,inf,4.749999999999999,inf,176.51716608405115,0.0,0.06182785165601661,0.011871693121693122,0.0020833333333333333,0.0,0.15
NetKeys,0.9299249049660093,inf,8.633333333333333,inf,497.4500392258167,0.6897850529100529,0.0,0.2113655326155326,0.09576569264069264,0.0020436507936507937,1.1833333333333333
Prim,0.9483435514330724,inf,5.891666666666666,inf,118.77719008326528,0.8759788359788359,0.4198406309814558,0.0,0.20878787878787883,0.004415941815322621,1.8166666666666667
Kruskal,0.9405412735775284,inf,5.083333333333334,inf,182.59537033041317,0.8121792328042328,0.49883877756112405,0.3856544381544382,0.0,0.003555764411027569,2.225
GPrim,0.8642770805821675,inf,32.824999999999996,inf,230.54853581984835,0.9166666666666666,0.9107638888888889,0.9028965247715247,0.9019708994708995,0.0,3.6666666666666665
