models,delta,spacing,onvg,hypervolume,time,c_HMOEA,c_Prufer,c_NetKeys,c_Prim,c_Kruskal,c_GPrim,score
HMOEA,0.8335191143434987,inf,8.441666666666666,0.7727469465661662,1615.886043077707,0.08333333333333333,0.3473148148148148,0.2524330686600507,0.037682178932178886,0.0654100529100529,0.0,0.9833333333333333
Prufer,0.9611896700222857,inf,4.749999999999999,inf,176.51716608405115,0.232844794094794,0.0,0.06182785165601659,0.011871693121693117,0.0020833333333333333,0.0,0.5416666666666666
NetKeys,0.9549779327129319,inf,8.633333333333335,inf,497.45003922581674,0.4219959438709438,0.689785052910053,0.0,0.2113655326155326,0.09576569264069261,0.0020436507936507915,1.8916666666666666
Prim,0.958364141180991,inf,5.891666666666667,inf,118.7771900832653,0.47909324471824477,0.875978835978836,0.41984063098145574,0.0,0.20878787878787883,0.004415941815322616,2.733333333333333
Kruskal,0.960635931888465,inf,5.083333333333333,inf,182.59537033041317,0.5355995855995855,0.8121792328042328,0.49883877756112405,0.3856544381544382,0.0,0.0035557644110275587,3.141666666666667
GPrim,0.8473207708682772,inf,32.825,inf,230.54853581984835,0.861377997002997,0.9166666666666666,0.9107638888888889,0.9028965247715247,0.9019708994708995,0.0,4.666666666666667
