models,igd,delta,spacing,onvg,hypervolume,time,c_A,c_B,c_C,c_D,c_E,score
A,0.04583202329003287,0.7646006153039286,0.002424080163052122,6,0.21045113728466291,11.673800468444824,0.0,0.0,0.0,0.0,0.0,0
B,0.0381811414478128,0.7080018734568122,0.020445196454389462,11,0.2881172712945189,24.2732412815094,1.0,0.0,0.0,0.0,0.0,1
C,0.04743598863288096,0.7980855355523876,0.017046044091235394,8,0.21366482457096644,16.35355567932129,1.0,0.8181818181818182,0.0,0.3333333333333333,0.1,3
D,0.03953021842946474,0.6848975107932479,0.0015459971305178115,12,0.28404380467015306,19.48416018486023,1.0,0.9090909090909091,0.25,0.0,0.05,2
E,0.01684329933458558,0.6452973313252621,0.11754407868799581,20,0.8068173953667626,23.746189832687378,1.0,1.0,0.375,0.4166666666666667,0.0,4
