models,igd,delta,spacing,onvg,hypervolume,time,c_Prufer,c_NetKeys,c_Prim,c_Kruskal,c_GPrim,score
Prufer,0.05180132050697581,0.7389134434029533,0.00047632469950842116,10,0.644353600946759,16.567419290542603,0.0,0.5454545454545454,0.0,0.0,0.0,1
NetKeys,0.04555342637450841,0.7080018734568122,0.020445196454389462,11,0.7209217097229434,24.2732412815094,0.1,0.0,0.0,0.0,0.0,0
Prim,0.05501498412070153,0.7980855355523876,0.017046044091235394,8,0.6916251351870474,16.35355567932129,1.0,0.8181818181818182,0.0,0.25,0.1,2
Kruskal,0.05664483708108313,0.7961247586453362,0.016225531956568055,8,0.6495090610092416,19.41103434562683,1.0,0.8181818181818182,0.25,0.0,0.05,2
GPrim,0.00023601897434020604,0.6452973313252621,0.11754407868799581,20,0.7940972171802773,23.746189832687378,1.0,1.0,0.375,0.375,0.0,4
