models,igd,delta,spacing,onvg,hypervolume,c_A,c_B,c_C,c_D,c_E,c_F,score
A,0.9695359820393552,0.7894736958254311,3.471701943700974e-06,5,0.008979535427363856,0.0,0.0,0.0,0.0,0.0,0.0,0
B,0.6020797372574875,0.47368426326886015,9.942005445459512e-05,11,0.0240600286866915,1.0,0.0,0.18181818181818182,0.09090909090909091,0.0,0.0,1
C,0.6020797346607133,0.4736842605943608,0.00020657674916621567,11,0.027531170068421876,1.0,0.7272727272727273,0.0,0.18181818181818182,0.0,0.0,2
D,0.8440971539409661,0.47368697568898116,0.000552936945264371,11,0.045616855643001955,1.0,0.8181818181818182,0.7272727272727273,0.0,0.05,0.0,3
E,6.555801012605181e-05,6.54608637911375e-06,0.0004593992083014458,20,0.06295397876814102,1.0,1.0,0.9090909090909091,0.6363636363636364,0.0,0.1,4
F,6.556213360211192e-05,6.546139115274614e-06,0.0004594208155299685,20,0.0629532691154133,1.0,1.0,0.9090909090909091,0.6363636363636364,0.1,0.0,4
