models,igd,delta,spacing,onvg,hypervolume,time,c_Prufer,c_NetKeys,c_Prim,c_Kruskal,c_GPrim,score
Prufer,0.09494860874123467,0.8675755703285548,0.08021854956456284,6,0.5872256401557393,16.078208208084106,0.0,0.42857142857142855,0.3,0.25,0.0,1
NetKeys,0.08747265528890841,0.7431092015347263,0.06510856652891724,7,0.6522566147741862,23.16949486732483,0.3333333333333333,0.0,0.4,0.125,0.0,1
Prim,0.08605535471184311,0.7325192754359469,0.03189695652036479,10,0.618100800343086,16.037306547164917,0.5,0.2857142857142857,0.0,0.125,0.0,1
Kruskal,0.09120576889690926,0.7917931281096121,0.04283555842506683,8,0.6273926763390956,18.261317253112793,0.6666666666666666,0.42857142857142855,0.5,0.0,0.0,3
GPrim,2.894801427770995e-05,0.914157857430168,0.23765617519321103,20,2.4788802202214746,22.477672576904297,1.0,0.8571428571428571,0.7,0.625,0.0,4
