models,igd,delta,spacing,onvg,hypervolume,c_A,c_B,c_C,c_D,c_E,score
A,0.06020722818395315,0.8926157408825728,0.0008900886944201553,5,0.11511044286949872,0.0,0.0,0.0,0.0,0.0,0
B,0.03930828646190092,0.6994973688414975,0.025489707326056963,11,0.3084302723655459,1.0,0.0,0.18181818181818182,0.09090909090909091,0.0,1
C,0.03601500101804082,0.731891326377923,0.05296296512312146,11,0.35292752113144643,1.0,0.7272727272727273,0.0,0.18181818181818182,0.0,2
D,0.045398188278639645,0.807214535877373,0.14176416399967764,11,0.5847715060378673,1.0,0.8181818181818182,0.7272727272727273,0.0,0.0,3
E,0.016783217246794813,0.6431078197053877,0.11778812827657298,20,0.8070104234875051,1.0,1.0,0.9090909090909091,0.6363636363636364,0.0,4
