models,igd,delta,spacing,onvg,hypervolume,time,c_A,c_B,c_C,c_D,c_E,score
A,0.043622381869910416,0.7389134434029533,0.00047632469950842116,10,0.23325462050013368,16.567419290542603,0.0,0.5454545454545454,0.0,0.0,0.0,1
B,0.0381811414478128,0.7080018734568122,0.020445196454389462,11,0.2881172712945189,24.2732412815094,0.1,0.0,0.0,0.0,0.0,0
C,0.04743598863288096,0.7980855355523876,0.017046044091235394,8,0.21366482457096644,16.35355567932129,1.0,0.8181818181818182,0.0,0.25,0.1,2
D,0.049233907600867925,0.7961247586453362,0.016225531956568055,8,0.190733138847672,19.41103434562683,1.0,0.8181818181818182,0.25,0.0,0.05,2
E,0.01684329933458558,0.6452973313252621,0.11754407868799581,20,0.8068173953667626,23.746189832687378,1.0,1.0,0.375,0.375,0.0,4
