models,igd,delta,spacing,onvg,hypervolume,c_A,c_B,c_C,c_D,c_E,score
A,0.969535982048669,0.7894736958340028,6.562381196326575e-06,5,0.008972465205851118,0.0,0.0,0.0,0.0,0.0,0
B,0.6041523078485207,0.5672514989872637,5.7595833245776515e-05,10,0.023320492739413914,1.0,0.0,0.2,0.1,0.0,1
C,0.6204836925742035,0.5263158265695286,8.915688146606401e-05,10,0.020728287502975,1.0,0.6,0.0,0.5,0.0,2
D,0.5147815194010257,0.5672514891168295,0.3162135913992466,10,0.022598520636936393,1.0,0.7,0.5,0.0,0.0625,2
E,0.2738613055404112,0.2105273932253311,7.737032888337968e-05,16,0.03098247799160054,1.0,0.8,0.9,0.8,0.0,4
