models,delta,spacing,onvg,hypervolume,time,c_Prufer,c_NetKeys,c_Prim,c_Kruskal,c_GPrim,score
Prufer,0.9401516133913863,0.02215697286164351,4,0.6047051333410437,24.002363443374634,0.0,0.0,0.0,0.0,0.0,0
NetKeys,0.9536410903493828,0.0014689805669970022,4,0.6017038390435976,25.19524121284485,0.75,0.0,0.5714285714285714,0.3333333333333333,0.0,2
Prim,0.9180491382128979,0.0259949313494638,7,0.6668912389828995,28.01788592338562,1.0,0.0,0.0,0.16666666666666666,0.0,1
Kruskal,0.936488761885172,0.02636324732217331,6,0.6662302736040019,32.473618507385254,1.0,0.5,0.7142857142857143,0.0,0.0,3
GPrim,0.7255687773373659,0.0149065561948439,21,0.826391621878607,40.822572231292725,1.0,1.0,1.0,1.0,0.0,4
