models,delta,spacing,onvg,hypervolume,time,c_Prufer,c_NetKeys,c_Prim,c_Kruskal,c_GPrim,score
Prufer,0.9672508806812893,0.001963265500544389,3,0.4713330119445685,23.248904943466187,0.0,0.0,0.0,0.0,0.0,0
NetKeys,0.8926855784920221,0.0029580039915034963,8,0.5986108705489044,24.609418869018555,1.0,0.0,0.0,0.0,0.0,1
Prim,0.8989608835880809,0.006072446964166307,8,0.6229045956724567,28.108225345611572,1.0,0.625,0.0,0.0,0.0,2
Kruskal,0.9447764072651104,0.01450676882024206,5,0.6014126971825865,32.972917795181274,1.0,1.0,0.875,0.0,0.0,3
GPrim,0.7882955695492875,0.012949642441662433,16,0.7367893265939287,41.11085367202759,1.0,1.0,1.0,0.6,0.0,4
