models,delta,spacing,onvg,hypervolume,time,c_Prufer,c_NetKeys,c_Prim,c_Kruskal,c_GPrim,score
Prufer,0.9492895063096877,0.012379940308332803,4,0.4142910011852336,22.09105372428894,0.0,0.0,0.0,0.0,0.0,0
NetKeys,0.8931755409685294,0.008614583214708467,7,0.520767636096618,23.910320043563843,1.0,0.0,0.1,0.09090909090909091,0.0,1
Prim,0.851365727278356,0.012014945036607712,10,0.5155457046066897,27.096705675125122,1.0,0.42857142857142855,0.0,0.09090909090909091,0.0,2
Kruskal,0.8225234769670006,0.022347925583085657,11,0.5687179999469525,32.62875318527222,1.0,0.7142857142857143,0.7,0.0,0.0,3
GPrim,0.7371495902152654,0.025800303114037706,19,0.6531181636208385,39.92599630355835,1.0,1.0,1.0,1.0,0.0,4
