models,delta,spacing,onvg,hypervolume,c_A,c_B,c_C,c_D,c_E,score
A,0.9797216863322754,0.009189880629274035,6,0.036583865689390316,0.0,0.0,0.0,0.0,0.0,0
B,0.9663154932477279,0.024015913309285642,11,0.14966942369637853,1.0,0.0,0.0,0.0,0.0,1
C,0.9830921671604976,0.002584794373272483,6,0.02116534797593983,1.0,0.5454545454545454,0.0,0.125,0.0,3
D,0.9632746895015053,0.004614277431732346,16,0.1363835900155303,1.0,1.0,0.0,0.0,0.0,2
E,0.7740812005746385,0.002399696890901412,96,0.3710314134367339,1.0,1.0,1.0,1.0,0.0,4
