models,igd,delta,spacing,onvg,hypervolume,time,c_A,c_B,c_C,c_D,c_E,score
A,0.04468548983524938,0.7777262791343487,0.025965046578630878,8,0.22479773154404264,17.460652351379395,0.0,0.3076923076923077,0.18181818181818182,0.18181818181818182,0.05,0
B,0.03115650595906317,0.6493162216751502,0.021881519008230918,13,0.35324723809796876,21.843538284301758,0.5,0.0,0.18181818181818182,0.09090909090909091,0.0,1
C,0.040495195694912035,0.7099895776722719,0.0005821250560680452,11,0.2594280174343939,18.40780258178711,0.5,0.46153846153846156,0.0,0.09090909090909091,0.0,2
D,0.04049548593079029,0.7096629300136301,0.0009443372466115527,11,0.25952445769536525,22.483880043029785,0.625,0.5384615384615384,0.2727272727272727,0.0,0.0,3
E,0.017036686772144465,0.6431698009024618,0.11722299639083313,20,0.8062473911864774,25.511308431625366,0.875,0.9230769230769231,0.5454545454545454,0.45454545454545453,0.0,4
