models,igd,delta,spacing,onvg,hypervolume,time,c_Prufer,c_NetKeys,c_Prim,c_Kruskal,c_GPrim,score
Prufer,0.0793933090532297,0.7760088891901501,0.08443748952183872,10,0.5986326604702072,17.48843765258789,0.0,0.14285714285714285,0.0,0.0,0.0,0
NetKeys,0.0832690030288435,0.6674923943167176,0.057696241911215404,7,0.6362424371765698,21.22489070892334,0.3,0.0,0.0,0.3333333333333333,0.0,1
Prim,0.10342447079060275,0.8318374856606435,0.018485860326439008,7,0.5624866349193262,18.14435887336731,0.9,0.42857142857142855,0.0,0.3333333333333333,0.05,2
Kruskal,0.09862634880978646,0.8192997715841124,0.040022481110790716,6,0.5959527722569344,19.659719705581665,0.8,0.42857142857142855,0.42857142857142855,0.0,0.1,3
GPrim,0.0014758270328883599,0.9149795564765718,0.2381177807773608,20,2.5166695713382783,24.17032742500305,1.0,0.8571428571428571,0.5714285714285714,0.6666666666666666,0.0,4
