models,igd,delta,spacing,onvg,hypervolume,time,c_A,c_B,c_C,c_D,c_E,score
A,0.0466690348667465,0.8245065228761317,0.024459009772779792,6,0.19389099951874292,12.877615928649902,0.0,0.0,0.0,0.0,0.0,0
B,0.03115650595906317,0.6493162216751502,0.021881519008230918,13,0.35324723809796876,21.843538284301758,1.0,0.0,0.18181818181818182,0.0,0.0,1
C,0.040495195694912035,0.7099895776722719,0.0005821250560680452,11,0.2594280174343939,18.40780258178711,1.0,0.46153846153846156,0.0,0.26666666666666666,0.0,2
D,0.028682886087183224,0.6109109096413949,0.01982255349548411,15,0.41196794791695773,20.96648359298706,1.0,0.6923076923076923,0.36363636363636365,0.0,0.0,3
E,0.017036686772144465,0.6431698009024618,0.11722299639083313,20,0.8062473911864774,25.511308431625366,1.0,0.9230769230769231,0.5454545454545454,0.6666666666666666,0.0,4
