models,delta,spacing,onvg,hypervolume,c_A,c_B,c_C,c_D,c_E,score
A,0.8974359009897848,7.494645175540847e-05,3,0.02189439378498667,0.0,0.0,0.0,0.0,0.0,0
B,0.8534798638334777,4.4817049985786365e-05,8,0.04341234174857738,1.0,0.0,0.7,0.2,0.0,3
C,0.7891738044112031,4.205471885783598e-05,10,0.04346747346074585,1.0,0.0,0.0,0.0,0.0,1
D,0.7692307941225733,7.15318592786114e-05,10,0.04740370550719819,1.0,0.125,0.6,0.0,0.043478260869565216,2
E,0.4592099338224047,0.000868354324369354,23,0.2194344375828632,1.0,1.0,1.0,0.9,0.0,4
