models,delta,spacing,onvg,hypervolume,c_A,c_B,c_C,c_D,c_E,score
A,0.8974359009897848,7.494645175540847e-05,3,0.02189439378498667,0.0,0.0,0.0,0.0,0.0,0
B,0.7806267856139895,0.42159247582605397,10,0.06205498018769565,1.0,0.0,0.6,0.2857142857142857,0.0,2
C,0.7891738015158671,0.31625809799163,10,0.041650611764476334,1.0,0.3,0.0,0.14285714285714285,0.0,1
D,0.8632478669074056,1.8897316359603247,7,0.06406834346616612,1.0,0.5,0.6,0.0,0.0,3
E,0.5867270379352173,9.759382527666225e-05,18,0.08374653156750299,1.0,1.0,1.0,1.0,0.0,4
