models,delta,spacing,onvg,hypervolume,time,c_Prufer,c_NetKeys,c_Prim,c_Kruskal,c_GPrim,score
Prufer,0.9572913387047257,0.011581279626004448,3,0.2843517231945076,35.68269371986389,0.0,0.0,0.0,0.0,0.0,0
NetKeys,0.6835006586263584,0.0,2,0.7532129804486042,55.32593011856079,0.6666666666666666,0.0,1.0,0.0,0.0,2
Prim,0.9114221550104753,0.0,2,0.30257744766853356,43.03560709953308,0.6666666666666666,0.0,0.0,0.0,0.0,1
Kruskal,0.8357674521928066,0.0,2,0.34147780224405944,44.66140174865723,1.0,1.0,1.0,0.0,0.0,3
GPrim,0.8878359912784212,0.4318045202802874,4,2.3956803245941423,75.55976724624634,1.0,1.0,1.0,1.0,0.0,4
