models,delta,spacing,onvg,hypervolume,time,c_Prufer,c_NetKeys,c_Prim,c_Kruskal,c_GPrim,score
Prufer,0.8297137182416685,0.31441222350061104,4,1.6535965765922034,37.52831315994263,0.0,0.0,0.0,0.0,0.0,0
NetKeys,0.8594640581726634,0.005782553153214042,5,0.489723257756663,49.677003622055054,1.0,0.0,0.75,0.5,0.0,3
Prim,0.7950312085158772,0.09192215631463338,8,0.6893008245895388,42.2269811630249,1.0,0.0,0.0,0.0,0.0,1
Kruskal,0.9317180806303044,0.0,2,0.3622167884637107,46.394603967666626,1.0,0.0,0.25,0.0,0.0,2
GPrim,0.9927480062958296,0.37154747450116743,9,3.2131364621981873,72.19585084915161,1.0,1.0,1.0,1.0,0.0,4
