models,delta,spacing,onvg,hypervolume,time,c_Prufer,c_NetKeys,c_Prim,c_Kruskal,c_GPrim,score
Prufer,0.8937664234653773,0.020772589004184834,8,0.6568452706546154,39.54238295555115,0.0,0.0,0.0,0.0,0.0,0
NetKeys,0.9627697459639877,0.03895408339015343,4,0.6688248644842931,51.89481854438782,0.875,0.0,0.5,0.2,0.0,3
Prim,0.8613971165046805,0.030377182808250643,8,0.6838939666875166,39.33297419548035,1.0,0.0,0.0,0.2,0.0,1
Kruskal,0.913027144562884,0.05336478714480183,5,0.7186114124755911,44.178065061569214,0.625,0.0,0.25,0.0,0.0,2
GPrim,0.8788390087652873,0.054439658196457914,8,0.8221488926870848,74.1408338546753,1.0,1.0,1.0,1.0,0.0,4
