models,delta,spacing,onvg,hypervolume,c_A,c_B,c_C,c_D,c_E,score
A,0.9743589662502299,0.0,2,0.013719304691098506,0.0,0.0,0.0,0.0,0.0,0
B,0.8820512895930129,0.5163734948388933,6,0.02947835879043249,1.0,0.0,0.5714285714285714,0.1111111111111111,0.0,2
C,0.8461538559035245,1.515079188595682e-05,7,0.025505763755621004,1.0,0.3333333333333333,0.0,0.0,0.0,1
D,0.8141025769316921,0.0002558217019255151,9,0.06016777874064342,1.0,0.5,0.42857142857142855,0.0,0.13636363636363635,3
E,0.4615385991069895,0.00039182846560699495,22,0.14320281294752762,1.0,0.8333333333333334,1.0,0.5555555555555556,0.0,4
