models,delta,spacing,onvg,hypervolume,c_A,c_B,c_C,c_D,c_E,score
A,0.9743589689751827,0.0,2,0.01197346680143161,0.0,0.0,0.0,0.0,0.0,0
B,0.8632478714921645,2.1175356573762883e-05,7,0.028021938064171782,1.0,0.0,0.5,0.1,0.0,2
C,0.8974359025064848,0.9574029070531455,4,0.02649507476893758,1.0,0.42857142857142855,0.0,0.2,0.0,1
D,0.8119658266803962,0.42159807768133845,10,0.06126917079283797,1.0,0.7142857142857143,0.5,0.0,0.2,3
E,0.6849816726464127,0.35180871933075736,15,0.10460385376024389,1.0,1.0,1.0,0.7,0.0,4
