models,delta,spacing,onvg,hypervolume,time,c_Prufer,c_NetKeys,c_Prim,c_Kruskal,c_GPrim,score
Prufer,0.9693967553498989,0.006052099629046078,7,0.4928509387734211,535.2145955562592,0.0,0.2,0.0,0.0,0.0,1
NetKeys,1.008004220636845,0.049026456071966075,5,0.5368393479808878,1397.7033183574677,0.0,0.0,0.0,0.0,0.0,0
Prim,0.9905312272411784,0.0,2,0.5397276979336281,277.5732157230377,0.8571428571428571,0.6,0.0,0.3333333333333333,0.0,3
Kruskal,0.9456184016033103,0.01310010443940482,3,0.590936862673588,459.35395979881287,1.0,1.0,0.0,0.0,0.0,2
GPrim,0.9481628570163829,0.002431803288516919,18,0.7604294399155552,549.4280557632446,1.0,1.0,1.0,1.0,0.0,4
