models,igd,delta,spacing,onvg,hypervolume,c_A,c_B,c_C,c_D,c_E,score
A,0.7035623771822539,0.7894736910503094,0.8944648373695998,5,0.01408890155657989,0.0,0.0,0.0,0.0,0.0,0
B,0.49497475433511096,0.584795324568627,0.4215745838951544,10,0.03023718747906156,1.0,0.0,0.375,0.6,0.05263157894736842,3
C,0.6062177937391497,0.6691729410770125,0.3535227990893224,8,0.018906416143903867,1.0,0.2,0.0,0.5,0.0,2
D,0.514781517335309,0.567251484175597,0.00013356013433430634,10,0.023851728438743038,1.0,0.3,0.25,0.0,0.0,1
E,0.05000004376118018,0.052632955945623935,0.00016400763417176158,19,0.04391693870623724,1.0,0.8,1.0,1.0,0.0,4
