models,igd,delta,spacing,onvg,hypervolume,c_A,c_B,c_C,c_D,c_E,score
A,0.049443606514132696,0.8457212376618316,0.059250750682471966,5,0.18060841909265582,0.0,0.0,0.0,0.0,0.0,0
B,0.026477235849329383,0.6827195861547237,0.059659136044271865,12,0.41665774021975044,1.0,0.0,0.5,0.06666666666666667,0.0,2
C,0.032020350833165796,0.687002755156471,0.03279966666520177,12,0.33524851570662617,1.0,0.3333333333333333,0.0,0.13333333333333333,0.05,1
D,0.02917735486036179,0.6003173121002119,0.020659482738699463,15,0.3868648529853819,1.0,0.5833333333333334,0.5833333333333334,0.0,0.0,3
E,0.01696232226363751,0.6441219410792964,0.1177264256758958,20,0.8064200607551034,1.0,0.75,0.75,0.3333333333333333,0.0,4
