models,delta,spacing,nds,c_kruskal,score
kruskal,0.21874972147552704,0.0012404369000588082,9,0.0,0
