models,delta,spacing,onvg,hypervolume,time,c_A,c_B,c_C,c_D,c_E,score
A,0.9612004543121896,0.013741130508838977,5,0.053019867051962516,50.756109952926636,0.0,0.0,0.0,0.0,0.0,0
B,0.9620469500519662,0.00849245121736773,4,0.04543748081808154,136.8731689453125,1.0,0.0,1.0,0.0,0.0,2
C,0.9639176526620824,0.011633111541999832,5,0.05604437128054475,103.68225431442261,1.0,0.0,0.0,0.0,0.0,1
D,0.968035723987025,0.023674716846049458,7,0.08077395139135604,150.9440586566925,1.0,0.75,0.6,0.0,0.0,3
E,1.0861154969963331,0.10974578413978532,22,0.5529787348014573,179.72445273399353,1.0,1.0,1.0,1.0,0.0,4
