models,delta,spacing,onvg,hypervolume,c_A,c_B,c_C,c_D,c_E,score
A,0.9781232421155848,0.02116110736849479,6,0.03897905654025818,0.0,0.0,0.0,0.0,0.0,0
B,0.9851959082937601,0.003275189734914836,5,0.019173307162616116,1.0,0.0,0.5,0.5,0.0,3
C,0.9538093600160594,0.0,2,0.03943560684754299,1.0,0.0,0.0,0.3333333333333333,0.0,2
D,0.9867220406657656,0.030975370307930728,6,0.09585878548825882,0.8333333333333334,0.0,0.0,0.0,0.0,1
E,0.9432689327891721,0.0035733086662353203,25,0.09781305536586443,1.0,1.0,1.0,1.0,0.0,4
