models,delta,spacing,onvg,hypervolume,time,c_A,c_B,c_C,c_D,c_E,score
A,0.9708542719350235,1.3300065569558466,6,0.6213883718259541,167.87390542030334,0.0,0.0,0.0,0.0,0.0,0
B,0.9824120620245308,0.4471266382893843,5,0.3056531167703327,1395.4054005146027,1.0,0.0,0.5,0.5,0.0,3
C,0.9246231300287594,0.0,2,0.6286665123783637,295.5096881389618,1.0,0.0,0.0,0.3333333333333333,0.0,2
D,0.9768844289853312,5.202958983169329,6,1.5281420313044847,629.7772748470306,0.8333333333333334,0.0,0.0,0.0,0.0,1
E,0.9028476040756955,0.5972615468800245,25,1.5592962121682437,484.0122230052948,1.0,1.0,1.0,1.0,0.0,4
