models,delta,spacing,onvg,hypervolume,time,c_Prufer,c_NetKeys,c_Prim,c_Kruskal,c_GPrim,score
Prufer,0.9260042399589664,0.014611299774704116,9,0.5015475161359393,639.0105187892914,0.0,0.0,0.0,0.0,0.0,0
NetKeys,0.9755588390925977,1.9064407978288426e-06,4,0.638380555635135,1427.2592284679413,1.0,0.0,0.75,0.8571428571428571,0.0,3
Prim,0.9698964202524711,0.013854294577607448,4,0.5243120613341252,291.80413484573364,1.0,0.0,0.0,0.0,0.0,1
Kruskal,0.9849747968427256,0.008034751561834398,7,0.6121600322677476,467.01676774024963,0.6666666666666666,0.0,0.25,0.0,0.0,2
GPrim,0.9468398315450032,0.0015774865024027526,22,0.7726308916407518,474.7741119861603,1.0,1.0,1.0,1.0,0.0,4
