models,delta,spacing,onvg,hypervolume,time,c_Prufer,c_NetKeys,c_Prim,c_Kruskal,c_GPrim,score
Prufer,0.9871999654917608,2.512793766960005e-05,3,0.42083028248516147,235.86165118217468,0.0,0.14285714285714285,0.0,0.0,0.0,1
NetKeys,0.8941715158448343,0.02206972432091137,14,0.5828137944571014,1183.4760587215424,0.0,0.0,0.0,0.0,0.0,0
Prim,0.9752582142636574,0.0036638332958735887,9,0.5330389645083777,187.1156394481659,1.0,0.2857142857142857,0.0,0.08333333333333333,0.0,2
Kruskal,0.9978671425779123,0.002994612691046026,12,0.5673869527349585,346.9096095561981,1.0,0.5714285714285714,0.6666666666666666,0.0,0.0,3
GPrim,0.7997237847331923,0.0010351517261865657,78,0.6755646782141546,286.73130655288696,1.0,1.0,1.0,1.0,0.0,4
