models,delta,spacing,onvg,hypervolume,time,c_Prufer,c_NetKeys,c_Prim,c_Kruskal,c_GPrim,score
Prufer,0.9908333136685074,0.01048840951050584,10,0.5756534110450061,255.370108127594,0.0,0.10526315789473684,0.1111111111111111,0.1,0.0,0
NetKeys,1.0427611931669025,0.05376506486540247,19,0.6986841395389322,1241.619910955429,0.4,0.0,0.0,0.0,0.0,1
Prim,0.9650079428131386,0.011364141247668713,9,0.6100296853642397,203.60593914985657,0.8,0.21052631578947367,0.0,0.0,0.0,2
Kruskal,0.9810504701198458,0.006161980695672733,10,0.7221956283212729,407.90626430511475,0.8,1.0,0.4444444444444444,0.0,0.0,3
GPrim,0.7544743021192122,0.002820523133058004,100,0.7786152716547263,263.88666224479675,1.0,1.0,1.0,1.0,0.0,4
