models,delta,spacing,onvg,hypervolume,time,c_Prufer,c_NetKeys,c_Prim,c_Kruskal,c_GPrim,score
Prufer,0.9210916210921479,0.009887607717530136,10,0.6832071571248292,57.57259154319763,0.0,0.0,0.16666666666666666,0.043478260869565216,0.0,0
NetKeys,0.9413192522243943,0.03388480090003856,10,0.7240897831482702,110.96629691123962,0.8,0.0,0.3333333333333333,0.08695652173913043,0.0,1
Prim,0.9503648450379087,0.009637996296792364,12,0.6979101231606549,68.86300539970398,0.8,0.4,0.0,0.30434782608695654,0.0,2
Kruskal,0.8337013365350423,0.011581271606106308,23,0.8240245533663809,80.96125650405884,0.9,0.8,0.3333333333333333,0.0,0.0,3
GPrim,1.154103262398647,0.13518848796905328,70,3.202147644030486,96.72298407554626,1.0,1.0,1.0,1.0,0.0,4
