models,igd,delta,spacing,onvg,hypervolume,time,c_Prufer,c_NetKeys,c_Prim,c_Kruskal,c_GPrim,score
Prufer,0.04971536247540392,0.7947275299609617,0.0013185926597948238,8,0.657178931434335,16.86496877670288,0.0,0.0,0.0,0.0,0.0,0
NetKeys,0.05063060179389568,0.7944575329471206,0.03683652177348677,8,0.7799494253930044,23.037654876708984,0.5,0.0,0.3,0.2222222222222222,0.1,2
Prim,0.037936843741978823,0.740475926417485,0.020559468279801024,10,0.6993550881843085,17.67997097969055,0.75,0.25,0.0,0.1111111111111111,0.0,1
Kruskal,0.04407182397712473,0.7694489243816871,0.0124277075918945,9,0.6595732688829793,19.674811840057373,0.875,0.25,0.2,0.0,0.0,3
GPrim,0.000236998581107896,0.6000063502964647,0.09286364795144349,20,0.8256284287513599,24.41844654083252,1.0,0.375,0.7,0.4444444444444444,0.0,4
