models,igd,delta,spacing,onvg,hypervolume,time,c_Prufer,c_NetKeys,c_Prim,c_Kruskal,c_GPrim,score
Prufer,0.0933527163519565,0.8075696564691397,0.060412426352633275,7,0.592956810063522,17.852396726608276,0.0,0.5555555555555556,0.1,0.3,0.0,1
NetKeys,0.07724525701015744,0.8095168891521064,0.0898489718015296,9,0.6114475940921107,22.376694917678833,0.14285714285714285,0.0,0.2,0.3,0.0,0
Prim,0.09403512986966707,0.7574146953464165,0.030007216038403204,10,0.598776134582735,17.711889266967773,0.8571428571428571,0.5555555555555556,0.0,0.7,0.0,3
Kruskal,0.08693682190865389,0.7567126141392166,0.043212340537437874,10,0.6268478581143067,19.733222723007202,0.5714285714285714,0.6666666666666666,0.1,0.0,0.0,2
GPrim,0.0007443308417164733,0.9140842922663107,0.2394432761158882,20,2.507604971085564,24.111314058303833,0.8571428571428571,1.0,0.5,0.9,0.0,4
