models,igd,delta,spacing,onvg,hypervolume,time,c_Prufer,c_NetKeys,c_Prim,c_Kruskal,c_GPrim,score
Prufer,0.042877144230880924,0.8478339655369206,0.05577262535859088,7,0.6578257315122991,17.852396726608276,0.0,0.5555555555555556,0.1,0.3,0.0,1
NetKeys,0.042923097081347616,0.7732094842820373,0.03539867975905918,9,0.6954116359592797,22.376694917678833,0.14285714285714285,0.0,0.2,0.3,0.0,0
Prim,0.0441965627765149,0.7367538375164857,0.011822236912746245,10,0.6601184278107575,17.711889266967773,0.8571428571428571,0.5555555555555556,0.0,0.7,0.0,3
Kruskal,0.04260993346695439,0.7383149658428352,0.017024789195174007,10,0.7014790288675801,19.733222723007202,0.5714285714285714,0.6666666666666666,0.1,0.0,0.0,2
GPrim,0.00029325131464958467,0.6013580464485914,0.09433581355175857,20,0.8257214531201338,24.111314058303833,0.8571428571428571,1.0,0.5,0.9,0.0,4
