models,igd,delta,spacing,onvg,hypervolume,time,c_A,c_B,c_C,c_D,c_E,score
A,0.057699147672847964,0.8731502889076941,0.021393575857153846,5,0.11264568610620337,14.222908973693848,0.0,0.0,0.0,0.0,0.0,0
B,0.04309745741494247,0.7442253045903273,0.0006853051842941264,10,0.23624437837413043,22.612149238586426,1.0,0.0,0.21428571428571427,0.15384615384615385,0.05,1
C,0.030615475332034393,0.6538055502388291,0.029432547396771196,14,0.38902075526740687,17.87301516532898,1.0,0.6,0.0,0.15384615384615385,0.0,3
D,0.03609472223918973,0.6495338124219348,0.01913165090152308,13,0.32363506174654694,21.410263538360596,1.0,0.6,0.14285714285714285,0.0,0.0,2
E,0.01697370376811692,0.6430608869664789,0.11762872953021646,20,0.8067313800370793,25.410715103149414,1.0,0.9,0.35714285714285715,0.23076923076923078,0.0,4
