models,delta,spacing,onvg,hypervolume,c_A,c_B,c_C,c_D,c_E,score
A,0.7948718045813533,0.7071394961699363,9,0.05529827820188525,0.0,0.0,0.0,0.0,0.0,0
B,0.9658119665463067,3.3593926504192444,7,0.06626442166575795,0.8888888888888888,0.0,0.35714285714285715,0.4166666666666667,0.0,1
C,0.7080867983815712,0.2672607595312771,14,0.07019816096249604,1.0,0.5714285714285714,0.0,0.16666666666666666,0.0,2
D,0.7459207142393787,0.3891402576252713,12,0.09615253906278982,1.0,0.5714285714285714,0.42857142857142855,0.0,0.0,3
E,0.28205139219117537,0.0001489495989044643,29,0.1349479643135624,1.0,1.0,1.0,1.0,0.0,4
