models,delta,spacing,onvg,hypervolume,time,c_A,c_B,c_C,c_D,c_E,score
A,0.9230769071563975,0.0008902359156151779,4,0.06271954433126957,22.312680959701538,0.0,0.0,0.0,0.0,0.0,0
B,0.9128205093143731,0.5162521340576304,6,0.10272657423312158,50.53799605369568,1.0,0.0,0.16666666666666666,0.0,0.0,1
C,0.8717949269916744,0.0007617692572278823,6,0.08259482075723876,39.62803792953491,1.0,0.8333333333333334,0.0,0.25,0.0,2
D,0.9230769773833546,0.0013474715239632892,4,0.0749270430160913,51.71340727806091,1.0,0.3333333333333333,0.3333333333333333,0.0,0.0,3
E,0.8205130100110478,0.0008284769273843115,8,0.15427023958863756,69.62149143218994,1.0,1.0,1.0,1.0,0.0,4
