models,delta,spacing,onvg,hypervolume,time,c_A,c_B,c_C,c_D,c_E,score
A,0.89988436988784,0.05669721872672295,4,0.09986183608794394,22.312680959701538,0.0,0.0,0.0,0.0,0.0,0
B,0.890634205829864,0.020223524217168574,6,0.16356088723733786,50.53799605369568,1.0,0.0,0.16666666666666666,0.0,0.0,1
C,0.9333875195891881,0.048515452408476746,6,0.13150718073792372,39.62803792953491,1.0,0.8333333333333334,0.0,0.25,0.0,2
D,0.9709436713274378,0.08581757529900125,4,0.11929857220752828,51.71340727806091,1.0,0.3333333333333333,0.3333333333333333,0.0,0.0,3
E,0.8896791356344156,0.05276392104389256,8,0.24562852844847066,69.62149143218994,1.0,1.0,1.0,1.0,0.0,4
