models,delta,spacing,onvg,hypervolume,time,c_Prufer,c_NetKeys,c_Prim,c_Kruskal,c_GPrim,score
Prufer,0.8823055964340456,0.020996655277904775,4,0.6075569705531874,41.28418850898743,0.0,0.0,0.0,0.0,0.0,0
NetKeys,0.9154741393138006,0.017207881983653806,6,0.7405566277622824,55.86804246902466,1.0,0.0,0.5,0.8,0.0,3
Prim,0.9509188679114351,0.01268273269729832,4,0.681373991849887,43.04509878158569,1.0,0.0,0.0,0.2,0.0,1
Kruskal,0.9582301385475549,0.046105892663862384,5,0.7207124113746824,46.459510803222656,1.0,0.16666666666666666,0.25,0.0,0.0,2
GPrim,0.8792214496954645,0.1395134683074072,11,0.8175723671137488,73.4042820930481,1.0,1.0,1.0,1.0,0.0,4
