models,delta,spacing,onvg,hypervolume,c_A,c_B,c_C,c_D,c_E,c_F,score
A,0.7591228313291978,0.09878004730576774,5.6,0.022539451796801547,0.0,0.0,0.0,0.0,0.0,0.0,0.0
B,0.6197494557666661,0.18410240459311072,8.6,0.036093800414380116,1.0,0.0,0.34930735930735934,0.3091269841269841,0.005263157894736842,0.006666666666666668,1.8
C,0.6772431512385702,0.1743056303269979,7.5,0.034547517035489715,1.0,0.4490800865800866,0.0,0.29047619047619044,0.02892328861369109,0.011805555555555555,1.9
D,0.6595489513848658,0.07631760501597053,7.6,0.031131596721403375,1.0,0.5069300144300144,0.4423268398268398,0.0,0.01111111111111111,0.01254901960784314,2.3
E,0.1355697589365444,0.0006337014931665122,17.6,0.10139514388808171,1.0,0.9777777777777779,0.8770238095238095,0.9589285714285716,0.0,0.1722010909627009,4.1
F,0.17368690972150727,0.00043652152850247566,16.7,0.08357320296484498,1.0,0.9888888888888889,0.9633333333333333,0.9746031746031747,0.451452098383213,0.0,4.9
