models,delta,spacing,onvg,hypervolume,c_1.6.6.0.0.1,c_1.6.6.0.1.1,c_1.6.6.0.2.1,c_1.6.6.0.3.1,c_1.6.6.0.4.1,c_1.6.6.0.5.1,score
1.6.6.0.0.1,0.895726479976336,0.000388809756773921,5.2,0.04307858851790096,0.0,0.0,0.0,0.0,0.0,0.0,0.0
1.6.6.0.1.1,0.8957264793748865,0.00037593811623127377,5.2,0.043431493789736306,0.07857142857142857,0.0,0.07857142857142857,0.07857142857142857,0.07857142857142857,0.08333333333333333,1.6
1.6.6.0.2.1,0.8957264840149103,0.00037808098777717097,5.2,0.04260500187451323,0.08571428571428572,0.05714285714285714,0.0,0.08571428571428572,0.08571428571428572,0.1,1.0
1.6.6.0.3.1,0.895726479976336,0.000388809756773921,5.2,0.04307858851790096,0.0,0.0,0.0,0.0,0.0,0.0,0.0
1.6.6.0.4.1,0.895726479976336,0.000388809756773921,5.2,0.04307858851790096,0.0,0.0,0.0,0.0,0.0,0.0,0.0
1.6.6.0.5.1,0.8994871516370955,0.08178241381620498,5.0,0.043217637467927096,0.05714285714285714,0.05714285714285714,0.05714285714285714,0.05714285714285714,0.05714285714285714,0.0,0.8
