models,delta,spacing,onvg,hypervolume,time,c_Prufer,c_NetKeys,c_Prim,c_Kruskal,c_GPrim,score
Prufer,0.9650984891476118,0.01553818251990265,5.0,0.6395843226064435,212.0425335407257,0.0,0.16666666666666666,0.0,0.0,0.0,0.2
NetKeys,0.9903128140330315,inf,2.3,0.6981367772125806,342.6279971599579,0.6925,0.0,0.22142857142857145,0.3,0.0,1.6
Prim,0.9763176098072218,inf,3.1,0.7206518731697746,207.81295709609986,0.9199999999999999,0.5,0.0,0.3583333333333333,0.0,2.1
Kruskal,0.9683091786366254,0.01630285997530447,2.4,0.7522827233991795,240.1625785589218,0.40166666666666667,0.19999999999999998,0.13452380952380952,0.0,0.0,1.4
GPrim,0.9715875552816142,0.041386435848649934,10.7,0.9520009592140479,457.93891768455507,1.0,1.0,1.0,1.0,0.0,4.0
