models,delta,spacing,onvg,hypervolume,time,c_Prufer,c_NetKeys,c_Prim,c_Kruskal,c_GPrim,score
Prufer,0.937518925946938,0.0029765987899349317,3,0.5034072653308949,57.328105449676514,0.0,0.0,0.0,0.0,0.0,0
NetKeys,0.9759309758455211,0.027691881550714267,7,0.660681924419987,126.25993275642395,1.0,0.0,0.0,0.0,0.0,1
Prim,0.9800196846345595,0.012288053277837264,6,0.6225333678902581,65.5281126499176,1.0,0.5714285714285714,0.0,0.0,0.0,2
Kruskal,0.9098851170680577,0.027631150951145923,7,0.6520077035845714,80.4003553390503,1.0,0.5714285714285714,0.0,0.0,0.0,2
GPrim,0.7897240653516466,0.0021782948258331773,41,0.8791535663074053,116.44545316696167,1.0,1.0,1.0,1.0,0.0,4
