models,delta,spacing,onvg,hypervolume,time,c_Prufer,c_NetKeys,c_Prim,c_Kruskal,c_GPrim,score
Prufer,0.9292451690289927,0.007200578718468267,3,0.4794185978971066,57.328105449676514,0.0,0.0,0.0,0.0,0.0,0
NetKeys,0.9662075115386242,0.0340671692852129,7,0.6267766386520556,126.25993275642395,1.0,0.0,0.0,0.0,0.0,1
Prim,0.9749762271574796,0.012437430705615544,6,0.5953649444090355,65.5281126499176,1.0,0.5714285714285714,0.0,0.0,0.0,2
Kruskal,0.9083540931297742,0.0346745966167935,7,0.6229265598898417,80.4003553390503,1.0,0.5714285714285714,0.0,0.0,0.0,2
GPrim,0.8019068274987103,0.010104521069285438,41,0.8396872194502878,116.44545316696167,1.0,1.0,1.0,1.0,0.0,4
