models,delta,spacing,onvg,hypervolume,time,c_Prufer,c_NetKeys,c_Prim,c_Kruskal,c_GPrim,score
Prufer,0.9660002898896366,0.007009435989068997,4,0.47722860663043726,58.36290526390076,0.0,0.0,0.0,0.0,0.0,0
NetKeys,0.9587292294188906,0.006838721352454494,9,0.6419323114868516,131.41843509674072,0.75,0.0,0.0,0.0,0.0,1
Prim,0.9530357802879653,0.012621965134861846,8,0.6335306894964998,67.50828003883362,1.0,0.8888888888888888,0.0,0.2,0.0,2
Kruskal,1.0053604786488983,0.04829190288969316,5,0.6047045334014601,81.15600347518921,1.0,0.5555555555555556,0.625,0.0,0.0,3
GPrim,0.7530829127442393,0.002408899175406873,48,0.8583281940357734,122.67502903938293,1.0,1.0,1.0,1.0,0.0,4
