models,delta,spacing,onvg,hypervolume,time,c_Prufer,c_NetKeys,c_Prim,c_Kruskal,c_GPrim,score
Prufer,0.9703430942187473,0.004194623356237403,6,0.6268579410480277,64.62834930419922,0.0,0.0,0.0,0.0,0.0,0
NetKeys,0.9520205036434587,0.004958289446985531,7,0.7125094269559566,129.5421302318573,1.0,0.0,0.3333333333333333,0.0,0.0,1
Prim,0.9511153530020606,0.008708277405741326,9,0.69050927446225,69.57092952728271,1.0,0.42857142857142855,0.0,0.0,0.0,2
Kruskal,0.9650651199044773,0.01127277373939122,6,0.7333547662630666,99.52682685852051,1.0,0.8571428571428571,0.3333333333333333,0.0,0.0,3
GPrim,0.7990908936319175,0.03494594543248537,73,0.9382855412680731,105.80479526519775,1.0,1.0,1.0,1.0,0.0,4
