models,delta,spacing,onvg,hypervolume,c_A,c_B,c_C,c_D,c_E,score
A,0.9626411005378225,0.014736193132850605,6,0.07153876001157819,0.0,0.0,0.0,0.0,0.0,0
B,0.9293610736852915,0.005163172932238784,16,0.1267086916930712,1.0,0.0,0.2,0.29411764705882354,0.0,1
C,0.9522508908698326,0.004075274974005994,10,0.07032920785392521,1.0,0.5,0.0,0.47058823529411764,0.0,3
D,0.9105778533016458,0.013004129356420355,17,0.2033652724013183,1.0,0.375,0.0,0.0,0.0,2
E,0.8956690101448938,0.06054282742535802,77,0.858796582417046,1.0,1.0,1.0,1.0,0.0,4
