models,delta,spacing,onvg,hypervolume,time,c_A,c_B,c_C,c_D,c_E,score
A,0.9797979797288653,3.049537340055576,5,0.1320101054416415,37.09896779060364,0.0,0.0,0.0,0.0,0.0,0
B,0.9124579210533937,1.567016852532171,10,0.24694877170505708,115.45976734161377,1.0,0.0,0.0,0.2222222222222222,0.0,1
C,0.8961039028384489,1.5979996839155155,8,0.18613343378189084,68.16661787033081,1.0,0.3,0.0,0.05555555555555555,0.0,2
D,0.9031491140038164,2.351436357485919,18,0.5243657216263442,98.54114055633545,1.0,0.6,0.125,0.0,0.0,3
E,0.4372294684374871,0.4752691980322235,64,1.611205118906948,101.41177177429199,1.0,1.0,1.0,1.0,0.0,4
