models,igd,delta,spacing,onvg,hypervolume,time,c_Prufer,c_NetKeys,c_Prim,c_Kruskal,c_GPrim,score
Prufer,0.04283867005215351,0.7596126017286171,0.019454415022131837,9,0.6974889834853932,17.307005643844604,0.0,0.25,0.0,0.0,0.0,1
NetKeys,0.052633236794778035,0.7865693854371006,0.020454491264397037,8,0.738831046343966,22.4482159614563,0.2222222222222222,0.0,0.14285714285714285,0.0,0.0,0
Prim,0.05187273758967613,0.8213717493405491,0.013592841919291379,7,0.7010731877457117,17.199426651000977,0.6666666666666666,0.75,0.0,0.25,0.0,2
Kruskal,0.05031179607394054,0.7931136865112529,0.017694208511197674,8,0.6995456883522284,20.058796405792236,0.6666666666666666,0.625,0.2857142857142857,0.0,0.0,3
GPrim,0.00023768632221209265,0.6023740521564646,0.09340688289391594,20,0.8261538244851717,24.143887758255005,1.0,1.0,0.8571428571428571,0.875,0.0,4
