models,igd,delta,spacing,onvg,hypervolume,time,c_A,c_B,c_C,c_D,c_E,score
A,0.049055343555670525,0.8764490997710587,0.06984731062841393,5,0.18156661737759539,12.241331338882446,0.0,0.0,0.0,0.0,0.0,0
B,0.041151613885068335,0.7568563771633031,0.024855537114029755,9,0.27023918825512283,24.051153421401978,0.8,0.0,0.2,0.1111111111111111,0.0,1
C,0.03867936222015667,0.7464988060102037,0.033989911970314216,10,0.27127322242421437,17.641355514526367,1.0,0.5555555555555556,0.0,0.0,0.0,2
D,0.035549508254879146,0.7180868123317037,0.03350885078898121,9,0.31173414920577347,20.387438774108887,1.0,0.7777777777777778,0.4,0.0,0.0,3
E,0.01698637275815054,0.6432795522232363,0.1176180080227268,20,0.8066261983272536,25.145514965057373,1.0,1.0,0.5,0.3333333333333333,0.0,4
