models,igd,delta,spacing,onvg,hypervolume,c_A,c_B,c_C,c_D,c_E,score
A,0.0498744598464816,0.810197741872713,0.02285403752099399,7,0.1691442615408229,0.0,0.0,0.0,0.0,0.0,0
B,0.04128107399947015,0.7566068920784103,0.024680429239299254,9,0.2674302978072366,1.0,0.0,0.18181818181818182,0.0,0.0,1
C,0.03708926125171023,0.722485200604206,0.02199979908010074,11,0.3275499776045978,1.0,0.6666666666666666,0.0,0.16666666666666666,0.0,2
D,0.03411634618778165,0.6819317094549365,0.02279326781705867,12,0.3162598170522257,1.0,0.8888888888888888,0.5454545454545454,0.0,0.0,3
E,0.0169579514803738,0.6435525074740295,0.11781504086973979,20,0.8069859216147126,1.0,1.0,0.8181818181818182,0.3333333333333333,0.0,4
