models,igd,delta,spacing,onvg,hypervolume,c_A,c_B,c_C,c_D,c_E,c_F,score
A,0.7599342186267434,0.6842105405449382,8.913988794688097e-05,7,0.013194605554276512,0.0,0.0,0.0,0.0,0.0,0.0,0
B,0.6224949892133205,0.6184210785653923,9.626354620494637e-05,9,0.020861702671346915,1.0,0.0,0.18181818181818182,0.0,0.0,0.0,1
C,0.6020797359006684,0.4736842628652205,8.580801633202405e-05,11,0.025551518652979464,1.0,0.6666666666666666,0.0,0.16666666666666666,0.0,0.0,2
D,0.4153312070533034,0.42105267774461563,8.890286179364885e-05,12,0.02467079580861002,1.0,0.8888888888888888,0.5454545454545454,0.0,0.1,0.0,3
E,6.687718575433386e-05,6.05415952918205e-06,0.00045930946871325644,20,0.06299983911289157,1.0,0.8888888888888888,0.6363636363636364,0.25,0.0,0.05,4
F,6.62888205007943e-05,6.52850411363787e-06,0.0004595257854083226,20,0.0629513577733205,1.0,1.0,0.8181818181818182,0.3333333333333333,0.35,0.0,5
