models,igd,delta,spacing,onvg,hypervolume,time,c_Prufer,c_NetKeys,c_Prim,c_Kruskal,c_GPrim,score
Prufer,0.037967856308163864,0.7106423292388265,0.01607499469672238,11,1.073302562297546,19.219589710235596,0.0,0.1111111111111111,0.1,0.0,0.0,0
NetKeys,0.041151613885068335,0.7568563771633031,0.024855537114029755,9,1.0843524995471074,24.051153421401978,0.7272727272727273,0.0,0.2,0.0,0.0,1
Prim,0.03867936222015667,0.7464988060102037,0.033989911970314216,10,0.9649517799927462,17.641355514526367,0.9090909090909091,0.5555555555555556,0.0,0.4,0.0,2
Kruskal,0.04032921996205409,0.7570486724219844,0.0011685954554186977,10,0.9933830176832021,20.0270516872406,0.9090909090909091,0.6666666666666666,0.5,0.0,0.05,3
GPrim,0.01698637275815054,0.6432795522232363,0.1176180080227268,20,1.4340129037860845,25.145514965057373,1.0,1.0,0.5,0.5,0.0,4
