models,delta,spacing,onvg,hypervolume,time,c_Prufer,c_NetKeys,c_Prim,c_Kruskal,c_GPrim,score
Prufer,0.8920665434880654,0.18816771953249914,3,0.4657386197910671,75.54247879981995,0.0,0.0,0.0,0.0,0.0,0
NetKeys,0.9989191009186509,0.06915767505446753,5,0.6334014200998109,74.69200396537781,1.0,0.0,1.0,0.0,0.0,2
Prim,0.9388460547889962,0.00707981925230927,5,0.5255683850919699,109.41330075263977,1.0,0.0,0.0,0.0,0.0,1
Kruskal,0.9370340954681599,0.10579950128908017,5,0.671807439101846,111.94024085998535,1.0,0.6,1.0,0.0,0.0,3
GPrim,0.9192196840513521,0.018970844805221283,3,0.8035775044439817,180.094220161438,1.0,1.0,1.0,1.0,0.0,4
