models,igd,delta,spacing,onvg,hypervolume,time,c_A,c_B,c_C,c_D,c_E,score
A,0.046921200749440596,0.7867408105923875,0.024489327698236665,7,0.19111269330473976,13.357534408569336,0.0,0.0,0.0,0.0,0.0,0
B,0.0487578823223955,0.7923468948222676,0.017123206624234635,8,0.20343321253490332,25.827632665634155,1.0,0.0,0.2857142857142857,0.36363636363636365,0.0,1
C,0.03361228272106866,0.6275624568448674,0.01360618895869398,14,0.3458003947276129,17.494871616363525,1.0,0.625,0.0,0.5454545454545454,0.1,3
D,0.03707447037581595,0.7269692577990577,0.03063654476526674,11,0.29556590500277313,21.049808740615845,1.0,0.75,0.21428571428571427,0.0,0.1,2
E,0.017044439859845023,0.6428622714090876,0.11777431964563459,20,0.8073843946911754,25.810612440109253,1.0,1.0,0.5714285714285714,0.7272727272727273,0.0,4
