models,delta,spacing,onvg,hypervolume,c_A,c_B,c_C,c_D,c_E,score
A,0.9393939420529569,1.2110823409706664,6,0.11332573169918542,0.0,0.0,0.0,0.0,0.0,0
B,0.9136822825939742,0.3892287120466328,12,0.23416907372325066,1.0,0.0,0.625,0.35294117647058826,0.0,3
C,0.9350649390291542,0.46298794711523195,8,0.13344556925857246,1.0,0.25,0.0,0.058823529411764705,0.0,1
D,0.8560606260555027,1.531557701876677,17,0.36595320963397904,1.0,0.16666666666666666,0.375,0.0,0.0,2
E,0.5976431470815604,0.34380629875063007,49,0.6439083283174302,1.0,1.0,1.0,0.7058823529411765,0.0,4
