models,delta,spacing,onvg,hypervolume,c_A,c_B,c_C,c_D,c_E,score
A,0.9616847713656828,0.013711543895393597,6,0.056941881066820105,0.0,0.0,0.0,0.0,0.0,0
B,0.931439905512648,0.006564285853515832,12,0.11766107613468527,1.0,0.0,0.625,0.35294117647058826,0.0,3
C,0.9576514428525561,0.0105406817256693,8,0.06705133617655135,1.0,0.25,0.0,0.058823529411764705,0.0,1
D,0.8991546927780716,0.017094987802284217,17,0.18387760508189077,1.0,0.16666666666666666,0.375,0.0,0.0,2
E,0.9598251075904557,0.06497513028923933,66,0.7892580281915322,1.0,1.0,1.0,1.0,0.0,4
