models,igd,delta,spacing,onvg,hypervolume,c_A,c_B,c_C,c_D,c_E,score
A,0.6103277963029835,0.7684210623908108,0.8367043461318644,6,0.01553186404187193,0.0,0.0,0.0,0.0,0.0,0
B,0.5545268369728698,0.6766917395584722,0.353513861699449,8,0.02060260979122351,1.0,0.0,0.18181818181818182,0.0,0.0,1
C,0.33911651427498213,0.536842120754156,0.30148230189870967,11,0.02894538219326922,1.0,0.625,0.0,0.36363636363636365,0.0,2
D,0.3937004050539782,0.5578947218139372,0.6029679680246819,11,0.03511780683410548,1.0,0.5,0.36363636363636365,0.0,0.0,2
E,6.661432347004515e-05,6.4280350107600484e-06,0.00045818045466289987,20,0.0628874091164599,1.0,1.0,1.0,1.0,0.0,4
