models,delta,spacing,onvg,hypervolume,time,c_Prufer,c_NetKeys,c_Prim,c_Kruskal,c_GPrim,score
Prufer,0.9611096271944715,0.0279597591833354,5,0.6741749821287147,62.752188205718994,0.0,0.2,0.0,0.2,0.0,0
NetKeys,0.9588352974617874,0.013128277831541555,5,0.683818599063367,119.7344241142273,0.6,0.0,0.0,0.0,0.0,1
Prim,0.9521256332497714,0.007830583527925261,8,0.7052128977341758,69.81858897209167,0.8,1.0,0.0,0.2,0.0,2
Kruskal,0.9873035163403641,0.009336798793505303,5,0.7140104336540701,80.24490928649902,0.8,1.0,0.5,0.0,0.0,3
GPrim,0.9505653594144361,0.06341056645037663,70,0.9398216667948159,106.41977548599243,1.0,1.0,1.0,1.0,0.0,4
