models,igd,delta,spacing,onvg,hypervolume,c_A,c_B,c_C,c_D,c_E,score
A,0.6082762714980664,0.7192982289278397,0.37791917659336743,7,0.02005290409464689,0.0,0.0,0.0,0.0,0.0,0
B,0.4898979633781086,0.42105268286028763,0.00017940218684140305,12,0.028445944018373893,1.0,0.0,0.16666666666666666,0.15384615384615385,0.0,1
C,0.415331199970959,0.42105267742266006,8.838386890021882e-05,12,0.02469025647337962,1.0,0.6666666666666666,0.0,0.23076923076923078,0.1,2
D,0.3316624876630868,0.368421105699655,0.00011006085522525054,13,0.026605994832243643,1.0,0.75,0.6666666666666666,0.0,0.1,3
E,0.00019252230142955404,6.356538785790279e-06,0.0004571210766668942,20,0.06288419251848361,1.0,1.0,0.8333333333333334,0.46153846153846156,0.0,4
