models,delta,spacing,onvg,hypervolume,time,c_A,c_B,c_C,c_D,c_E,score
A,0.9797979832943813,2.309762551243745,3,0.141543149363328,51.145787715911865,0.0,0.0,0.0,0.0,0.0,0
B,0.9898989933875371,3.0001505499202747,4,0.18992709032777,139.1789722442627,1.0,0.0,0.8,0.0,0.0,2
C,0.9444444501126897,0.547220750605868,5,0.18346539249150282,105.7445900440216,1.0,0.0,0.0,0.0,0.0,1
D,0.9379509139642636,0.0011045227601448311,8,0.4166326295020042,157.6651849746704,1.0,0.25,0.4,0.0,0.0,3
E,0.776897534797568,0.004186439447261672,24,2.2593813633796875,184.53324103355408,1.0,1.0,1.0,1.0,0.0,4
