models,delta,spacing,onvg,hypervolume,time,c_A,c_B,c_C,c_D,c_E,score
A,0.9860622046324974,0.03219824881227984,3,0.03564961229663323,51.145787715911865,0.0,0.0,0.0,0.0,0.0,0
B,0.9937460635150576,0.033799949262042876,4,0.04783578128131484,139.1789722442627,1.0,0.0,0.8,0.0,0.0,2
C,0.9549385901700176,0.006064911616331595,5,0.04620831274131783,105.7445900440216,1.0,0.0,0.0,0.0,0.0,1
D,0.9512516973164804,0.02227784841408427,8,0.10493472682134236,157.6651849746704,1.0,0.25,0.4,0.0,0.0,3
E,1.082332918110997,0.10544130455590771,24,0.5690566445428613,184.53324103355408,1.0,1.0,1.0,1.0,0.0,4
