models,delta,spacing,onvg,hypervolume,time,c_Prufer,c_NetKeys,c_Prim,c_Kruskal,c_GPrim,score
Prufer,0.9386995269615225,0.025026480795497772,6,0.6256271461874281,125.24350118637085,0.0,0.0,0.0,0.0,0.0,0
NetKeys,0.9402017311776344,0.006973617090629458,10,0.6818939036423038,133.74263048171997,1.0,0.0,0.75,0.0,0.0,2
Prim,0.9942699868579069,0.04561728876137135,4,0.6651465656781232,108.15959024429321,1.0,0.5,0.0,0.0,0.0,1
Kruskal,0.9504216220224856,0.03201907442254948,5,0.7316913649865842,115.69413590431213,1.0,0.8,1.0,0.0,0.0,3
GPrim,1.1639629368586202,0.2717321056038292,25,3.7588646917252393,183.35895681381226,1.0,1.0,1.0,1.0,0.0,4
