models,delta,spacing,onvg,hypervolume,time,c_Prufer,c_NetKeys,c_Prim,c_Kruskal,c_GPrim,score
Prufer,0.9463854147069827,0.009000987676163901,7,0.7340624582441064,143.75005221366882,0.0,0.0,0.0,0.0,0.0,0
NetKeys,0.9937460635150576,0.033799949262042876,4,0.752913207606176,145.5591516494751,1.0,0.0,0.8,0.0,0.0,2
Prim,0.9549385901700176,0.006064911616331595,5,0.7401445437287278,112.56584692001343,1.0,0.0,0.0,0.0,0.0,1
Kruskal,0.9512516973164804,0.02227784841408427,8,0.8210236341550303,162.0767297744751,0.8571428571428571,0.25,0.4,0.0,0.0,3
GPrim,1.082332918110997,0.10544130455590771,24,0.9263544058314216,184.59265232086182,1.0,1.0,1.0,1.0,0.0,4
