models,igd,delta,spacing,onvg,hypervolume,c_A,c_B,c_C,c_D,c_E,score
A,0.05465451642272486,0.851352910888064,0.07323023365590572,4,0.17495796082293077,0.0,0.0,0.0,0.0,0.0,0
B,0.037401359691134894,0.7070862788248884,0.019951462964019773,11,0.2899452002254071,1.0,0.0,0.2,0.08333333333333333,0.0,1
C,0.036161528537693194,0.6010972867623544,0.0008559935588085239,15,0.34976884428922356,1.0,0.36363636363636365,0.0,0.16666666666666666,0.05,2
D,0.03369030249497839,0.699652906300845,0.05498397953755289,12,0.41278531169662036,1.0,0.8181818181818182,0.4,0.0,0.0,3
E,0.016888576777560362,0.6434239004072413,0.11733636696370756,20,0.8060954872548962,1.0,0.9090909090909091,0.4666666666666667,0.8333333333333334,0.0,4
