models,delta,spacing,onvg,hypervolume,time,c_A,c_B,c_C,c_D,c_E,score
A,0.8590057990538849,0.032876292292875656,6,0.1486584554773328,22.239640474319458,0.0,0.0,0.0,0.0,0.0,0
B,0.9695096693942332,0.004280078987078268,3,0.026444714344331738,50.80966854095459,1.0,0.0,0.6,0.0,0.0,2
C,0.938589182768444,0.03296436940987428,5,0.10536953273601378,39.69910216331482,1.0,0.0,0.0,0.0,0.0,1
D,0.9511478935802179,0.006049957453081145,4,0.06854520950400053,52.81871962547302,1.0,0.0,0.4,0.0,0.0,2
E,0.9345578809613821,0.1444463783323782,10,0.5054939382784732,71.34334087371826,1.0,1.0,1.0,1.0,0.0,4
