models,delta,spacing,onvg,hypervolume,time,c_Prufer,c_NetKeys,c_Prim,c_Kruskal,c_GPrim,score
Prufer,0.952360454436654,0.013200343184677844,7,0.6872912769792324,113.99296283721924,0.0,0.0,0.0,0.0,0.0,0
NetKeys,0.9616382467482997,0.03075688899945422,4,0.711890876424756,137.63653302192688,0.5714285714285714,0.0,0.0,0.0,0.0,1
Prim,0.9549295628788839,0.0035837922109336344,9,0.7580163880588475,107.94024801254272,0.7142857142857143,0.75,0.0,0.0,0.0,2
Kruskal,0.9576227731556611,0.0018368709111171288,5,0.7874077746942789,116.95149946212769,0.7142857142857143,0.75,1.0,0.0,0.0,3
GPrim,0.9334747025405843,0.03709746424857176,24,0.9268243493251069,189.72438430786133,1.0,1.0,1.0,1.0,0.0,4
