models,delta,spacing,onvg,hypervolume,time,c_Prufer,c_NetKeys,c_Prim,c_Kruskal,c_GPrim,score
Prufer,1.1286051242647734,0.42099515822168454,5,1.040610022590846,37.72972226142883,0.0,0.0,0.0,0.0,0.0,0
NetKeys,0.9637058256504621,0.29131744694207573,4,0.7421228143482624,49.71163463592529,1.0,0.0,1.0,0.5,0.0,2
Prim,0.8576087694362237,0.09738564227953403,7,0.4229841039337422,41.568598985672,1.0,0.0,0.0,0.0,0.0,1
Kruskal,0.9431996243915235,0.06598476536602554,4,0.4749234602651146,46.55975413322449,1.0,0.5,0.8571428571428571,0.0,0.0,2
GPrim,1.0439618517252272,0.6192072195580955,9,4.9573750930730265,73.80550527572632,1.0,1.0,1.0,1.0,0.0,4
