models,delta,spacing,onvg,hypervolume,time,c_Prufer,c_NetKeys,c_Prim,c_Kruskal,c_GPrim,score
Prufer,0.9585231345934137,0.017320508075688787,4,0.4653449479112128,124.25165510177612,0.0,0.0,0.0,0.0,0.0,0
NetKeys,0.9531068410549228,0.0,2,0.49926223553919635,162.92537450790405,0.75,0.0,1.0,0.0,0.0,2
Prim,0.9506965204611465,0.0,2,0.49492972862523255,110.94222402572632,0.5,0.0,0.0,0.0,0.0,1
Kruskal,1.0,inf,1,0.5105073138598597,160.50441670417786,0.75,0.5,1.0,0.0,0.0,3
GPrim,0.9066240631398769,0.1832523165316075,6,0.8137951760831504,231.95012712478638,1.0,1.0,1.0,1.0,0.0,4
