models,delta,spacing,onvg,hypervolume,time,c_Prufer,c_NetKeys,c_Prim,c_Kruskal,c_GPrim,score
Prufer,0.7056479414647687,0.06601672198878822,4,0.9249039346652435,36.36566781997681,0.0,0.3333333333333333,0.0,0.0,0.0,1
NetKeys,0.9711026104608924,0.3552987847815435,3,0.7072226507439844,56.81047701835632,0.25,0.0,0.0,0.0,0.0,0
Prim,0.9229792737735063,0.025977078120752218,3,0.3282036471008135,40.252479553222656,1.0,1.0,0.0,0.0,0.0,2
Kruskal,0.8059622694948745,0.0,2,0.35740973408525983,46.59518766403198,1.0,1.0,1.0,0.0,0.0,3
GPrim,0.9038523359445307,0.44471557276799495,4,2.3633933757599443,74.95146036148071,1.0,1.0,1.0,1.0,0.0,4
