models,delta,spacing,onvg,hypervolume,time,c_Prufer,c_NetKeys,c_Prim,c_Kruskal,c_GPrim,score
Prufer,0.9351949260516419,0.14709551630257459,3,0.6047220345797529,40.32768249511719,0.0,0.0,0.0,0.0,0.0,0
NetKeys,0.9837692363603029,0.0,2,0.6379062785423092,59.258644342422485,1.0,0.0,0.0,0.0,0.0,1
Prim,0.9798763397432536,0.0,2,0.656356647006901,45.778618812561035,1.0,1.0,0.0,0.0,0.0,2
Kruskal,0.8726955174427982,0.0,2,0.68910072563878,53.35708045959473,1.0,1.0,1.0,0.0,0.0,3
GPrim,0.8621541615013237,0.2070981254811335,4,0.7056086170465898,76.45062637329102,1.0,1.0,1.0,0.5,0.0,4
