models,igd,delta,spacing,onvg,hypervolume,c_A,c_B,c_C,c_D,c_E,score
A,0.7632169241042874,0.8421052851712626,0.8944221758426065,5,0.022780829020160206,0.0,0.0,0.0,0.0,0.0,0
B,0.887412000315374,0.6842106088477069,0.00010167969649461552,7,0.025473695539940465,1.0,0.0,0.4,0.625,0.0,2
C,0.7697402510827073,0.789473735925766,0.894478312144435,5,0.030760079016906063,1.0,0.42857142857142855,0.0,0.625,0.0,3
D,0.8645808529918021,0.6315790606309427,9.892096317906733e-05,8,0.031364556453782125,1.0,0.2857142857142857,0.2,0.0,0.0,1
E,0.18708291931664028,0.15789970677454143,0.000981447741076434,17,0.11543490637331266,1.0,1.0,1.0,1.0,0.0,4
