models,delta,spacing,onvg,hypervolume,c_A,c_B,c_C,c_D,c_E,c_F,score
A,0.8424853003738869,0.8895412231846636,5,-2.096728519839793,0.0,0.0,0.0,0.0,0.0,0.0,0
B,0.5664566647150413,0.24847271304268861,10,4.255963098004649,1.0,0.0,0.5,0.3333333333333333,0.058823529411764705,0.0,2
C,0.749820722730798,0.1050263744325236,6,2.9659373000359004,1.0,0.4,0.0,0.5,0.0,0.058823529411764705,2
D,0.7679987027533314,0.20931637315351206,6,3.469953290379575,1.0,0.4,0.16666666666666666,0.0,0.0,0.0,2
E,0.562184760802578,0.9825560831235066,17,48.912932110636085,1.0,0.9,0.8333333333333334,1.0,0.0,0.4117647058823529,4
F,0.562084554508555,0.9812533430650943,17,49.093135462537816,1.0,1.0,0.8333333333333334,1.0,0.4117647058823529,0.0,4
