models,delta,spacing,onvg,hypervolume,c_A,c_B,c_C,c_D,c_E,c_F,score
A,0.8421052851712626,0.8944221758426065,5,0.022780829020160206,0.0,0.0,0.0,0.0,0.0,0.0,0
B,0.5263159433780297,0.00024847271304265917,10,0.04157229940800466,1.0,0.0,0.5,0.3333333333333333,0.058823529411764705,0.0,2
C,0.736842175145301,0.00010502637443250413,6,0.0236972352500359,1.0,0.4,0.0,0.5,0.0,0.058823529411764705,2
D,0.7684211111288204,0.00020931637315352116,6,0.02834751083037958,1.0,0.4,0.16666666666666666,0.0,0.0,0.0,2
E,0.15789967094552557,0.0009825560831235166,17,0.11525308555063607,1.0,0.9,0.8333333333333334,1.0,0.0,0.4117647058823529,4
F,0.15789970598875844,0.0009812533430651252,17,0.11543328890253782,1.0,1.0,0.8333333333333334,1.0,0.4117647058823529,0.0,4
