models,delta,spacing,onvg,hypervolume,c_A,c_B,c_C,c_D,c_E,c_F,score
A,0.8421052851712626,0.8944221758426065,5,0.022780829020160206,0.0,0.0,0.0,0.0,0.0,0.0,0
B,0.6842106088477069,0.00010167969649461552,7,0.025473695539940465,1.0,0.0,0.4,0.625,0.0,0.0,2
C,0.789473735925766,0.894478312144435,5,0.030760079016906063,1.0,0.42857142857142855,0.0,0.625,0.0,0.0,3
D,0.6315790606309427,9.892096317906733e-05,8,0.031364556453782125,1.0,0.2857142857142857,0.2,0.0,0.07142857142857142,0.0,1
E,0.31578981801888595,0.00043601945900077294,14,0.07289603294020833,1.0,1.0,1.0,0.875,0.0,0.11764705882352941,4
F,0.15789970677454143,0.000981447741076434,17,0.11543490637331266,1.0,1.0,1.0,1.0,0.5714285714285714,0.0,5
