models,delta,spacing,onvg,hypervolume,c_A,c_B,c_C,c_D,c_E,score
A,0.9497487455214985,0.7071163416971927,9,0.33199653309222654,0.0,0.0,0.0,0.0,0.0,0
B,0.87611971265896,0.9314527728871063,24,1.5702743543889506,0.5555555555555556,0.0,0.0,0.0,0.0,1
C,0.9497487461173302,0.6742428410080278,11,0.41366103331322157,1.0,0.5416666666666666,0.0,0.3125,0.0,3
D,0.9463986635850218,1.1832734026218694,16,0.845257427550945,1.0,1.0,0.0,0.0,0.0,2
E,0.5625496232055235,0.6200699488402244,77,2.915747282473576,1.0,1.0,1.0,0.9375,0.0,4
