models,delta,spacing,onvg,hypervolume,c_A,c_B,c_C,c_D,c_E,score
A,0.9763101220769962,1.0689794744330952,8,0.37127440435137204,0.0,0.0,0.0,0.0,0.0,0
B,0.8731155799643734,1.269042413563078,17,1.245361613505396,0.875,0.0,0.0,0.0,0.0,1
C,0.9123394793093471,1.6193280736455606,10,0.6200537917285489,1.0,0.47058823529411764,0.0,0.10526315789473684,0.0,3
D,0.9262981611801079,1.2282431359049846,19,1.3364952116653623,1.0,1.0,0.0,0.0,0.0,2
E,0.6132131943201686,0.7320037008538756,69,2.579733487336949,1.0,0.8235294117647058,1.0,0.2631578947368421,0.0,4
