models,igd,delta,spacing,onvg,hypervolume,c_A,c_B,c_C,c_D,c_E,score
A,0.9273618680037667,0.7894737120678368,0.000328242701982147,5,0.020223561687240266,0.0,0.0,0.0,0.0,0.0,0
B,0.7615773255334328,0.7684210961586729,0.00010218278172812055,6,0.02439181398288529,1.0,0.0,0.25,0.3,0.0,1
C,0.5196152590390744,0.6992481706586493,0.35367063065926696,8,0.040861308729417845,1.0,0.3333333333333333,0.0,0.4,0.0,3
D,0.4636809378267143,0.5672515610480349,0.00013477378149380349,10,0.042298966599469676,1.0,0.3333333333333333,0.375,0.0,0.0,2
E,0.0002567148059399341,6.722976034611083e-06,0.000911323155492314,20,0.12684238176369889,1.0,1.0,1.0,1.0,0.0,4
