models,delta,spacing,onvg,hypervolume,time,c_Prufer,c_NetKeys,c_Prim,c_Kruskal,c_GPrim,score
Prufer,0.9365858865272032,inf,8.166666666666668,0.6256067824278161,191.79928881327314,0.0,0.08787822299819203,0.01771152458652459,0.019810123835859127,0.0,0.15833333333333333
NetKeys,0.9435809819931548,inf,8.608333333333333,0.6907534292134924,484.9600938220819,0.6952364383982031,0.0,0.2890767797017797,0.1853255506032209,0.0003472222222222221,1.4833333333333336
Prim,0.9433485983436855,inf,7.191666666666667,0.6529129996358604,118.2318475663662,0.8886400568385864,0.35577152071927615,0.0,0.1987727903546402,0.0,1.9333333333333333
Kruskal,0.9252269232302802,inf,9.55,0.7387678386824791,182.56982401410735,0.8067634544105133,0.5117563223813224,0.3299281505531505,0.0,0.0027748778998779,2.191666666666667
GPrim,0.8875875046740039,0.0746859809316764,40.90833333333334,0.8356425256902699,191.87090843717257,1.0,0.9992424242424244,1.0,0.9818011451554408,0.0,4.0
