models,delta,spacing,onvg,hypervolume,c_A,c_B,c_C,c_D,c_E,score
A,0.9461279482367243,1.7320968981049136,7,0.15447304127785239,0.0,0.0,0.0,0.0,0.0,0
B,0.9865319845486454,4.913485748643789,7,0.24944808749876274,1.0,0.0,0.42857142857142855,0.3125,0.0,3
C,0.9393939421731935,2.1381137821415215,7,0.1750396179806121,1.0,0.2857142857142857,0.0,0.375,0.0,2
D,0.8383838491636729,0.6020481641324466,16,0.34958261450709116,1.0,0.2857142857142857,0.14285714285714285,0.0,0.0,1
E,0.8490164897792931,0.3077868051723937,20,0.3100332026833473,1.0,0.8571428571428571,1.0,0.5,0.0,4
