models,igd,delta,spacing,onvg,hypervolume,c_A,c_B,c_C,c_D,c_E,score
A,0.6082762680116197,0.7192982579231793,0.48794827874670477,7,0.015875105004125666,0.0,0.0,0.0,0.0,0.0,0
B,0.6082762606458848,0.6992480564612205,0.7069897226269742,8,0.03374577488609405,1.0,0.0,0.7777777777777778,0.6666666666666666,0.1,3
C,0.6519202517475864,0.5789473968565494,6.04172306643565e-05,9,0.017473947506250948,1.0,0.0,0.0,0.2222222222222222,0.0,1
D,0.7382411601364331,0.5789473981738688,0.0001438253291162069,9,0.020301123654116786,1.0,0.25,0.4444444444444444,0.0,0.05,2
E,6.690183607594317e-05,6.123607666789688e-06,0.0004589279347973592,20,0.06293074104355902,1.0,0.625,1.0,0.8888888888888888,0.0,4
