models,delta,spacing,onvg,hypervolume,c_A,c_B,c_C,c_D,c_E,c_F,score
A,0.8421052050313681,0.8942194247215188,5,0.030470572501767053,0.0,0.0,0.0,0.0,0.0,0.0,0
B,0.5789474453671022,6.492204633859232e-05,9,0.03169093315145811,1.0,0.0,0.4444444444444444,0.2,0.0,0.0,1
C,0.6315790166529791,0.4409325487483901,9,0.039948256176013996,1.0,0.5555555555555556,0.0,0.4,0.125,0.0,3
D,0.5847954048624386,0.00015629445277751602,10,0.04773329724336165,1.0,0.3333333333333333,0.3333333333333333,0.0,0.0,0.0,2
E,0.2561414580580509,0.0001441844358880906,16,0.06759343116028402,1.0,0.8888888888888888,0.7777777777777778,1.0,0.0,0.1111111111111111,4
F,0.10526457120015409,0.0003333843125575931,18,0.0808257239978758,1.0,1.0,1.0,1.0,0.5,0.0,5
