models,delta,spacing,onvg,hypervolume,c_A,c_B,c_C,c_D,c_E,c_F,score
A,0.7909803016067316,0.8124114133681999,5,5.818710562189466,0.0,0.0,0.0,0.0,0.0,0.0,0
B,0.48835659300016787,0.12242669078866572,11,-0.272036086048022,1.0,0.0,0.0,0.14285714285714285,0.0,0.0,1
C,0.6685184829810723,0.14256880309474484,8,-0.07416379325937328,1.0,0.7272727272727273,0.0,0.42857142857142855,0.05263157894736842,0.1,3
D,0.3545514922925472,0.16926011516913175,14,2.190901797291559,1.0,0.7272727272727273,0.125,0.0,0.0,0.05,2
E,0.2966070702242784,0.38857402956831166,19,22.9784153163614,1.0,1.0,0.875,1.0,0.0,0.35,5
F,0.48047918014680846,0.9063756213323076,20,53.60706641684489,1.0,0.9090909090909091,0.75,0.9285714285714286,0.3157894736842105,0.0,4
