models,delta,spacing,onvg,hypervolume,c_A,c_B,c_C,c_D,c_E,score
A,0.9899497483601564,0.5772327599622896,3,0.08828647484157415,0.0,0.0,0.0,0.0,0.0,0
B,0.9278746359050514,1.1494624417265886,18,1.4320480542761778,1.0,0.0,0.1,0.16666666666666666,0.0,1
C,0.9597989963542323,0.4215966741800848,10,0.5024001120218147,1.0,0.1111111111111111,0.0,0.08333333333333333,0.0,2
D,0.8857926058474004,1.5570716330259748,12,0.7690520236364358,1.0,0.7777777777777778,0.4,0.0,0.0,3
E,0.8968756873283167,1.4440028886018952,24,0.8486166198535183,1.0,0.4444444444444444,1.0,0.4166666666666667,0.0,4
