models,delta,spacing,onvg,hypervolume,c_A,c_B,c_C,c_D,c_E,score
A,0.9899497483310633,0.5772285518987604,3,0.08865819241311779,0.0,0.0,0.0,0.0,0.0,0
B,0.9095477038056835,0.6839456807910522,19,1.1373368798359356,0.6666666666666666,0.0,0.6363636363636364,0.29411764705882354,0.0,2
C,0.9557788957552852,0.6741467089774891,11,0.49156040439174986,1.0,0.0,0.0,0.11764705882352941,0.0,1
D,0.908291464041776,0.7018801089609052,17,1.0222908135467466,1.0,0.7894736842105263,0.36363636363636365,0.0,0.0,3
E,0.6293797965144027,0.5311478468719394,74,2.5480957488398266,1.0,0.42105263157894735,1.0,0.35294117647058826,0.0,4
