models,delta,spacing,onvg,hypervolume,c_A,c_B,c_C,c_D,c_E,c_F,score
A,0.7444974651175185,0.09909108025828668,6,-0.5183419906043589,0.0,0.0,0.0,0.0,0.0,0.0,0
B,0.7502426734117098,0.07405646609584075,6,1.1621128261510592,1.0,0.0,0.25,0.25,0.0,0.0,1
C,0.8456486102415747,0.17847905492738245,4,1.6649752486368286,1.0,0.6666666666666666,0.0,0.5,0.0,0.0,2
D,0.8443681205534327,0.10242047475794484,4,0.20010809939164176,1.0,0.6666666666666666,0.5,0.0,0.0,0.0625,2
E,0.5027105004631737,0.43622611200195693,14,18.449777776834033,1.0,0.8333333333333334,1.0,1.0,0.0,0.5,5
F,0.5904620963609556,1.0057129839051433,16,49.492026904971,1.0,1.0,1.0,0.75,0.2857142857142857,0.0,4
