models,igd,delta,spacing,onvg,hypervolume,c_A,c_B,c_C,c_D,c_E,score
A,0.8381527708026825,0.8157894984146375,0.0001035322737732502,5,0.02047747559081464,0.0,0.0,0.0,0.0,0.0,0
B,0.6538348777059454,0.6691729845771378,0.0002632557753376097,8,0.03635044540180529,1.0,0.0,0.16666666666666666,0.14285714285714285,0.0,1
C,0.7017834801942059,0.7578947779948042,0.5163234975144978,6,0.030256864839459826,1.0,0.625,0.0,0.0,0.0,2
D,0.8874119937362946,0.6842105995742046,0.0002532664112285619,7,0.029821230595712782,1.0,0.875,0.8333333333333334,0.0,0.0,3
E,0.37080994707311127,0.2631620719204984,0.0010349761242164645,15,0.10792179421046981,1.0,1.0,1.0,0.8571428571428571,0.0,4
