models,delta,spacing,onvg,hypervolume,c_A,c_B,c_C,c_D,c_E,c_F,score
A,0.7444974651175185,0.09909108025828668,6,-0.5183419906043589,0.0,0.0,0.0,0.0,0.0,0.0,0
B,0.5934460051939955,0.08887223568898292,9,0.7666745296501638,1.0,0.0,0.4,0.4,0.0,0.0,2
C,0.7981002392585742,0.25519930894019477,5,5.010179277931428,1.0,0.3333333333333333,0.0,0.4,0.0,0.0,1
D,0.8080506021084463,0.4421582008278154,5,6.583372059447392,1.0,0.4444444444444444,0.4,0.0,0.0,0.0,2
E,0.6196129405647893,1.0367307876840746,15,49.9371445880726,1.0,1.0,1.0,1.0,0.0,0.7368421052631579,5
F,0.5067364012990456,0.9338887652346131,19,48.31789529339348,1.0,1.0,1.0,1.0,0.0,0.0,4
