models,delta,spacing,onvg,hypervolume,time,c_Prufer,c_NetKeys,c_Prim,c_Kruskal,c_GPrim,score
Prufer,0.9623405061154695,0.006356552000356899,6,0.49038856011345916,588.1564230918884,0.0,0.0,0.0,0.0,0.0,0
NetKeys,0.991722202786487,0.01521641668755745,3,0.5218110352111384,1465.4034044742584,1.0,0.0,0.5,0.0,0.0,2
Prim,0.9796079476721811,0.014066231085785797,6,0.5335441198685875,287.8826358318329,1.0,0.0,0.0,0.0,0.0,1
Kruskal,0.9342452949441211,0.0,2,0.6148376824514284,475.24570298194885,0.8333333333333334,0.0,0.3333333333333333,0.0,0.0,2
GPrim,0.9441521806342134,0.0018192488947188223,25,0.762858949910322,732.7294473648071,1.0,1.0,1.0,1.0,0.0,4
