models,delta,spacing,onvg,hypervolume,time,c_A,c_B,c_C,c_D,c_E,score
A,0.9599897272717922,0.022328029394871298,5,0.06666517599349583,677.7911806106567,0.0,0.0,0.0,0.5,0.0,1
B,0.9790278664989485,0.003813064125542882,10,0.045530069108806956,1511.501861333847,1.0,0.0,0.5,1.0,0.0,3
C,0.9735074316164253,0.0059722708172735,4,0.029809951827810294,300.25483107566833,1.0,0.0,0.0,1.0,0.0,2
D,0.9853375649172478,0.004433679730861462,4,0.054239153496924264,645.3079791069031,0.0,0.0,0.0,0.0,0.0,0
E,0.9415769813981085,0.005023388131883606,24,0.1168960663711726,537.920289516449,1.0,1.0,1.0,1.0,0.0,4
