models,delta,spacing,onvg,hypervolume,time,c_Prufer,c_NetKeys,c_Prim,c_Kruskal,c_GPrim,score
Prufer,0.9599897272717922,0.022328029394871298,5,0.519617707973349,677.7911806106567,0.0,0.0,0.0,0.5,0.0,1
NetKeys,0.9790278664989485,0.003813064125542882,10,0.6694770496979944,1511.501861333847,1.0,0.0,0.5,1.0,0.0,3
Prim,0.9735074316164253,0.0059722708172735,4,0.5719820506156348,300.25483107566833,1.0,0.0,0.0,1.0,0.0,2
Kruskal,0.9853375649172478,0.004433679730861462,4,0.5645798861095035,645.3079791069031,0.0,0.0,0.0,0.0,0.0,0
GPrim,0.9415769813981085,0.005023388131883606,24,0.7678034246029585,537.920289516449,1.0,1.0,1.0,1.0,0.0,4
