models,delta,spacing,nds,hypervolume,c_guided prim,c_guided prim2,c_kruskal,c_netkeys,c_prim,c_prufer,score
guided prim,4.278171536370445e-05,0.006328699466823458,9,7.448470059546052,0.0,0.5555555555555556,1.0,1.0,1.0,1.0,5
guided prim2,0.6562498745679471,0.9997711921565849,9,6.101821119727051,0.1111111111111111,0.0,1.0,1.0,1.0,1.0,4
kruskal,inf,inf,1,,0.0,0.0,0.0,0.0,0.0,0.0,0
netkeys,inf,inf,1,,0.0,0.0,0.0,0.0,0.0,0.0,0
prim,2.670248407573202e-08,0.00010091574199997567,4,1.546283868502539,0.0,0.0,1.0,1.0,0.0,1.0,3
prufer,inf,inf,1,,0.0,0.0,0.0,0.0,0.0,0.0,0
