models,delta,spacing,onvg,hypervolume,"c_1.6.9.0.4.0_(0.9, 0.1)","c_1.6.9.0.4.1_(0.8, 0.2)","c_1.6.9.0.4.2_(0.8, 0.1)","c_1.6.9.0.4.3_(0.7, 0.2)",score
"1.6.9.0.4.0_(0.9, 0.1)",0.4840733826535903,0.014688237646266639,21.4,0.24894352983437398,0.0,0.48738982729977476,0.37712079847683566,0.3173303394232187,1.6600000000000001
"1.6.9.0.4.1_(0.8, 0.2)",0.6421232344675075,0.011530563459024703,15.26,0.1044672341363982,0.192892522370732,0.0,0.17048806354750626,0.16292342092032494,0.30000000000000004
"1.6.9.0.4.2_(0.8, 0.1)",0.47905160966717253,0.006188504636023168,21.619999999999997,0.2593140232045088,0.40099908725491246,0.49491249361532696,0.0,0.35565929655712936,1.8
"1.6.9.0.4.3_(0.7, 0.2)",0.4642270269183998,0.014765670159549823,22.02,0.2781461524290302,0.4524290349536325,0.5201705444174686,0.435724754067169,0.0,2.2399999999999998
