models,igd,delta,spacing,onvg,hypervolume,time,c_Prufer,c_NetKeys,c_Prim,c_Kruskal,c_GPrim,score
Prufer,0.08710899562499687,0.7869126237122055,0.06420639250468306,9,0.5863583252649474,17.0186505317688,0.0,0.0,0.1111111111111111,0.0,0.0,0
NetKeys,0.04371587211532718,0.9029988274818542,0.1671514987552495,11,1.617673006208961,22.493900537490845,0.6666666666666666,0.0,0.4444444444444444,0.1111111111111111,0.0,2
Prim,0.0812844349079076,0.7896362279368623,0.07031114875569676,9,0.6150051171585058,17.68555450439453,0.7777777777777778,0.18181818181818182,0.0,0.1111111111111111,0.0,1
Kruskal,0.08669709014481061,0.7476526634685087,0.04476024484478819,9,0.6264636096849167,19.739959239959717,0.8888888888888888,0.36363636363636365,0.7777777777777778,0.0,0.0,3
GPrim,0.0003016244711747303,0.9159566318321046,0.23721815344834005,20,2.476431507468768,24.540587902069092,0.8888888888888888,0.9090909090909091,0.7777777777777778,0.5555555555555556,0.0,4
