models,igd,delta,spacing,onvg,hypervolume,time,c_A,c_B,c_C,c_D,c_E,score
A,0.05937102125639274,0.850576932632149,0.03923914675327012,5,0.1562323084308242,13.903090953826904,0.0,0.0,0.0,0.0,0.0,0
B,0.041861175131520045,0.709746585168398,0.04148833692190474,11,0.3611560498701783,23.49534249305725,1.0,0.0,0.2,0.125,0.0,1
C,0.050288958916586655,0.7437023845307744,0.019864939520938815,10,0.2618009605744712,17.729429960250854,1.0,0.45454545454545453,0.0,0.125,0.0,2
D,0.053833937587434454,0.7943358263255224,0.025763725483727656,8,0.21521555438433226,20.821561813354492,1.0,0.45454545454545453,0.2,0.0,0.0,3
E,0.011022490064525324,0.642816661083212,0.11757215304854508,20,0.8064728610524402,25.25934672355652,1.0,1.0,0.4,0.375,0.0,4
