models,delta,spacing,onvg,hypervolume,time,c_Prufer,c_NetKeys,c_Prim,c_Kruskal,c_GPrim,score
Prufer,0.9288026156977545,0.0156453634536496,12,0.7446550803667419,131.97209692001343,0.0,0.0,0.0,0.0,0.0,0
NetKeys,0.95545923627627,0.005479479666324275,11,0.7831210836789535,376.44516038894653,1.0,0.0,0.7,0.5,0.0,3
Prim,0.9547772588113407,0.006165562132921966,10,0.7138482527746687,158.18355679512024,0.6666666666666666,0.0,0.0,0.1875,0.0,1
Kruskal,0.8950317561375603,0.013484318811668852,16,0.8548578385609068,199.31243109703064,0.9166666666666666,0.09090909090909091,0.2,0.0,0.0,2
GPrim,0.7841340905910689,0.003529099057093125,96,0.913572110976121,208.44053530693054,1.0,1.0,1.0,1.0,0.0,4
