models,igd,delta,spacing,onvg,hypervolume,c_A,c_B,c_C,c_D,c_E,score
A,0.7615773212857524,0.7684210604354454,0.4083099127204992,6,0.013297706068972633,0.0,0.0,0.0,0.0,0.0,0
B,0.6224949888746317,0.6184210767655957,0.33344705979292005,9,0.02142804777438871,0.8333333333333334,0.0,0.0,0.1111111111111111,0.0,1
C,0.7648529354944381,0.6315789706958098,0.0001419880217785145,8,0.01685870902673451,1.0,0.6666666666666666,0.0,0.1111111111111111,0.05,2
D,0.7382411651719595,0.578947451324198,0.0005272361029182396,9,0.02900054816439889,1.0,0.7777777777777778,0.5,0.0,0.05,3
E,6.719314226258148e-05,5.81696883868599e-06,0.0004580226887374926,20,0.06294948873493464,1.0,1.0,0.875,0.7777777777777778,0.0,4
