models,igd,delta,spacing,onvg,hypervolume,c_A,c_B,c_C,c_D,c_E,score
A,0.051256981386256464,0.8542309352115687,0.04034155133610651,6,0.1567602230223456,0.0,0.0,0.0,0.0,0.0,0
B,0.03426774104576226,0.6976173174797888,0.02273744632501572,11,0.3137414917178265,0.8333333333333334,0.0,0.21428571428571427,0.06666666666666667,0.0,2
C,0.036266824282326304,0.6289166658322289,0.000707891550327194,14,0.3288040809553031,0.8333333333333334,0.18181818181818182,0.0,0.13333333333333333,0.0,1
D,0.02141291188975076,0.6007746719841512,0.03784878569665133,15,0.47557672606691365,0.8333333333333334,0.45454545454545453,0.2857142857142857,0.0,0.0,3
E,0.016962038414045685,0.6432924565280986,0.11753800332848315,20,0.8061963717014569,0.8333333333333334,0.6363636363636364,0.5,0.6,0.0,4
