models,delta,spacing,onvg,hypervolume,time,c_A,c_B,c_C,c_D,c_E,score
A,0.9631471347213051,0.0026723145044776557,8,0.04366442263734285,663.5402638912201,0.0,0.0,0.0,0.0,0.0,0
B,0.9616462202388651,0.0020287307756209076,15,0.04665404464604395,1541.1478412151337,1.0,0.0,1.0,1.0,0.0,3
C,0.9804971964536402,0.0033963969714217545,5,0.0226241349571131,300.96111035346985,0.875,0.0,0.0,0.0,0.0,1
D,0.9940535689123536,0.0,2,0.004786137864524226,633.9642643928528,0.75,0.0,0.6,0.0,0.0,2
E,0.9439418343698934,0.0015427671865682546,25,0.085414480595574,548.534675359726,1.0,1.0,1.0,1.0,0.0,4
