models,delta,spacing,onvg,hypervolume,time,c_Prufer,c_NetKeys,c_Prim,c_Kruskal,c_GPrim,score
Prufer,0.9506789331604525,0.011025257564655451,5,0.4573063505626357,598.7643859386444,0.0,0.1111111111111111,0.0,0.0,0.0,0
NetKeys,0.9300595902603682,0.04662738317143631,9,0.5111483080783658,1467.7480521202087,0.2,0.0,0.0,0.0,0.0,1
Prim,0.9803720903479676,0.009890924975658032,4,0.5453474621845917,289.4284677505493,1.0,1.0,0.0,0.0,0.0,2
Kruskal,0.9691206757274503,0.009326324365187863,4,0.5737507727317124,480.5306224822998,0.2,1.0,0.5,0.0,0.0,3
GPrim,0.9458761946175422,0.003883508199198023,20,0.7378766535520866,714.1239454746246,1.0,1.0,1.0,1.0,0.0,4
