models,delta,spacing,onvg,hypervolume,time,c_Prufer,c_NetKeys,c_Prim,c_Kruskal,c_GPrim,score
Prufer,0.9725484713589947,0.007062348139482883,8,0.4981135168083683,619.8456664085388,0.0,0.0,0.0,0.0,0.0,0
NetKeys,0.9804472842492339,0.001962810465128614,7,0.6123325496790699,1506.4180793762207,1.0,0.0,1.0,1.0,0.0,3
Prim,0.9632818220043998,0.007236270676306696,3,0.5721965706458172,293.2402765750885,1.0,0.0,0.0,0.75,0.0,2
Kruskal,0.9952134571757705,0.032921696116499546,4,0.6033660083686658,481.2213833332062,0.625,0.0,0.0,0.0,0.0,1
GPrim,0.9669455356079191,0.002101688252245574,23,0.7854744922675267,763.7255222797394,1.0,1.0,1.0,1.0,0.0,4
