models,delta,spacing,onvg,hypervolume,c_A,c_B,c_C,c_D,c_E,score
A,0.8989899035555694,1.3972675081247394,7,0.16930006454096683,0.0,0.0,0.0,0.0,0.0,0
B,0.9026629915750152,1.1381040608817643,12,0.33799109770404756,1.0,0.0,0.09090909090909091,0.15789473684210525,0.0,1
C,0.8808080873172426,0.8090597154245106,11,0.20033834013739105,1.0,0.25,0.0,0.05263157894736842,0.0,2
D,0.7991021495526452,0.696681474025173,19,0.4316443618958396,1.0,0.5,0.6363636363636364,0.0,0.0,3
E,0.8181818321126162,0.8426180976515887,25,0.4349050557051614,1.0,0.75,1.0,0.5789473684210527,0.0,4
