models,delta,spacing,onvg,hypervolume,c_A,c_B,c_C,c_D,c_E,score
A,0.8989899035555694,1.3972675081247394,7,0.16930006454096683,0.0,0.0,0.0,0.0,0.0,0
B,0.9797979776106812,1.666687059198833,9,0.24588316504771005,1.0,0.0,0.3,0.2727272727272727,0.0,1
C,0.939393943265768,0.9718144563802399,10,0.20047644102714485,1.0,0.3333333333333333,0.0,0.4090909090909091,0.0,3
D,0.8239538078622926,0.5283697497232093,22,0.5376390416707243,1.0,0.4444444444444444,0.2,0.0,0.0,2
E,0.5355442026853205,0.26434492971774215,54,0.6986353320008691,1.0,1.0,1.0,0.9090909090909091,0.0,4
