models,delta,spacing,onvg,hypervolume,c_A,c_B,c_C,c_D,c_E,score
A,0.9303620210600672,0.015017578887861878,7,0.08506685988391459,0.0,0.0,0.0,0.0,0.0,0
B,0.9603741513852142,0.018955162365604784,9,0.12354696264079487,1.0,0.0,0.3,0.2727272727272727,0.0,1
C,0.9568252666055016,0.009706436253421664,10,0.10073180636475972,1.0,0.3333333333333333,0.0,0.4090909090909091,0.0,3
D,0.8815661884255229,0.02352474235011775,22,0.2701432226262306,1.0,0.4444444444444444,0.2,0.0,0.0,2
E,0.9526783771684432,0.06605529083837855,64,0.8144782404781867,1.0,1.0,1.0,1.0,0.0,4
