models,delta,spacing,onvg,hypervolume,time,c_A,c_B,c_C,c_D,c_E,score
A,0.923076868751192,0.0,2,0.061910970612597434,22.621703624725342,0.0,0.0,0.0,0.0,0.0,0
B,0.9487179618570556,0.0006051978925407793,3,0.03412027522359116,50.83167219161987,1.0,0.0,0.5,0.3333333333333333,0.0,2
C,0.923076939257258,0.0002883582857684869,4,0.04394503964380579,39.700939893722534,1.0,0.3333333333333333,0.0,0.3333333333333333,0.0,1
D,0.9487179234824082,1.1541120042615483,3,0.05067933993340928,51.90024423599243,1.0,0.3333333333333333,0.5,0.0,0.0,2
E,0.7948724966664563,0.002507022834435563,9,0.3074124043045728,70.8633029460907,1.0,1.0,1.0,1.0,0.0,4
