models,delta,spacing,onvg,hypervolume,time,c_A,c_B,c_C,c_D,c_E,score
A,0.8284993694002701,0.0,2,0.09857442788018372,22.621703624725342,0.0,0.0,0.0,0.0,0.0,0
B,0.9676529688261298,0.03854375754164652,3,0.05432618122442322,50.83167219161987,1.0,0.0,0.5,0.3333333333333333,0.0,2
C,0.9395365395570908,0.01836492160460632,4,0.06996913629680228,39.700939893722534,1.0,0.3333333333333333,0.0,0.3333333333333333,0.0,1
D,0.908315369887716,0.008614963953836444,3,0.0806914653388533,51.90024423599243,1.0,0.3333333333333333,0.5,0.0,0.0,2
E,0.9573434160954138,0.15966691469492858,9,0.4894609400846487,70.8633029460907,1.0,1.0,1.0,1.0,0.0,4
