models,igd,delta,spacing,onvg,hypervolume,time,c_Prufer,c_NetKeys,c_Prim,c_Kruskal,c_GPrim,score
Prufer,0.0856240879232151,0.7864374623944743,0.06893194448039398,10,0.5880485135093089,16.97077775001526,0.0,0.5,0.14285714285714285,0.1111111111111111,0.0,1
NetKeys,0.09047778878103525,0.7971355721129585,0.04892576915122936,8,0.6209095566407534,23.00672173500061,0.3,0.0,0.14285714285714285,0.0,0.0,0
Prim,0.0988996663863804,0.8368519916954242,0.03805897122445675,7,0.5933682095952051,18.18999195098877,0.5,0.625,0.0,0.2222222222222222,0.1,2
Kruskal,0.078571094923482,0.748195419197165,0.0750694410343072,9,0.6410934157612116,19.60765552520752,0.5,1.0,0.5714285714285714,0.0,0.0,3
GPrim,0.0007299280908953397,0.912564788580313,0.2378488322445378,20,2.4920642462673728,24.685604333877563,0.8,1.0,0.7142857142857143,0.5555555555555556,0.0,4
