models,igd,delta,spacing,onvg,hypervolume,time,c_Prufer,c_NetKeys,c_Prim,c_Kruskal,c_GPrim,score
Prufer,0.050187131365707696,0.7522348297032306,0.03190815532843231,10,0.6444006205670968,19.0602924823761,0.0,0.07692307692307693,0.2727272727272727,0.0,0.0,0
NetKeys,0.03848560538761911,0.6621767398471541,0.022361132456069622,13,0.7160297022464673,24.108181476593018,0.3,0.0,0.36363636363636365,0.15384615384615385,0.0,2
Prim,0.04444012606240405,0.7166123689491433,0.03336014453341416,11,0.6396130617054591,17.61064863204956,0.3,0.15384615384615385,0.0,0.15384615384615385,0.0,1
Kruskal,0.0485366938128184,0.6529567517660517,0.014146072437423487,13,0.6496728709542151,20.363991737365723,0.5,0.3076923076923077,0.36363636363636365,0.0,0.05,3
GPrim,0.00014652115782005898,0.6424364436464913,0.11768139612905007,20,0.7940934951987528,25.320028066635132,0.6,0.6923076923076923,0.6363636363636364,0.46153846153846156,0.0,4
