models,igd,delta,spacing,onvg,hypervolume,time,c_Prufer,c_NetKeys,c_Prim,c_Kruskal,c_GPrim,score
Prufer,0.04056631318247557,0.7522348297032306,0.03190815532843231,10,0.8681252630382071,19.0602924823761,0.0,0.07692307692307693,0.2727272727272727,0.0,0.0,0
NetKeys,0.03006463162017552,0.6621767398471541,0.022361132456069622,13,1.237506652775968,24.108181476593018,0.3,0.0,0.36363636363636365,0.15384615384615385,0.0,2
Prim,0.03613118473621867,0.7166123689491433,0.03336014453341416,11,0.8962648455442097,17.61064863204956,0.3,0.15384615384615385,0.0,0.15384615384615385,0.0,1
Kruskal,0.038443934468074786,0.6529567517660517,0.014146072437423487,13,0.9247162357870553,20.363991737365723,0.5,0.3076923076923077,0.36363636363636365,0.0,0.05,3
GPrim,0.016976051427676015,0.6424364436464913,0.11768139612905007,20,1.4333047675894734,25.320028066635132,0.6,0.6923076923076923,0.6363636363636364,0.46153846153846156,0.0,4
