models,delta,spacing,onvg,hypervolume,c_A,c_B,c_C,c_D,c_E,score
A,0.9631486492238487,0.02090777520705918,3,0.04967120188418664,0.0,0.0,0.0,0.0,0.0,0
B,0.9017879117052781,0.0267283658306338,9,0.1690187032205768,1.0,0.0,0.36363636363636365,0.36363636363636365,0.0,2
C,0.8582836718614991,0.008046695510932008,11,0.15676020937045973,1.0,0.2222222222222222,0.0,0.2727272727272727,0.0,1
D,0.8241453181003996,0.029020778017917918,11,0.24854877574822704,1.0,0.4444444444444444,0.2727272727272727,0.0,0.0,2
E,0.9256879298651081,0.11260615467813063,23,0.6864439866653507,1.0,1.0,1.0,1.0,0.0,4
