models,delta,spacing,onvg,hypervolume,time,c_A,c_B,c_C,c_D,c_E,score
A,0.902309801163411,0.017767655013852697,6,0.1067873412854411,17.502116680145264,0.0,0.0,0.0,0.0,0.0,0
B,0.8597955418987995,0.01976282263865893,11,0.19701875269741287,23.10929036140442,1.0,0.0,0.6,0.3,0.041666666666666664,2
C,0.8672126931021414,0.0039297137896178915,10,0.1404179206254618,27.936660051345825,1.0,0.18181818181818182,0.0,0.1,0.0,1
D,0.8692272039910375,0.018320229995194122,10,0.17111719554785096,35.099456787109375,1.0,0.45454545454545453,0.6,0.0,0.0,3
E,0.7468469935629367,0.04349238613816001,24,0.48637818292889534,41.14487957954407,1.0,0.9090909090909091,1.0,1.0,0.0,4
