models,delta,spacing,onvg,hypervolume,time,c_Prufer,c_NetKeys,c_Prim,c_Kruskal,c_GPrim,score
Prufer,0.9428461658854721,0.026419626451047697,7,0.48345830861196404,620.0930190086365,0.0,0.2,0.0,0.0,0.0,0
NetKeys,0.9660982349330305,0.027555966792108276,5,0.4875247109212667,1456.4803471565247,0.42857142857142855,0.0,0.0,0.0,0.0,1
Prim,0.9711003582975934,0.006376068227904694,6,0.5344628751422462,285.29908990859985,1.0,1.0,0.0,0.75,0.0,3
Kruskal,0.9833529271234417,0.08857772462132767,4,0.5083077509898128,480.48655676841736,0.7142857142857143,1.0,0.0,0.0,0.0,2
GPrim,0.9700437941765282,0.0030132173080251626,20,0.7859103051454328,785.4529280662537,1.0,1.0,1.0,1.0,0.0,4
