models,delta,spacing,onvg,hypervolume,time,c_A,c_B,c_C,c_D,c_E,score
A,0.9668065881276332,0.0082277495075948,11,0.051778729628818215,679.8074297904968,0.0,0.0,0.0,0.0,0.0,0
B,0.9636458722820104,0.005735134323290966,11,0.06938734140714478,1513.5168721675873,0.8181818181818182,0.0,0.0,0.0,0.0,1
C,0.9818718259307782,0.0046561344671133195,5,0.025022194596962144,304.082355260849,0.8181818181818182,0.18181818181818182,0.0,0.0,0.0,2
D,0.9904631099236808,0.0014868679543446621,4,0.04123168526395213,474.54716181755066,0.5454545454545454,0.5454545454545454,0.6,0.0,0.0,3
E,0.9441918270702809,0.0030312974137711307,24,0.11653514387593851,547.9554572105408,1.0,1.0,1.0,1.0,0.0,4
