models,delta,spacing,onvg,hypervolume,c_A,c_B,c_C,c_D,c_E,c_F,score
A,0.9782244558505719,0.3780673161070204,7,0.3701971776760752,0.0,0.0,0.0,0.0,0.0,0.0,0
B,0.9770279905159333,0.7367082763370244,15,1.3012058953739285,0.5714285714285714,0.0,0.0,0.0,0.0,0.0,1
C,0.960572092730995,0.6112287043989582,14,0.6217696395903434,1.0,0.6,0.0,0.0,0.0,0.0,2
D,0.882268496541414,1.1357973427973098,22,1.0573745927487062,1.0,1.0,0.35714285714285715,0.0,0.0,0.0,3
E,0.5078248751861864,0.5562907019678501,71,2.856129238937136,1.0,1.0,1.0,0.5,0.0,0.07,4
F,0.5427643747666999,0.48938099775254595,100,3.219361222488607,1.0,1.0,1.0,0.9545454545454546,0.5492957746478874,0.0,5
