models,delta,spacing,onvg,hypervolume,c_A,c_B,c_C,c_D,c_E,score
A,0.9704020538562198,0.020043183371174316,5,0.03337507374071773,0.0,0.0,0.0,0.0,0.0,0
B,1.0,inf,1,0.0,1.0,0.0,0.5,0.0,0.0,2
C,0.984093440247418,0.01719693113698457,4,0.0958991053407644,1.0,0.0,0.0,0.0,0.0,1
D,1.0,inf,1,0.0,1.0,1.0,0.5,0.0,0.0,3
E,0.9231601814177159,0.1888849138995228,6,0.41527368592839037,1.0,1.0,1.0,1.0,0.0,4
