models,delta,spacing,onvg,hypervolume,time,c_A,c_B,c_C,c_D,c_E,score
A,0.9595959626832697,0.5482731528604843,5,0.13251232602999818,51.516780376434326,0.0,0.0,0.0,0.0,0.0,0
B,1.0,inf,1,0.0,157.2545735836029,1.0,0.0,0.5,0.0,0.0,2
C,0.9528619323346227,1.501165893479482,4,0.38075761604676023,101.9827561378479,1.0,0.0,0.0,0.0,0.0,1
D,1.0,inf,1,0.0,158.49090123176575,1.0,1.0,0.5,0.0,0.0,3
E,0.9494958663977495,0.0074994828437683495,6,1.6488018120627097,218.3177559375763,1.0,1.0,1.0,1.0,0.0,4
