models,igd,delta,spacing,onvg,hypervolume,c_A,c_B,c_C,c_D,c_E,score
A,0.8602325322956539,0.8157894723247543,9.198239741118094e-05,5,0.013004256110114,0.0,0.0,0.0,0.0,0.0,0
B,0.8455767368946526,0.5263158463250002,0.00022461535951328275,10,0.0282154398953803,1.0,0.0,0.3,0.2,0.0,1
C,0.7176350171084109,0.5672514813801698,0.00025391159562983127,10,0.030293826783230993,1.0,0.4,0.0,0.3,0.05,2
D,0.620483688962179,0.5263158238358803,0.00013623665415492953,10,0.022441427794091126,1.0,0.4,0.3,0.0,0.1,2
E,0.000192552639191351,6.366098029555767e-06,0.0004560436478894297,20,0.06288512605482767,1.0,0.8,0.6,0.4,0.0,4
