models,delta,spacing,onvg,hypervolume,c_A,c_B,c_C,c_D,c_E,score
A,0.8098566828285976,0.09198239741122784,5,2.2639571601140016,0.0,0.0,0.0,0.0,0.0,0
B,0.5730919498242123,0.2246153595132852,10,8.882901785380302,1.0,0.0,0.3,0.2,0.16666666666666666,1
C,0.5957170616246392,0.25391159562981963,10,8.813228883230991,1.0,0.4,0.0,0.3,0.2222222222222222,2
D,0.5405268615075167,0.13623665415492928,10,3.108889684091121,1.0,0.4,0.3,0.0,0.2777777777777778,3
E,0.16947788508706357,0.1472000533417367,18,6.112260065106014,1.0,0.4,0.5,0.2,0.0,3
