models,delta,spacing,onvg,hypervolume,time,c_Prufer,c_NetKeys,c_Prim,c_Kruskal,c_GPrim,score
Prufer,0.9579818032845023,0.00359119648905228,11,0.5849174349467965,242.3960087299347,0.0,0.75,0.0,0.0625,0.0,1
NetKeys,0.9665214759115439,0.020910561955515033,8,0.6503681289801161,1139.614491224289,0.0,0.0,0.0,0.0,0.0,0
Prim,0.9761856665686219,0.022258486009681357,11,0.6193857191894562,193.52439999580383,1.0,0.75,0.0,0.3125,0.0,3
Kruskal,0.9460510613231404,0.013049766565155952,16,0.7345658962279668,347.1081163883209,0.8181818181818182,1.0,0.09090909090909091,0.0,0.0,2
GPrim,0.7738668280933707,0.003120121241269125,97,0.7814815523545433,249.83576154708862,1.0,1.0,1.0,1.0,0.0,4
