models,delta,spacing,onvg,hypervolume,time,c_Prufer,c_NetKeys,c_Prim,c_Kruskal,c_GPrim,score
Prufer,0.9394416689109935,0.0066869527609375685,13,0.716087650944013,130.59874987602234,0.0,0.0,0.0,0.0,0.0,0
NetKeys,0.9563120375368063,0.006566057366744418,11,0.8004183245865041,375.5745723247528,1.0,0.0,0.18181818181818182,0.55,0.0,3
Prim,0.9609850047917095,0.004671391234185522,11,0.7217419479818039,158.09496545791626,0.9230769230769231,0.09090909090909091,0.0,0.2,0.0,2
Kruskal,0.8890073727456317,0.012889467773027602,20,0.8598295702794654,199.7281391620636,1.0,0.0,0.0,0.0,0.0,1
GPrim,0.7932296155482117,0.003864681262711842,92,0.90093050355158,217.42754817008972,1.0,1.0,1.0,0.95,0.0,4
