models,delta,spacing,onvg,hypervolume,c_A,c_B,c_C,c_D,c_E,score
A,0.9784033310955721,0.005752262805952795,6,0.02806635737652083,0.0,0.0,0.0,0.0,0.0,0
B,0.9243785328339158,0.008708697047634844,15,0.12355208292795324,0.8333333333333334,0.0,0.3,0.058823529411764705,0.0,2
C,0.9734958344796444,0.010449513429444253,10,0.07390099142695791,1.0,0.0,0.0,0.11764705882352941,0.0,2
D,0.9419996435220648,0.014400375496967132,17,0.14802481398937906,0.8333333333333334,0.8666666666666667,0.1,0.0,0.0,2
E,0.7598973178515385,0.002707096075270624,99,0.37692148511127865,1.0,1.0,1.0,0.6470588235294118,0.0,4
