models,delta,spacing,onvg,hypervolume,c_A,c_B,c_C,c_D,c_E,score
A,0.9281347665105498,0.0137372749885384,5,0.07725681655353073,0.0,0.0,0.0,0.0,0.0,0
B,0.9468647265864742,0.01692881873295403,10,0.1122167600147106,1.0,0.0,0.4,0.0,0.0,2
C,0.939340235291999,0.011308939007003775,10,0.09813085967447896,1.0,0.3,0.0,0.11764705882352941,0.0,1
D,0.888872019293626,0.014419187517607115,17,0.2308612693849026,1.0,0.9,0.4,0.0,0.0,3
E,0.9437403866336248,0.06430297832700088,68,0.8046885166553669,1.0,1.0,1.0,1.0,0.0,4
