models,delta,spacing,onvg,hypervolume,time,c_A,c_B,c_C,c_D,c_E,score
A,0.9230766650851785,0.894069770223646,5,0.10700485656178048,22.291911125183105,0.0,0.0,0.0,0.0,0.0,0
B,0.897435932153922,0.0002588729509860219,5,0.04149833981529983,51.08906078338623,1.0,0.0,0.42857142857142855,0.5,0.0,3
C,0.8632478531673738,0.37786414030486576,7,0.08648258312940968,39.54223275184631,1.0,0.0,0.0,0.0,0.0,1
D,0.9743589600206763,0.0,2,0.025776926724824414,51.98617744445801,1.0,0.2,0.42857142857142855,0.0,0.0,2
E,0.7948727892151437,0.002494766508336134,9,0.30847703831174084,71.80752968788147,1.0,1.0,1.0,1.0,0.0,4
