models,delta,spacing,onvg,hypervolume,c_A,c_B,c_C,c_D,c_E,c_F,score
A,0.7924561676632577,0.40887250294008765,5.4,0.024960875696323076,0.0,0.0,0.0,0.0,0.0,0.0,0.0
B,0.6441354275313225,0.11532752466479908,8.1,0.0350572903118955,1.0,0.0,0.38422077922077924,0.3654761904761904,0.00625,0.006666666666666668,2.0
C,0.7195489302941803,0.21148045102728436,6.6,0.02934043874719693,1.0,0.4353571428571428,0.0,0.43392857142857144,0.0,0.00625,2.0
D,0.7169424330084532,0.13725495449921896,6.6,0.030077796709092768,1.0,0.35690476190476195,0.40672077922077926,0.0,0.014835164835164835,0.0,1.9
E,0.26007843910989187,0.07714391342981843,15.4,0.10252231183159269,1.0,0.9875,0.95,0.9333333333333333,0.0,0.32700980392156864,4.3
F,0.21434012584414738,0.05159607246559881,16.1,0.1128219966639468,1.0,0.9875,0.975,1.0,0.408752962723551,0.0,4.7
