models,delta,spacing,onvg,hypervolume,c_A,c_B,c_C,c_D,c_E,score
A,0.9329983275590503,1.4638176474233544,7,0.400586368464988,0.0,0.0,0.0,0.0,0.0,0
B,0.8825947250213569,2.538930512995569,12,1.4174617772468876,0.14285714285714285,0.0,0.0,0.0,0.0,1
C,0.9256281439333232,0.9439172398958041,11,0.5306982169444376,1.0,0.5833333333333334,0.0,0.4444444444444444,0.0,3
D,0.902749043979155,0.921728190034406,18,1.022879858573252,1.0,0.9166666666666666,0.09090909090909091,0.0,0.0,2
E,0.8944723666350102,0.8524472672691324,25,0.8594261251161484,1.0,0.75,1.0,0.6666666666666666,0.0,4
