models,delta,spacing,onvg,hypervolume,time,c_Prufer,c_NetKeys,c_Prim,c_Kruskal,c_GPrim,score
Prufer,0.9448569413862982,0.0086085465275575,8.0,0.7443655901805062,137.1167770385742,0.0,0.04,0.0125,0.01428571428571428,0.0,0.0
NetKeys,0.9850999797973534,0.02016290086990547,5.7,0.8102874212233602,152.96008172035218,0.8639682539682539,0.0,0.505,0.4428571428571429,0.0,2.2
Prim,0.9668794281598923,0.01240800159536975,6.5,0.7618966184680048,119.43224353790283,0.9412698412698415,0.13,0.0,0.08809523809523809,0.0,1.4
Kruskal,0.9698917910114394,0.015616637548380547,6.0,0.8247437321476372,124.20157568454742,0.8471031746031746,0.3266666666666667,0.5669444444444445,0.0,0.0,2.2
GPrim,0.9664961958236701,0.04743065959030089,24.3,0.9592450045387654,196.06221306324005,1.0,1.0,1.0,1.0,0.0,4.0
