models,delta,spacing,onvg,hypervolume,time,c_Prufer,c_NetKeys,c_Prim,c_Kruskal,c_GPrim,score
Prufer,0.9268402945642725,0.014541678203206204,12,0.7191177294971329,64.42676401138306,0.0,0.07692307692307693,0.0,0.0,0.0,0
NetKeys,0.9421177524492791,0.008554558434966216,13,0.7765528488409646,127.26479721069336,0.8333333333333334,0.0,0.0,0.05263157894736842,0.0,1
Prim,0.9364799344109761,0.016272384254768207,9,0.7343852237571794,68.41165399551392,1.0,0.6923076923076923,0.0,0.3684210526315789,0.0,3
Kruskal,0.8903807929439251,0.008731193279750938,19,0.8662151390162534,83.60624504089355,0.9166666666666666,0.8461538461538461,0.0,0.0,0.0,2
GPrim,0.9077496813181435,0.060628015390535986,77,0.9396048528844839,101.41658973693848,1.0,1.0,1.0,1.0,0.0,4
