models,delta,spacing,onvg,hypervolume,time,c_Prufer,c_NetKeys,c_Prim,c_Kruskal,c_GPrim,score
Prufer,0.893056371334601,0.02713079704618631,10,0.6802251647443577,63.44707274436951,0.0,0.16666666666666666,0.0,0.0,0.0,0
NetKeys,0.9039879520917675,0.01340260016980645,12,0.7436415846481824,127.75046181678772,0.7,0.0,0.4166666666666667,0.0,0.0,1
Prim,0.9072887427471978,0.008191047006814356,12,0.6961822333695794,67.92056655883789,1.0,0.4166666666666667,0.0,0.05555555555555555,0.0,1
Kruskal,0.8341302895697998,0.01725547689860461,18,0.8217601897331762,84.45175838470459,0.9,0.8333333333333334,0.5,0.0,0.0,3
GPrim,1.1201520963230711,0.12462196805226827,72,3.018084831481287,97.44989156723022,1.0,1.0,1.0,1.0,0.0,4
