models,delta,spacing,onvg,hypervolume,time,c_Prufer,c_NetKeys,c_Prim,c_Kruskal,c_GPrim,score
Prufer,0.9721741264735703,0.023401506066505384,3,0.515408788208072,58.17362713813782,0.0,0.0,0.0,0.0,0.0,0
NetKeys,0.9423191981817097,0.012577341089943607,8,0.6605243927122371,129.27824687957764,1.0,0.0,0.0,0.0,0.0,1
Prim,0.9935961921522796,0.002449108478430392,6,0.6332714261365678,66.70101499557495,1.0,0.875,0.0,0.6666666666666666,0.0,3
Kruskal,0.9767566168407572,0.00474971689974243,6,0.6142739746187342,83.24037647247314,1.0,0.75,0.0,0.0,0.0,2
GPrim,0.8115227230698692,0.0048720513507616485,37,0.8304469260749237,126.7437047958374,1.0,1.0,1.0,1.0,0.0,4
