models,delta,spacing,onvg,hypervolume,time,c_Prufer,c_NetKeys,c_Prim,c_Kruskal,c_GPrim,score
Prufer,0.9197894811604471,0.003808697774529762,3,0.3083329380447436,36.243717670440674,0.0,0.5,0.0,0.0,0.0,0
NetKeys,0.9126693880028587,0.0,2,0.3083662336787276,52.86778426170349,0.6666666666666666,0.0,0.5,0.0,0.0,2
Prim,0.9144759524293167,0.0,2,0.3095308349724846,39.80551195144653,0.3333333333333333,0.0,0.0,0.0,0.0,1
Kruskal,0.9616845538341254,0.0,2,0.3311949025663778,44.84826421737671,1.0,1.0,1.0,0.0,0.0,3
GPrim,0.8812097275139583,0.41137108075316187,4,2.334742055675074,76.70300436019897,1.0,1.0,1.0,1.0,0.0,4
