models,delta,spacing,onvg,hypervolume,c_guided prim3,c_guided prim2,c_kruskal,c_netkeys,c_prim,c_prufer,score
guided prim3,0.9855594756410573,5.3155704211247095,14,1723.170356530667,0.0,0.5384615384615384,1.0,1.0,1.0,1.0,5
guided prim2,0.9803561373782614,5.430597624540674,13,1728.7792797324273,0.5,0.0,1.0,1.0,1.0,1.0,4
kruskal,0.9803008823183458,1.7961134020535992,4,184.3632744288169,0.0,0.0,0.0,1.0,0.6666666666666666,1.0,3
netkeys,0.9366986242026276,0.6301683461446733,8,59.899047956761365,0.0,0.0,0.0,0.0,0.0,1.0,1
prim,0.9738843861365853,0.523088611845957,3,107.06031373756412,0.0,0.0,0.0,1.0,0.0,1.0,2
prufer,0.9765591334060574,3.600495354139693,3,248.50000977707157,0.0,0.0,0.0,0.0,0.0,0.0,0
