models,delta,spacing,onvg,hypervolume,c_A,c_B,c_C,c_D,c_E,c_F,score
A,0.7684210528513635,0.4082582133981188,6,0.01555844805039405,0.0,0.0,0.0,0.0,0.0,0.0,0
B,0.4736842518537986,8.281534388561286e-05,11,0.022507301679235175,1.0,0.0,0.15384615384615385,0.14285714285714285,0.1,0.0,1
C,0.4122807429275864,6.951841469127949e-05,13,0.027947405651644816,1.0,0.7272727272727273,0.0,0.2857142857142857,0.1,0.0,3
D,0.6842105471338232,7.219714084008281e-05,7,0.014028041719216821,1.0,0.45454545454545453,0.23076923076923078,0.0,0.1,0.05,2
E,6.117560669333691e-06,0.0004566902507024356,20,0.06271034390684209,1.0,0.8181818181818182,0.38461538461538464,0.2857142857142857,0.0,0.05,4
F,6.153859116956893e-06,0.0004586602250261177,20,0.06293430669810232,1.0,1.0,0.5384615384615384,0.7142857142857143,0.45,0.0,5
