models,delta,spacing,onvg,hypervolume,c_A,c_B,c_C,c_D,c_E,c_F,score
A,0.7645610267322621,0.44345171980714726,6,2.670089310394051,0.0,0.0,0.0,0.0,0.0,0.0,0
B,0.5864695244610314,0.05922181484595046,9,0.33683760092177195,1.0,0.0,0.25,0.2727272727272727,0.1,0.0,1
C,0.23467688275890924,0.06536210186872743,16,-0.5677205044862781,1.0,0.3333333333333333,0.0,0.0,0.15,0.05,2
D,0.5122281382874402,0.23693909730421955,11,5.943191248605267,1.0,0.6666666666666666,0.3125,0.0,0.2,0.1,3
E,0.279362816682829,0.42930293529855845,20,26.004249007019304,1.0,0.7777777777777778,0.25,0.2727272727272727,0.0,0.05,4
F,0.2822659116468564,0.459300799612981,20,26.31818352988075,1.0,1.0,0.375,0.45454545454545453,0.45,0.0,5
