models,delta,spacing,onvg,hypervolume,c_A,c_B,c_C,c_D,c_E,c_F,score
A,0.7684210528513635,0.4082582133981188,6,0.01555844805039405,0.0,0.0,0.0,0.0,0.0,0.0,0
B,0.5789474053600765,5.922181484592974e-05,9,0.017521315920921775,1.0,0.0,0.25,0.2727272727272727,0.1,0.0,1
C,0.2105263797748888,6.536210186876199e-05,16,0.03165317634551372,1.0,0.3333333333333333,0.0,0.0,0.15,0.05,2
D,0.473684266648941,0.00023693909730419227,11,0.02742378914860527,1.0,0.6666666666666666,0.3125,0.0,0.2,0.1,3
E,5.666949117635009e-06,0.00042930293529854126,20,0.06261777404019486,1.0,0.7777777777777778,0.25,0.2727272727272727,0.0,0.05,4
F,6.324887377507813e-06,0.0004593007996129591,20,0.0629317085630563,1.0,1.0,0.375,0.45454545454545453,0.45,0.0,5
