models,igd,delta,spacing,onvg,hypervolume,time,c_Prufer,c_NetKeys,c_Prim,c_Kruskal,c_GPrim,score
Prufer,0.03833698205968842,0.8184366330008865,0.05144010793924057,8,0.6967566203368911,15.647456884384155,0.0,0.2,0.14285714285714285,0.0,0.0,0
NetKeys,0.03774011870781005,0.7391906348314246,0.026546663608969862,10,0.7365385029576001,21.159380435943604,0.375,0.0,0.14285714285714285,0.0,0.0,1
Prim,0.05330033327362989,0.8244140227455413,0.01680037962649372,7,0.6592183379562659,17.880165338516235,0.5,0.6,0.0,0.18181818181818182,0.0,2
Kruskal,0.04209980824705556,0.7130456811673372,0.001178438634674825,11,0.7034208315956272,18.53762650489807,0.875,0.9,0.42857142857142855,0.0,0.0,3
GPrim,7.332926592964965e-05,0.5993688945014575,0.09312452401511773,20,0.8258116425315299,22.3287672996521,0.875,1.0,0.7142857142857143,0.45454545454545453,0.0,4
