models,igd,delta,spacing,onvg,hypervolume,c_A,c_B,c_C,c_D,c_E,score
A,0.7615773176601992,0.768421047783593,0.40827420000583603,6,0.01576336240179009,0.0,0.0,0.0,0.0,0.0,0
B,0.482182565234305,0.464114798709459,0.00039075972727612226,12,0.043270221729133085,1.0,0.0,0.625,0.2,0.05,2
C,0.7399324322991766,0.6691729479297086,0.00014481692770368303,8,0.02069646144396245,1.0,0.4166666666666667,0.0,0.4,0.05,1
D,0.604152302256876,0.5672514990452345,0.00010006876349943629,10,0.023880381834762876,1.0,0.75,0.625,0.0,0.05,3
E,0.0001208042541914997,6.324290020704686e-06,0.00045820861169830886,20,0.06291152721972038,1.0,0.9166666666666666,0.875,0.8,0.0,4
