models,delta,spacing,onvg,hypervolume,time,c_Prufer,c_NetKeys,c_Prim,c_Kruskal,c_GPrim,score
Prufer,0.9820610038357147,0.026933499847965916,4,0.4351264711441541,239.20784616470337,0.0,0.15,0.0,0.0,0.0,1
NetKeys,0.894378099969299,0.018734873521326217,20,0.6005740727583753,1179.2026875019073,0.0,0.0,0.0,0.0,0.0,0
Prim,0.9690414827459807,0.012697410687612813,7,0.5425356063760366,188.51813864707947,1.0,0.45,0.0,0.2857142857142857,0.0,2
Kruskal,0.9506763030953262,0.003568413980433635,14,0.5380992832118296,346.5091710090637,1.0,0.45,0.5714285714285714,0.0,0.0,3
GPrim,0.7977845010462846,2.960636279617783e-05,84,0.6997902065374602,288.1024672985077,1.0,1.0,1.0,1.0,0.0,4
