models,delta,spacing,onvg,hypervolume,time,c_Prufer,c_NetKeys,c_Prim,c_Kruskal,c_GPrim,score
Prufer,0.9726915822059718,0.0009346373131502286,3,0.4923692773073153,55.089064836502075,0.0,0.0,0.0,0.0,0.0,0
NetKeys,0.9263410937595725,0.024339052570413026,7,0.6731304474182084,118.17313194274902,1.0,0.0,0.0,0.0,0.0,1
Prim,0.9641442285531802,0.0,2,0.6142860625879947,68.10012865066528,1.0,0.5714285714285714,0.0,0.16666666666666666,0.0,3
Kruskal,0.989517520619541,0.03530714442901692,6,0.652902594154865,82.58341526985168,1.0,0.5714285714285714,0.0,0.0,0.0,2
GPrim,0.8187377676902393,0.0015141755807556519,35,0.8212904554453431,122.21456480026245,1.0,1.0,1.0,1.0,0.0,4
