models,delta,spacing,onvg,hypervolume,time,c_A,c_B,c_C,c_D,c_E,score
A,0.9461593697323051,1.4142490002429757,8,0.4193270750756384,93.06638860702515,0.0,0.0,0.0,0.0,0.0,0
B,0.8887293607714193,1.3730788582285356,15,1.243905356207573,1160.642516374588,0.75,0.0,0.0,0.0,0.0,1
C,0.9437185954480367,0.46708708903209606,11,0.46464964160281275,165.4738268852234,1.0,0.4666666666666667,0.0,0.1875,0.0,2
D,0.8944723692479901,2.2720619938175375,16,1.154169824576848,367.37747979164124,1.0,1.0,0.2727272727272727,0.0,0.0,3
E,0.5751675907384778,0.47375484033821136,97,3.028312919147835,231.38911175727844,1.0,1.0,1.0,1.0,0.0,4
