models,igd,delta,spacing,onvg,hypervolume,time,c_A,c_B,c_C,c_D,c_E,score
A,0.04111197059280612,0.7821833077130959,0.052896966270418476,8,0.24767098779171565,12.327315092086792,0.0,0.0,0.0,0.0,0.0,0
B,0.037929704941916186,0.734220583958071,0.023862437272689527,10,0.2751852270519428,21.600942373275757,1.0,0.0,0.26666666666666666,0.1,0.0,1
C,0.02851615558070798,0.6259222106346927,0.03525291047246505,15,0.4048295896860263,19.94240689277649,1.0,0.3,0.0,0.0,0.0,2
D,0.040746651009600746,0.7391425830306216,0.02032161353500115,10,0.2531645336374257,20.665599584579468,1.0,0.5,0.4666666666666667,0.0,0.05,3
E,0.016950585326080174,0.6420745113207056,0.11762373183751773,20,0.8062242900155023,25.243680715560913,1.0,0.6,0.4666666666666667,0.4,0.0,4
