models,igd,delta,spacing,onvg,hypervolume,time,c_Prufer,c_NetKeys,c_Prim,c_Kruskal,c_GPrim,score
Prufer,0.08898310088473077,0.7961539610993174,0.061403492193608196,8,0.6097990987288072,17.261677503585815,0.0,0.4166666666666667,0.16666666666666666,0.0,0.0,1
NetKeys,0.08404697980226575,0.7110344194779654,0.02844253853843902,12,0.6468089277681245,22.12342095375061,0.25,0.0,0.0,0.0,0.0,0
Prim,0.08442339318314848,0.7067749410167142,0.03995652710669336,12,0.6253121331624222,17.74758243560791,0.75,0.75,0.0,0.1,0.0,2
Kruskal,0.09374261324244178,0.7589962153131697,0.03157733445548529,10,0.5971493672474085,19.91613459587097,0.875,0.6666666666666666,0.3333333333333333,0.0,0.05,3
GPrim,0.0007514945836941757,0.9134665148489236,0.2366211569446327,20,2.488266370400685,24.546011686325073,1.0,0.8333333333333334,0.4166666666666667,0.2,0.0,4
