models,igd,delta,spacing,onvg,hypervolume,c_A,c_B,c_C,c_D,c_E,score
A,0.8888194569128304,0.7684210814223994,9.481641288039537e-05,6,0.02303964079566215,0.0,0.0,0.0,0.0,0.0,0
B,0.8396427920131483,0.8771929751477543,0.999963899737718,4,0.0230870315332568,0.8333333333333334,0.0,0.125,0.1,0.0,1
C,0.6745368896243663,0.6315790152129728,0.00020684909747539453,8,0.03152104892720503,1.0,0.75,0.0,0.6,0.0,3
D,0.5244044395500999,0.5263158905510277,0.0001000533767853018,10,0.037086053795932446,1.0,0.75,0.125,0.0,0.0,2
E,0.00025657987891885095,6.8940029922838105e-06,0.0009098497797303812,20,0.1268125742642863,1.0,1.0,1.0,1.0,0.0,4
