models,delta,spacing,onvg,hypervolume,time,c_A,c_B,c_C,c_D,c_E,score
A,0.8034188116183753,0.7868324224811795,7,0.04529229710309808,17.473259210586548,0.0,0.0,0.0,0.0,0.0,0
B,0.713675234671352,0.00013761634632674432,13,0.06774104742566028,23.126843690872192,1.0,0.0,0.9090909090909091,0.0,0.0,2
C,0.7435897650539184,4.1357151620951956e-05,11,0.05109423769746512,27.645989656448364,1.0,0.0,0.0,0.0,0.0,1
D,0.7641025886902862,0.3014801481130457,11,0.06402320940596923,34.362309217453,1.0,0.5384615384615384,0.8181818181818182,0.0,0.08,3
E,0.40812057506532484,0.0008216135511315475,25,0.2231556060861127,40.97051239013672,1.0,1.0,1.0,0.8181818181818182,0.0,4
