models,delta,spacing,onvg,hypervolume,time,c_A,c_B,c_C,c_D,c_E,score
A,0.8724694848982394,0.025657122200402428,7,0.14331554115753492,17.473259210586548,0.0,0.0,0.0,0.0,0.0,0
B,0.8277368404390439,0.017418026823457142,13,0.21434869704859089,23.126843690872192,1.0,0.0,0.9090909090909091,0.0,0.0,2
C,0.8740631107619383,0.005234552402406667,11,0.16167425354858084,27.645989656448364,1.0,0.0,0.0,0.0,0.0,1
D,0.8648459297906399,0.02065725932178312,11,0.2025845781628735,34.362309217453,1.0,0.5384615384615384,0.8181818181818182,0.0,0.08,3
E,0.8767727550958306,0.10399118458023746,25,0.7061171213235138,40.97051239013672,1.0,1.0,1.0,0.8181818181818182,0.0,4
