models,delta,spacing,onvg,hypervolume,time,c_A,c_B,c_C,c_D,c_E,score
A,0.9660679982716437,0.011679891683085522,7,0.06582410653684481,35.5412437915802,0.0,0.0,0.0,0.0,0.0,0
B,0.9521015298710473,0.01336770669470627,9,0.08958432796255617,126.62450504302979,1.0,0.0,0.6666666666666666,0.4444444444444444,0.0,3
C,0.941551808948774,0.020652174118027205,9,0.11890301034551612,68.91627502441406,1.0,0.0,0.0,0.2777777777777778,0.0,2
D,0.8846468772543044,0.01473313182212471,18,0.22656762887726048,102.9762053489685,1.0,0.1111111111111111,0.1111111111111111,0.0,0.0,1
E,0.9310601862890532,0.061781742052540375,74,0.8343015059228425,101.29155111312866,1.0,1.0,1.0,1.0,0.0,4
