models,delta,spacing,onvg,hypervolume,time,c_Prufer,c_NetKeys,c_Prim,c_Kruskal,c_GPrim,score
Prufer,0.9622354198965437,0.009117258509831503,9.7,0.6024833146801901,235.78756511211395,0.0,0.26871609067261243,0.0,0.005882352941176471,0.0,0.7
NetKeys,0.947688688463763,0.007529135112621929,17.5,0.7086155210737408,1151.2530739068984,0.22463675213675213,0.0,0.03333333333333333,0.06868131868131869,0.0,0.5
Prim,0.9747567218452092,0.005835592343372263,9.8,0.6090628523900397,194.95307490825653,0.951388888888889,0.3760107766629506,0.0,0.14308473389355741,0.0,2.4
Kruskal,0.954889276054559,0.008735523953720063,16.3,0.763862810205035,338.0289265632629,0.7634371184371185,0.9423076923076923,0.205007215007215,0.0,0.0,2.4
GPrim,0.7619148433714291,0.002440497657228474,98.6,0.7797161333865925,249.02925643920898,1.0,1.0,1.0,0.9264705882352942,0.0,4.0
