models,igd,delta,spacing,onvg,hypervolume,c_A,c_B,c_C,c_D,c_E,score
A,0.9708244015752461,0.8596491273683292,0.00010745724462853486,4,0.009073635684639373,0.0,0.0,0.0,0.0,0.0,0
B,0.6244998078349515,0.6766917355755645,0.3534837372852139,8,0.023466427898144827,1.0,0.0,0.0,0.0,0.0,1
C,0.6538348526818611,0.6691729520373758,0.353613520027184,8,0.01738753586607889,1.0,0.5,0.0,0.3,0.0,2
D,0.6041523045503634,0.567251470368159,0.00024747557619277696,10,0.02863944670423388,1.0,1.0,0.625,0.0,0.0,3
E,0.05000004452216418,0.09942060629858457,0.0004673890356542002,19,0.06289449984734238,1.0,1.0,1.0,0.9,0.0,4
