models,igd,delta,spacing,onvg,hypervolume,c_A,c_B,c_C,c_D,c_E,c_F,score
A,0.8587782114699367,0.7368421164521228,9.824827003001434e-05,6,0.011608391767419478,0.0,0.0,0.0,0.0,0.0,0.0,0
B,0.6224949892081669,0.6184210771342922,0.00010156845624393059,9,0.020952161022015227,1.0,0.0,0.1111111111111111,0.0,0.0,0.0,1
C,0.7382411608322703,0.5789474009829264,9.614293333636918e-05,9,0.01914425298259376,1.0,0.8888888888888888,0.0,0.36363636363636365,0.0,0.0,3
D,0.7158910562476231,0.4736842807783654,0.0002427458110142772,11,0.03056117923717549,1.0,1.0,0.3333333333333333,0.0,0.1,0.0,2
E,6.653974313150172e-05,6.419401489430083e-06,0.00045770570392119394,20,0.0629000737070695,1.0,1.0,0.7777777777777778,0.8181818181818182,0.0,0.1,4
F,6.646240373142222e-05,6.329421681006494e-06,0.00045886743034372947,20,0.06293405308705875,1.0,1.0,0.8888888888888888,1.0,0.3,0.0,5
