models,igd,delta,spacing,onvg,hypervolume,c_A,c_B,c_C,c_D,c_E,score
A,0.8587782116420174,0.7368421164473967,9.585930426137212e-05,6,0.011417975958835537,0.0,0.0,0.0,0.0,0.0,0
B,0.6538348528728385,0.6691729501730449,0.353534314376661,8,0.017344340508372164,1.0,0.0,0.25,0.1111111111111111,0.0,1
C,0.6244998084242245,0.676691742204759,0.35350293088242996,8,0.022055722695829345,1.0,0.75,0.0,0.2222222222222222,0.05555555555555555,2
D,0.8514693225275194,0.5789474094234334,0.0002540349203263811,9,0.024898302416068673,1.0,0.875,0.5,0.0,0.0,3
E,0.11180343691819791,0.10526440780202802,0.00010657665250739628,18,0.03751102803347328,1.0,1.0,0.875,1.0,0.0,4
