models,delta,spacing,onvg,hypervolume,time,c_Prufer,c_NetKeys,c_Prim,c_Kruskal,c_GPrim,score
Prufer,0.967354840363814,inf,2.5,0.5986748511012491,40.02614753246307,0.0,0.06666666666666667,0.125,0.0,0.0,0.2
NetKeys,0.9303033532286863,0.0011301527404113105,2.2,0.6505066818957774,59.16045634746551,0.85,0.0,0.65,0.05,0.0,1.6
Prim,0.9623619055518219,inf,2.3,0.6380766259686729,45.485359406471254,0.7583333333333333,0.31666666666666665,0.0,0.0,0.0,1.2
Kruskal,0.904773653069238,inf,2.3,0.6839850953807363,52.40877842903137,1.0,0.7666666666666667,0.8666666666666668,0.0,0.0,2.8
GPrim,0.859007897248644,0.20571069433706818,4.0,0.7055056184749517,78.36059210300445,1.0,1.0,1.0,0.6666666666666667,0.0,3.9
