models,delta,spacing,onvg,hypervolume,c_A,c_B,c_C,c_D,c_E,score
A,0.9191919224077445,1.9023557436098535,7,0.17676844866860078,0.0,0.0,0.0,0.0,0.0,0
B,0.7797979928146862,1.1908394461082938,11,0.30998937535688675,1.0,0.0,0.2222222222222222,0.15789473684210525,0.0,1
C,0.9368686870566001,0.8818996395351157,9,0.18131981556878654,1.0,0.5454545454545454,0.0,0.2631578947368421,0.0,2
D,0.8226711370807684,0.9046861870770471,19,0.5399700427285427,1.0,0.5454545454545454,0.3333333333333333,0.0,0.0,3
E,0.8351940570881675,1.4608941709628287,20,0.362840723903074,1.0,0.9090909090909091,1.0,0.47368421052631576,0.0,4
