models,delta,spacing,onvg,hypervolume,time,c_Prufer,c_NetKeys,c_Prim,c_Kruskal,c_GPrim,score
Prufer,0.8924394553572547,0.01948087761392781,5,0.3521298590753076,36.30654335021973,0.0,0.0,0.0,0.0,0.0,0
NetKeys,0.8952413319101484,0.0,2,0.47518469021376775,50.26966977119446,1.0,0.0,0.8333333333333334,1.0,0.0,3
Prim,0.9365327495623399,0.08258018371703482,6,0.4723758711163217,41.56055235862732,1.0,0.0,0.0,0.75,0.0,2
Kruskal,0.9161186009826106,0.007514338625102392,4,0.34689231538883997,46.26967716217041,0.6,0.0,0.16666666666666666,0.0,0.0,1
GPrim,1.071566042051579,0.6573106995567605,10,5.220397623493658,74.22191429138184,1.0,1.0,1.0,1.0,0.0,4
