models,delta,spacing,onvg,hypervolume,time,c_Prufer,c_NetKeys,c_Prim,c_Kruskal,c_GPrim,score
Prufer,0.9425063897337569,0.015250160831602124,4,0.48849545313387444,26.60245990753174,0.0,0.0,0.0,0.0,0.0,0
NetKeys,0.9087252240363743,0.007940834039830381,8,0.7059563397076483,41.01117205619812,1.0,0.0,0.1,0.3333333333333333,0.0,2
Prim,0.8648884863666927,0.0008556116939862179,10,0.6131765981129799,27.78678822517395,1.0,0.375,0.0,0.3333333333333333,0.0,2
Kruskal,0.8921736083049213,0.012358972553485247,9,0.6371159265321632,34.645169496536255,1.0,0.25,0.6,0.0,0.0,2
GPrim,0.538212821418704,0.0056462425852452655,35,0.8737401477196302,42.73691940307617,1.0,1.0,1.0,1.0,0.0,4
