models,delta,spacing,onvg,hypervolume,time,c_Prufer,c_NetKeys,c_Prim,c_Kruskal,c_GPrim,score
Prufer,0.9393210795993777,0.01827667576500537,4,0.44594993169418545,26.60245990753174,0.0,0.0,0.0,0.0,0.0,0
NetKeys,0.8706799373500884,0.010226059936569668,8,0.6355297982416845,41.01117205619812,1.0,0.0,0.1,0.3333333333333333,0.0,2
Prim,0.8564524260618829,0.004019884832012991,10,0.5694521848361961,27.78678822517395,1.0,0.375,0.0,0.3333333333333333,0.0,2
Kruskal,0.891785258896816,0.027492803253418314,9,0.5894689389522448,34.645169496536255,1.0,0.25,0.6,0.0,0.0,2
GPrim,0.5704392026583724,0.02652750667834955,35,0.7766267065806837,42.73691940307617,1.0,1.0,1.0,1.0,0.0,4
