models,delta,spacing,onvg,hypervolume,time,c_Prufer,c_NetKeys,c_Prim,c_Kruskal,c_GPrim,score
Prufer,0.9347018503608041,0.011940609576287014,5,0.47274743052643814,25.756887674331665,0.0,0.0,0.0,0.0,0.0,0
NetKeys,0.93926516002487,0.0028792377812154185,6,0.5921632583871385,40.35423803329468,1.0,0.0,0.0,0.0,0.0,1
Prim,0.8667497563560671,0.016717110345813857,11,0.6226158016879516,28.774585962295532,1.0,1.0,0.0,0.375,0.0,2
Kruskal,0.9075654356242248,0.00797898399403806,8,0.6210592529367273,35.51134514808655,1.0,1.0,0.45454545454545453,0.0,0.0,3
GPrim,0.584221989088057,0.015347752126943453,32,0.8414916013468613,45.17573833465576,1.0,1.0,0.9090909090909091,0.875,0.0,4
