models,igd,delta,spacing,onvg,hypervolume,c_A,c_B,c_C,c_D,c_E,score
A,0.7632169185677675,0.8421052846771423,0.8944576531221367,5,0.023278952323302585,0.0,0.0,0.0,0.0,0.0,0
B,0.8874119973922945,0.6842106046827147,0.00015695889182769365,7,0.02664561124823485,1.0,0.0,0.125,0.125,0.0,1
C,0.42720023317072087,0.7218045580168634,0.7070084269108773,8,0.04940453067299125,1.0,0.42857142857142855,0.0,0.375,0.0,3
D,0.9874209101281824,0.6315790783777714,0.0006821154061567216,8,0.05259032779797285,1.0,0.8571428571428571,0.125,0.0,0.0,2
E,0.11180347331043954,0.10526836396623858,0.0009572147122613735,18,0.11918889792526818,1.0,1.0,1.0,1.0,0.0,4
