models,delta,spacing,onvg,hypervolume,c_A,c_B,c_C,c_D,c_E,c_F,score
A,0.8140463706989428,0.49994713689270665,5,-0.6987690557578752,0.0,0.0,0.0,0.0,0.0,0.0,0
B,0.6755307296554232,0.17146954410407944,8,3.881569034015012,1.0,0.0,0.7142857142857143,0.875,0.0,0.16666666666666666,3
C,0.6986286357219879,0.13902220187035402,7,3.4647038710251747,1.0,0.125,0.0,0.25,0.0,0.0,1
D,0.6543159164076197,0.10118763954559389,8,2.8640693974129015,1.0,0.0,0.42857142857142855,0.0,0.0,0.0,2
E,0.5620234239928278,0.9784167700885731,17,49.08679035742417,1.0,0.875,1.0,1.0,0.0,0.4444444444444444,5
F,0.533715113128799,0.9536064188923375,18,48.66463478955956,1.0,0.625,0.8571428571428571,0.875,0.35294117647058826,0.0,4
