models,delta,spacing,onvg,hypervolume,c_A,c_B,c_C,c_D,c_E,c_F,score
A,0.8157894955102032,0.44724377698453266,5,0.020030303418363274,0.0,0.0,0.0,0.0,0.0,0.0,0
B,0.6992481263172929,0.7439107876755954,8,0.05057340273411064,1.0,0.0,0.375,0.14285714285714285,0.0,0.0,1
C,0.6691730005159494,0.35347468954283695,8,0.03835858995106546,1.0,0.5,0.0,0.14285714285714285,0.0,0.0,2
D,0.6842106227078406,9.494069454331177e-05,7,0.028141770431161214,1.0,0.625,0.875,0.0,0.0,0.0,3
E,0.3082737909627027,0.25807248392692894,15,0.11133532738440552,1.0,1.0,1.0,1.0,0.0,0.3333333333333333,4
F,0.10526773578644509,0.0009573055016934899,18,0.11928005421223589,1.0,1.0,1.0,1.0,0.4,0.0,5
