models,delta,spacing,onvg,hypervolume,c_A,c_B,c_C,c_D,c_E,c_F,score
A,0.8157894954950462,0.4472437148523565,5,0.02003252889424212,0.0,0.0,0.0,0.0,0.0,0.0,0
B,0.6691730239258502,0.0001714695441040918,8,0.037051645754015025,1.0,0.0,0.7142857142857143,0.875,0.0,0.16666666666666666,3
C,0.6842106227183612,0.00013902220187040278,7,0.028342261411025166,1.0,0.125,0.0,0.25,0.0,0.0,1
D,0.631579066551753,0.00010118763954561415,8,0.0318878865274129,1.0,0.0,0.42857142857142855,0.0,0.0,0.0,2
E,0.1578996678822372,0.0009784167700885578,17,0.11542694379742416,1.0,0.875,1.0,1.0,0.0,0.4444444444444444,5
F,0.10526842226013766,0.0009536064188923376,18,0.11915104781955957,1.0,0.625,0.8571428571428571,0.875,0.35294117647058826,0.0,4
