models,delta,spacing,onvg,hypervolume,time,c_Prufer,c_NetKeys,c_Prim,c_Kruskal,c_GPrim,score
Prufer,0.9221816591612567,0.014758303023699602,8,0.6642511489015941,63.35324144363403,0.0,0.42857142857142855,0.0,0.0,0.0,1
NetKeys,0.9554566874479816,0.011447085247655139,7,0.6734227857649536,130.78161215782166,0.375,0.0,0.0,0.0,0.0,0
Prim,0.9567876538070869,0.007107234728322375,8,0.7057296378776379,68.65669226646423,1.0,1.0,0.0,0.7777777777777778,0.0,3
Kruskal,0.9369581385198127,0.009564669219446726,9,0.7039124513694942,101.38873887062073,1.0,1.0,0.25,0.0,0.0,2
GPrim,0.7291526069024341,0.022128229298901292,75,0.939721206800715,103.8199532032013,1.0,1.0,1.0,1.0,0.0,4
