models,delta,spacing,onvg,hypervolume,time,c_Prufer,c_NetKeys,c_Prim,c_Kruskal,c_GPrim,score
Prufer,0.9912329378657061,0.0,2,0.4776743073765697,58.183881521224976,0.0,0.0,0.0,0.0,0.0,0
NetKeys,0.9385890457186539,0.007781344676036822,12,0.6506740403969339,128.82097864151,1.0,0.0,0.0,0.0,0.0,1
Prim,0.9545476367487943,0.0029703123446705223,11,0.614295401379303,68.11601638793945,1.0,0.75,0.0,0.6,0.0,3
Kruskal,0.987460116007688,0.03436733208342165,5,0.5856280849154416,81.86003351211548,1.0,0.6666666666666666,0.2727272727272727,0.0,0.0,2
GPrim,0.7126289627895125,0.005413211016066332,57,0.8674886268836636,124.59675335884094,1.0,1.0,1.0,1.0,0.0,4
