models,delta,spacing,onvg,hypervolume,time,c_Prufer,c_NetKeys,c_Prim,c_Kruskal,c_GPrim,score
Prufer,0.9271693956867578,0.007027679352488178,4,0.1282053232061205,113.3762879371643,0.0,0.0,0.0,0.0,0.0,0
NetKeys,1.0,inf,1,0.0643672125507429,148.22775769233704,0.25,0.0,0.4,0.0,0.0,2
Prim,0.8835683315598438,0.060338186418268186,5,0.4796312465011032,101.82966709136963,1.0,0.0,0.0,0.0,0.0,1
Kruskal,0.9559848284714223,0.0,2,0.22974059019280935,122.42821955680847,1.0,1.0,0.6,0.0,0.0,3
GPrim,0.9387310149242528,0.4428466457724006,6,3.123811670163453,237.01449513435364,1.0,1.0,1.0,1.0,0.0,4
