models,igd,delta,spacing,onvg,hypervolume,time,c_A,c_B,c_C,c_D,c_E,score
A,0.054909274705327624,0.8210635746118037,0.050437453354925256,6,0.20203564282434755,13.311071872711182,0.0,0.0,0.0,0.0,0.0,0
B,0.05650721359783541,0.7924523780424265,0.02245246992018867,8,0.20558169878444627,22.94504404067993,1.0,0.0,0.1111111111111111,0.6,0.0,2
C,0.05397281625693817,0.7686626551093945,0.0003597550622297783,9,0.21196005101152082,17.18484592437744,1.0,0.375,0.0,0.7,0.05,3
D,0.05034183080134456,0.7438624339014823,0.01573477082177308,10,0.25935194254518934,21.142972707748413,1.0,0.125,0.1111111111111111,0.0,0.0,1
E,0.011057565552014297,0.6429966281375111,0.11743397940023945,20,0.8062843968249009,25.27641725540161,1.0,0.875,0.4444444444444444,0.8,0.0,4
