models,igd,delta,spacing,onvg,hypervolume,time,c_A,c_B,c_C,c_D,c_E,score
A,0.04677808214141618,0.7680174714751886,0.04771480047247295,10,0.27151677275994957,18.07289218902588,0.0,0.0,0.1111111111111111,0.09090909090909091,0.0,0
B,0.05650721359783541,0.7924523780424265,0.02245246992018867,8,0.20558169878444627,22.94504404067993,0.9,0.0,0.1111111111111111,0.5454545454545454,0.0,2
C,0.05397281625693817,0.7686626551093945,0.0003597550622297783,9,0.21196005101152082,17.18484592437744,0.9,0.375,0.0,0.45454545454545453,0.05,3
D,0.050111312484517744,0.7091745272437986,0.014818656213104724,11,0.2623798391762308,22.214641094207764,0.8,0.0,0.1111111111111111,0.0,0.0,1
E,0.011057565552014297,0.6429966281375111,0.11743397940023945,20,0.8062843968249009,25.27641725540161,1.0,0.875,0.4444444444444444,0.5454545454545454,0.0,4
