models,delta,spacing,onvg,hypervolume,time,c_A,c_B,c_C,c_D,c_E,score
A,0.9282062355380826,0.08840114611259348,6,0.14796161397666846,24.0452938079834,0.0,0.0,0.0,0.0,0.0,0
B,0.8358188206837207,0.0,2,0.11973466799125516,57.335723876953125,1.0,0.0,0.5,0.0,0.0,1
C,0.9816980776976385,0.0,2,0.016055367002132066,41.657376289367676,0.8333333333333334,0.5,0.0,0.0,0.0,1
D,0.9830197238600152,0.0,2,0.014742009046902718,52.55815553665161,0.8333333333333334,0.5,1.0,0.0,0.0,3
E,0.861433568391567,0.20754696224654595,4,0.37567869400446163,77.71314883232117,1.0,1.0,1.0,1.0,0.0,4
