models,delta,spacing,onvg,hypervolume,time,c_A,c_B,c_C,c_D,c_E,score
A,0.8923077047332468,1.2119669103672552,6,0.09292924475135113,24.0452938079834,0.0,0.0,0.0,0.0,0.0,0
B,0.9743587578986119,0.0,2,0.07520093872952532,57.335723876953125,1.0,0.0,0.5,0.0,0.0,1
C,0.9743589822162125,0.0,2,0.010083785176533494,41.657376289367676,0.8333333333333334,0.5,0.0,0.0,0.0,1
D,0.9743589847709603,0.0,2,0.009258913376426689,52.55815553665161,0.8333333333333334,0.5,1.0,0.0,0.0,3
E,0.9230771804216843,0.0032588152314711864,4,0.23594996272826302,77.71314883232117,1.0,1.0,1.0,1.0,0.0,4
