models,igd,delta,spacing,onvg,hypervolume,c_A,c_B,c_C,c_D,c_E,score
A,0.05495365750697998,0.8207503861366205,0.04064761636405688,6,0.1995841383925011,0.0,0.0,0.0,0.0,0.0,0
B,0.051138298833247844,0.7033640822164272,0.04730388149638952,10,0.3378214819536016,1.0,0.0,0.0,0.13333333333333333,0.0,1
C,0.043894284168599924,0.6347590456336791,0.01785148974721907,14,0.3714570688195178,1.0,0.6,0.0,0.3333333333333333,0.0,3
D,0.028159027713370994,0.6169995784891451,0.06542358770613359,15,0.5045432976509635,1.0,0.5,0.21428571428571427,0.0,0.0,2
E,0.01099045360012085,0.6437552978549117,0.11774018967778192,20,0.8065483923095634,1.0,1.0,0.5,0.6,0.0,4
