models,igd,delta,spacing,onvg,hypervolume,c_A,c_B,c_C,c_D,c_E,score
A,0.7017834629709714,0.757894744570932,0.40820123462678676,6,0.015358759055304516,0.0,0.0,0.0,0.0,0.0,0
B,0.7158910629403542,0.4736842774668573,0.00015776284166709966,11,0.02775728014651166,1.0,0.0,0.0,0.2,0.05,1
C,0.5522680748913149,0.6184210755538451,8.441504190102091e-05,9,0.019607820003554106,1.0,0.6363636363636364,0.0,0.4,0.15,2
D,0.7228416271278284,0.5263158310155666,0.00013918259280104112,10,0.023432876404769508,1.0,0.6363636363636364,0.4444444444444444,0.0,0.0,3
E,4.677984384232255e-05,6.521650965968768e-06,0.0004557096826436917,20,0.0626604594438441,1.0,0.8181818181818182,0.6666666666666666,0.9,0.0,4
