models,delta,spacing,onvg,hypervolume,time,c_Prufer,c_NetKeys,c_Prim,c_Kruskal,c_GPrim,score
Prufer,0.9325146552282694,0.016673362686374864,6,0.5242317994796623,25.68179225921631,0.0,0.1111111111111111,0.1,0.0,0.0,0
NetKeys,0.9165270131844027,0.039991708527367185,9,0.6150153006716714,39.796597957611084,0.6666666666666666,0.0,0.4,0.2222222222222222,0.0,2
Prim,0.8758346066889188,0.011525432713431915,10,0.5980832500217909,29.33808469772339,0.8333333333333334,0.2222222222222222,0.0,0.2222222222222222,0.0,1
Kruskal,0.8735404628121807,0.008454712279683821,9,0.6204377702934513,35.82832980155945,1.0,0.6666666666666666,0.8,0.0,0.0,3
GPrim,0.6143766981034176,0.025844976209209995,32,0.8367592476434763,45.77787518501282,1.0,1.0,1.0,1.0,0.0,4
