models,delta,spacing,onvg,hypervolume,time,c_Prufer,c_NetKeys,c_Prim,c_Kruskal,c_GPrim,score
Prufer,0.6625748405272405,0.0,2,0.69509852625692,36.295732736587524,0.0,0.0,0.0,0.0,0.0,0
NetKeys,0.9630627690377641,0.0,2,0.33659536312243604,55.539687633514404,1.0,0.0,0.0,0.0,0.0,1
Prim,0.934408178778919,0.0,2,0.33806558590205305,42.30084252357483,0.5,0.5,0.0,1.0,0.0,3
Kruskal,0.6572028901552729,0.0,2,0.9586486890207151,44.00556564331055,0.5,0.5,0.0,0.0,0.0,2
GPrim,0.8674349816026281,0.4068822649705156,4,2.3449323942479663,76.76831221580505,1.0,1.0,1.0,1.0,0.0,4
