models,delta,spacing,onvg,hypervolume,time,c_Prufer,c_NetKeys,c_Prim,c_Kruskal,c_GPrim,score
Prufer,0.6625748405272405,0.0,2,0.69509852625692,34.9730122089386,0.0,0.0,0.0,0.0,0.0,0
NetKeys,0.9630627690377641,0.0,2,0.33659536312243604,54.59101176261902,1.0,0.0,0.0,0.0,0.0,1
Prim,0.934408178778919,0.0,2,0.33806558590205305,39.81029152870178,0.5,0.5,0.0,1.0,0.0,3
Kruskal,0.6572028901552729,0.0,2,0.9586486890207151,44.75847315788269,0.5,0.5,0.0,0.0,0.0,2
GPrim,0.8674349816026281,0.4068822649705156,4,2.3449323942479663,77.85637354850769,1.0,1.0,1.0,1.0,0.0,4
