models,igd,delta,spacing,onvg,hypervolume,c_A,c_B,c_C,c_D,c_E,score
A,0.8616844004998706,0.8070175528537417,0.5774630769999322,4,0.010808495005821855,0.0,0.0,0.0,0.0,0.0,0
B,0.34278274412576215,0.6140350859482758,0.6324202179955734,10,0.03054271159598184,1.0,0.0,0.0,0.36363636363636365,0.0,1
C,0.2236068095408584,0.36032394510013604,0.26724894866603327,14,0.031012533736520263,1.0,0.9,0.0,0.7272727272727273,0.0,3
D,0.32015622374518315,0.6000000167726762,0.9045028589641398,11,0.032383309751706585,1.0,0.5,0.14285714285714285,0.0,0.0,2
E,0.00012471429842946937,6.117986058964593e-06,0.0004574304790149486,20,0.06293079101759741,1.0,1.0,1.0,1.0,0.0,4
