models,igd,delta,spacing,onvg,hypervolume,time,c_Prufer,c_NetKeys,c_Prim,c_Kruskal,c_GPrim,score
Prufer,0.03596409878267971,0.8257302907686025,0.03912443160719378,7,0.9056330485108287,16.456281661987305,0.0,0.5,0.125,0.0,0.0,1
NetKeys,0.032713020391148664,0.7386922193563725,0.014807633941175244,10,1.0637522188772939,20.48366379737854,0.2857142857142857,0.0,0.125,0.1,0.0,0
Prim,0.032695076957975376,0.7567543196250766,0.02476248001988677,8,0.9244697722811943,16.44014573097229,0.42857142857142855,0.4,0.0,0.2,0.0,2
Kruskal,0.02987087175482933,0.7435339863622162,0.014774726128262744,10,0.8943107160017071,19.376235723495483,1.0,0.6,0.5,0.0,0.0,3
GPrim,0.012211305590741111,0.6414141313734788,0.11748669245848045,20,1.438374431450436,23.42065453529358,1.0,0.7,0.75,0.5,0.0,4
