models,igd,delta,spacing,onvg,hypervolume,time,c_Prufer,c_NetKeys,c_Prim,c_Kruskal,c_GPrim,score
Prufer,0.09620126092301487,0.8093032368698725,0.03423116201783946,8,0.5911571696628846,15.818629503250122,0.0,0.14285714285714285,0.09090909090909091,0.1111111111111111,0.0,0
NetKeys,0.067023521513472,0.8564377997162148,0.2030559605578932,7,0.6254047205384654,21.30534338951111,0.5,0.0,0.36363636363636365,0.3333333333333333,0.0,3
Prim,0.09200337054692277,0.7306955831183066,0.004811768068648684,11,0.6263111583275844,16.08040761947632,0.75,0.2857142857142857,0.0,0.2222222222222222,0.05,2
Kruskal,0.09271900221251995,0.7780353197661903,0.035505819935959526,9,0.5925952693555155,18.46920680999756,0.875,0.14285714285714285,0.18181818181818182,0.0,0.0,1
GPrim,0.0010456902353563236,0.91023294795028,0.2355158258430429,20,2.4725782992694203,22.457499265670776,1.0,1.0,0.36363636363636365,0.4444444444444444,0.0,4
