models,igd,delta,spacing,onvg,hypervolume,c_A,c_B,c_C,c_D,c_E,score
A,0.047485864150189995,0.8795475869120134,0.05781029848297397,4,0.13855623789639337,0.0,0.0,0.0,0.0,0.0,0
B,0.024212776081847767,0.6573740374914043,0.04481475465615707,13,0.3947894833789089,1.0,0.0,0.06666666666666667,0.25,0.0,1
C,0.019331020773493454,0.5976063080123047,0.02253055417211511,15,0.4027301666612848,1.0,0.7692307692307693,0.0,0.5,0.0,3
D,0.03264432167185143,0.7083499647298944,0.06289267103636641,12,0.412412222544437,1.0,0.5384615384615384,0.2,0.0,0.0,2
E,0.012151793149944926,0.6427790794644641,0.1176377768951575,20,0.8064341801743669,1.0,0.9230769230769231,0.5333333333333333,1.0,0.0,4
