models,delta,spacing,onvg,hypervolume,c_A,c_B,c_C,c_D,c_E,c_F,score
A,0.8079789171479577,0.6901843953870057,4,0.0681960558218524,0.0,0.0,0.0,0.0,0.0,0.0,0
B,0.4801949122820307,0.005408714779182719,11,-1.3896684526649086,1.0,0.0,0.2,0.0625,0.05,0.1,1
C,0.5368284517160797,0.09290526436033739,10,1.6265761875315228,1.0,0.7272727272727273,0.0,0.1875,0.05,0.1,2
D,0.28565014230777014,0.15945139077205173,16,2.457855864559109,1.0,0.8181818181818182,0.3,0.0,0.05,0.15,3
E,0.2820329099207036,0.45792088720579327,20,26.29818593226753,1.0,0.9090909090909091,0.5,0.4375,0.0,0.25,5
F,0.2821260922145258,0.4578389783206554,20,26.25447159842348,1.0,0.7272727272727273,0.3,0.3125,0.2,0.0,4
