models,delta,spacing,onvg,hypervolume,c_A,c_B,c_C,c_D,c_E,c_F,score
A,0.8070175528537417,0.5774630769999322,4,0.010808495005821855,0.0,0.0,0.0,0.0,0.0,0.0,0
B,0.6691729540541761,6.386707328086941e-05,8,0.016377067833589082,1.0,0.0,0.16666666666666666,0.25,0.10526315789473684,0.0,1
C,0.7368421220387933,0.00010124409297503978,6,0.012359311902180007,1.0,0.625,0.0,0.25,0.15789473684210525,0.05,2
D,0.46411487106170346,0.00013069770346901458,12,0.029128407088431785,1.0,0.625,0.5,0.0,0.10526315789473684,0.0,3
E,0.052632899505024734,0.00016670975112434362,19,0.044980304440060376,1.0,0.75,0.3333333333333333,0.5,0.0,0.05,4
F,6.376170549030842e-06,0.0004572492379898384,20,0.0628922452092196,1.0,0.875,0.6666666666666666,0.5833333333333334,0.47368421052631576,0.0,5
