models,igd,delta,spacing,onvg,hypervolume,c_A,c_B,c_C,c_D,c_E,score
A,0.8616844007804829,0.8070175528537417,0.5774630769999322,4,0.010808495005821855,0.0,0.0,0.0,0.0,0.0,0
B,0.6538348462337891,0.6691729540541761,6.386707328086941e-05,8,0.016377067833589082,1.0,0.0,0.16666666666666666,0.25,0.0,1
C,1.018577441654112,0.7368421220387933,0.00010124409297503978,6,0.012359311902180007,1.0,0.625,0.0,0.25,0.05,2
D,0.3905124890896132,0.46411487106170346,0.00013069770346901458,12,0.029128407088431785,1.0,0.625,0.5,0.0,0.0,3
E,0.0001188617671172429,6.376170549030842e-06,0.0004572492379898384,20,0.0628922452092196,1.0,0.875,0.6666666666666666,0.5833333333333334,0.0,4
