models,igd,delta,spacing,onvg,hypervolume,time,c_A,c_B,c_C,c_D,c_E,score
A,0.04749360276225499,0.8767405660349837,0.04349921619681294,5,0.13732904883852068,12.944783210754395,0.0,0.0,0.0,0.0,0.0,0
B,0.032713020391148664,0.7386922193563725,0.014807633941175244,10,0.2481071206872249,20.48366379737854,1.0,0.0,0.125,0.5,0.0,1
C,0.032695076957975376,0.7567543196250766,0.02476248001988677,8,0.2529933460293041,16.44014573097229,1.0,0.4,0.0,0.4,0.0,2
D,0.032497951184405835,0.7391354425942438,0.021080024612069564,10,0.2532710464998096,19.04359006881714,1.0,0.5,0.625,0.0,0.0,2
E,0.012211305590741111,0.6414141313734788,0.11748669245848045,20,0.8061877872881159,23.42065453529358,1.0,0.7,0.75,0.9,0.0,4
