models,igd,delta,spacing,onvg,hypervolume,c_A,c_B,c_C,c_D,c_E,c_F,score
A,0.769740227834138,0.8947368448305131,1.5000578104009554,4,0.012374895494569028,0.0,0.0,0.0,0.0,0.0,0.0,0
B,0.5937171102058544,0.4210527213196983,0.0004228444700488515,12,0.03864324612551366,1.0,0.0,0.0,0.18181818181818182,0.0,0.0,1
C,0.46097723842040217,0.47368424656367353,5.6495344298433304e-05,11,0.021383003368869377,1.0,0.5833333333333334,0.0,0.2727272727272727,0.1,0.0,2
D,0.6020797367152916,0.47368426297625205,9.915291407063387e-05,11,0.024110914343944054,1.0,0.75,0.36363636363636365,0.0,0.0,0.0,3
E,6.640260570542303e-05,6.148384511566978e-06,0.0004588681083073274,20,0.06292332479534649,1.0,1.0,0.45454545454545453,0.6363636363636364,0.0,0.15,4
F,6.625838465355485e-05,6.194816277416895e-06,0.00045865379103904335,20,0.06292999424991763,1.0,1.0,0.5454545454545454,0.7272727272727273,0.3,0.0,5
