models,igd,delta,spacing,onvg,hypervolume,c_A,c_B,c_C,c_D,c_E,score
A,0.769740227834138,0.8947368448305131,1.5000578104009552,4,0.012374895494569028,0.0,0.0,0.0,0.0,0.0,0
B,0.7262919630656757,0.6766916441366793,0.3534882724228951,8,0.034222408098654955,1.0,0.0,0.125,0.08333333333333333,0.0,1
C,0.6538348527430211,0.6691729504862832,9.60749239526036e-05,8,0.017481205039346713,1.0,0.625,0.0,0.5,0.0,3
D,0.48989795605847564,0.4210526861248898,0.00023112399553458756,12,0.03026603650140401,1.0,0.875,0.25,0.0,0.0,2
E,0.11180343709506749,0.10526438085315559,0.00010716404334315179,18,0.037482202123589006,1.0,1.0,0.875,0.9166666666666666,0.0,4
