models,igd,delta,spacing,onvg,hypervolume,c_A,c_B,c_C,c_D,c_E,score
A,0.860232537185342,0.8157894800183363,9.867685479199762e-05,5,0.010584856677379868,0.0,0.0,0.0,0.0,0.0,0
B,0.6557438653201095,0.7192982645425885,0.4879977117528749,7,0.016439759380512533,1.0,0.0,0.1111111111111111,0.4444444444444444,0.05,2
C,0.6224949897469612,0.6184210751767616,7.906523048922477e-05,9,0.020605637584391857,1.0,0.7142857142857143,0.0,0.6666666666666666,0.0,3
D,0.7382411602193143,0.5789473981370693,0.0001351570250076163,9,0.020146201144823746,1.0,0.2857142857142857,0.2222222222222222,0.0,0.0,1
E,6.645284243568091e-05,6.457977362803446e-06,0.0004576288538918798,20,0.0628698269620118,1.0,0.8571428571428571,0.7777777777777778,1.0,0.0,4
