models,igd,delta,spacing,onvg,hypervolume,c_A,c_B,c_C,c_D,c_E,score
A,0.05485774051584517,0.8543239308488751,0.02557444165091926,5,0.13582414177722904,0.0,0.0,0.0,0.0,0.0,0
B,0.040340141174771596,0.7156548511817392,0.00046024188467293486,11,0.25945014174201797,1.0,0.0,0.23076923076923078,0.1,0.05,1
C,0.03183478933432594,0.6538327362335402,0.021542791763819596,13,0.33711160558879705,1.0,0.7272727272727273,0.0,0.3,0.0,2
D,0.041240475590916106,0.7335218906055879,0.023738925402770814,10,0.26792880063292907,1.0,0.9090909090909091,0.46153846153846156,0.0,0.0,3
E,0.016948661213618647,0.6451569509930175,0.11760528587876591,20,0.8063722416836825,1.0,0.9090909090909091,0.6153846153846154,0.8,0.0,4
