models,delta,spacing,onvg,hypervolume,time,c_Prufer,c_NetKeys,c_Prim,c_Kruskal,c_GPrim,score
Prufer,0.9220846666323637,0.016203186645108676,6.4,0.5170235200403297,26.117981338500975,0.0,0.04503968253968254,0.01,0.0,0.0,0.0
NetKeys,0.8902028390627302,0.0155967582224792,9.2,0.6396291006720819,40.14601628780365,0.8244047619047619,0.0,0.08611111111111111,0.06190476190476191,0.0,1.2
Prim,0.894777262490407,0.009432331468137458,8.7,0.5934829781875501,28.638096046447753,0.9833333333333334,0.5611002886002886,0.0,0.34132395382395386,0.0,2.1
Kruskal,0.8995915046473092,0.011045774638287235,8.2,0.5979313352093217,35.25737328529358,1.0,0.5887049062049063,0.34989898989898993,0.0,0.0032258064516129032,2.7
GPrim,0.5882665734171866,0.015600151254078687,31.9,0.8385561736488347,45.20241162776947,1.0,1.0,0.9464646464646463,0.9638888888888889,0.0,4.0
