models,delta,spacing,onvg,hypervolume,time,c_Prufer,c_NetKeys,c_Prim,c_Kruskal,c_GPrim,score
Prufer,0.9118655016609243,0.02849492655539606,5.3,0.4898921329053433,26.298370003700256,0.0,0.018181818181818184,0.0,0.0,0.0,0.0
NetKeys,0.8740136122056048,0.021361506949534165,8.9,0.59428336626773,39.85891978740692,0.8558333333333333,0.0,0.1140848040848041,0.05873015873015872,0.0,1.1
Prim,0.8790092312087964,0.013282136625487268,9.3,0.5923482506361701,28.22178945541382,0.9800000000000001,0.6640656565656566,0.0,0.23115079365079363,0.0029411764705882357,2.2
Kruskal,0.8973320362307804,0.013726300743518192,7.7,0.5711474710476208,34.240902519226076,1.0,0.6734848484848486,0.4066267066267065,0.0,0.0028571428571428567,2.6
GPrim,0.5789489749677714,0.032264308878505746,34.7,0.7734757379043449,42.96360929012299,1.0,1.0,0.990909090909091,0.9478174603174603,0.0,4.0
