models,delta,spacing,onvg,hypervolume,time,c_Prufer,c_NetKeys,c_Prim,c_Kruskal,c_GPrim,score
Prufer,0.8964276988901151,0.012252676646121846,7.7,0.6351625905504947,28.53512284755707,0.0,0.08777777777777777,0.014285714285714285,0.0125,0.0,0.1
NetKeys,0.8986912446104893,0.01214497011663077,8.0,0.6778772223397652,41.21751041412354,0.7857142857142857,0.0,0.1715873015873016,0.1124242424242424,0.0,1.2
Prim,0.8938752865587756,0.012142614508317997,8.8,0.6619491495385277,29.869682812690733,0.9297619047619048,0.528888888888889,0.0,0.31667748917748917,0.0028571428571428567,2.1
Kruskal,0.8981702051933862,0.010206001135958572,8.4,0.6798781404239647,35.929491543769835,0.9117063492063492,0.6496825396825396,0.3871825396825397,0.0,0.00857142857142857,2.6
GPrim,0.7025050859005288,0.059632574103444067,34.5,0.8727687475913551,44.72978150844574,1.0,1.0,0.9757142857142858,0.9427272727272727,0.0,4.0
