models,delta,spacing,onvg,hypervolume,c_A,c_B,c_C,c_D,c_E,score
A,0.897435873013001,1.6327714093786776,6,0.05425775082638814,0.0,0.0,0.0,0.0,0.0,0
B,0.8141025788012576,7.397155059458344e-05,9,0.0447564159822954,1.0,0.0,0.5,0.25,0.0,2
C,0.7389277596751033,0.28866891229164826,12,0.050604096870031735,1.0,0.2222222222222222,0.0,0.08333333333333333,0.0,1
D,0.7389277651382272,0.2886586959762284,12,0.06762905869093158,1.0,0.4444444444444444,0.6666666666666666,0.0,0.09090909090909091,3
E,0.46153859356190297,0.00032135053029486014,22,0.13877336971803692,1.0,1.0,1.0,0.8333333333333334,0.0,4
