models,delta,spacing,onvg,hypervolume,c_A,c_B,c_C,c_D,c_E,score
A,0.897435873013001,1.6327714093786776,6,0.05425775082638814,0.0,0.0,0.0,0.0,0.0,0
B,0.80586081862039,0.5344993095799976,8,0.04997803989449797,1.0,0.0,0.75,0.38461538461538464,0.0,3
C,0.8315018392496029,0.35352670534533587,8,0.044898873984295554,1.0,0.0,0.0,0.23076923076923078,0.0,1
D,0.7264957395760707,0.00016015714034943356,13,0.07949722994760684,1.0,0.125,0.625,0.0,0.0,2
E,0.677655706251717,4.645792831718964e-05,15,0.07006385268910958,1.0,1.0,1.0,0.8461538461538461,0.0,4
