models,delta,spacing,onvg,hypervolume,time,c_Prufer,c_NetKeys,c_Prim,c_Kruskal,c_GPrim,score
Prufer,0.8644435116783378,0.060484248529542005,5,0.4095366032925642,22.12704038619995,0.0,0.0,0.0,0.0,0.0,0
NetKeys,0.9000441145749367,0.01412633064381892,8,0.5321621728196879,23.820311069488525,1.0,0.0,0.5,0.45454545454545453,0.15,3
Prim,0.9069312064972636,0.020774119013207266,6,0.5191634148482398,27.528865814208984,1.0,0.375,0.0,0.18181818181818182,0.05,1
Kruskal,0.8337058982755653,0.007027304771459653,11,0.5546950512545084,32.572388887405396,1.0,0.375,0.5,0.0,0.0,2
GPrim,0.7059407831704708,0.02542246374331157,20,0.6615958275435999,39.97988772392273,1.0,0.625,0.8333333333333334,1.0,0.0,4
