models,delta,spacing,onvg,hypervolume,time,c_HMOEA,c_Prufer,c_NetKeys,c_Prim,c_Kruskal,c_GPrim,score
HMOEA,0.8683985885400599,0.0313869112105742,6.380000000000001,0.8768772902992483,324.97278955698016,0.0,0.3279357864357864,0.08413888888888886,0.06023809523809519,0.08351984126984123,0.0,0.6799999999999999
Prufer,0.9545084604884693,0.01735372786232952,6.33,0.6951669859706724,144.02252666950227,0.2135833333333333,0.0,0.004,0.01125,0.006984126984126959,0.0,0.43
NetKeys,0.981745246141795,inf,4.69,0.78158061764804,151.70781328201298,0.5087063492063492,0.9268567821067822,0.0,0.568329365079365,0.2351746031746032,0.0,3.0100000000000002
Prim,0.9716421444246783,inf,5.2,0.7342710863527724,115.83267548322677,0.37008333333333326,0.9552857142857143,0.11841666666666666,0.0,0.05642063492063489,0.0,2.17
Kruskal,0.9791096042723101,inf,4.16,0.8098866906862625,121.75518104314806,0.624984126984127,0.782882756132756,0.36273629148629144,0.3724920634920635,0.0,0.0,3.1399999999999997
GPrim,0.9791889565930131,0.04981192312747855,17.05,0.9435817035550406,197.42465032815932,1.0,1.0,1.0,0.998,1.0,0.0,5.0
