models,delta,spacing,onvg,hypervolume,time,c_Prufer,c_NetKeys,c_Prim,c_Kruskal,c_GPrim,score
Prufer,0.9514540406567946,0.021263797474294938,6.33,0.6933941578569083,144.02252666950227,0.0,0.004,0.01125,0.006984126984126959,0.0,0.01
NetKeys,0.9815458540873709,inf,4.69,0.7731566179435994,151.70781328201298,0.9268567821067822,0.0,0.568329365079365,0.2351746031746032,0.0,2.11
Prim,0.9710614122100637,inf,5.2,0.7237883634504525,115.83267548322677,0.9552857142857143,0.11841666666666666,0.0,0.05642063492063489,0.0,1.2799999999999998
Kruskal,0.9785025363412189,inf,4.16,0.7943096272478358,121.75518104314806,0.782882756132756,0.36273629148629144,0.3724920634920635,0.0,0.0,2.2
GPrim,0.9771614730258642,0.052113485633599764,17.05,0.9380217749914477,197.42465032815932,1.0,1.0,0.998,1.0,0.0,4.0
