models,delta,spacing,onvg,hypervolume,time,c_Prufer,c_NetKeys,c_Prim,c_Kruskal,c_GPrim,score
Prufer,0.9590085387122966,0.011643282692214464,7.1,0.6689334919309616,60.97173135280609,0.0,0.05333333333333333,0.0,0.02,0.0,0.0
NetKeys,0.9598459421571915,0.013418110191441549,6.9,0.7074974661133548,119.32648274898528,0.753095238095238,0.0,0.2098989898989899,0.05,0.0,1.3
Prim,0.9547161302307824,0.011138130452351796,7.9,0.702269101304678,69.10868227481842,0.9390476190476191,0.6246031746031746,0.0,0.18785714285714286,0.0,2.0
Kruskal,0.9703271553723483,0.009949358143484624,6.6,0.7320039405192175,93.56538889408111,0.9600000000000002,0.9246031746031746,0.5297474747474747,0.0,0.0,2.5
GPrim,0.8152448468333198,0.03540396133193387,68.0,0.9396938647439359,105.78154640197754,1.0,1.0,1.0,1.0,0.0,4.0
