models,delta,spacing,onvg,hypervolume,time,c_Prufer,c_NetKeys,c_Prim,c_Kruskal,c_GPrim,score
Prufer,0.9626801472215305,inf,4.1,0.4905168647566942,53.87492301464081,0.0,0.0,0.0,0.0,0.0,0.0
NetKeys,0.951601277445274,0.014144576776894407,9.2,0.6566112295144028,114.36234443187713,1.0,0.0,0.0,0.0,0.0,1.0
Prim,0.9621259085333284,0.011105430237416246,6.6,0.617680937125727,66.50055720806122,1.0,0.5808516483516484,0.0,0.35666666666666674,0.0,2.4
Kruskal,0.9637255701252293,0.009577538477432895,4.5,0.6118980272869314,82.77555005550384,1.0,0.5645604395604396,0.313015873015873,0.0,0.0,2.6
GPrim,0.8155232019434374,0.011061863956012526,39.9,0.843499627992529,115.72659320831299,1.0,1.0,1.0,1.0,0.0,4.0
