models,igd,delta,spacing,onvg,hypervolume,time,c_Prufer,c_NetKeys,c_Prim,c_Kruskal,c_GPrim,score
Prufer,0.05285042883476545,0.8246237088387403,0.0007095958149493212,7,0.15044735376507493,17.753190994262695,0.0,0.14285714285714285,0.1111111111111111,0.25,0.0,0
NetKeys,0.05205382404416642,0.8171889897141673,0.039946452560210365,7,0.20057848253583194,24.885108470916748,0.5714285714285714,0.0,0.4444444444444444,0.3333333333333333,0.0,3
Prim,0.044969316014649575,0.768668366585671,0.0006132230933843356,9,0.21262546355166972,17.84705138206482,0.7142857142857143,0.2857142857142857,0.0,0.4166666666666667,0.0,2
Kruskal,0.0393331644840388,0.6815983048006975,0.00044973472539642725,12,0.28314042715329757,21.013426542282104,0.2857142857142857,0.2857142857142857,0.3333333333333333,0.0,0.0,1
GPrim,0.016949810971742328,0.6419561272569559,0.11774918031597603,20,0.8068855102259936,25.9070987701416,1.0,0.7142857142857143,0.6666666666666666,0.5833333333333334,0.0,4
