models,igd,delta,spacing,onvg,hypervolume,time,c_A,c_B,c_C,c_D,c_E,score
A,0.05746622582810225,0.8730741302098878,0.02680635071393367,5,0.11547816545880248,12.410022974014282,0.0,0.0,0.0,0.0,0.0,0
B,0.05205382404416642,0.8171889897141673,0.039946452560210365,7,0.20057848253583194,24.885108470916748,1.0,0.0,0.4444444444444444,0.4444444444444444,0.0,3
C,0.044969316014649575,0.768668366585671,0.0006132230933843356,9,0.21262546355166972,17.84705138206482,1.0,0.2857142857142857,0.0,0.4444444444444444,0.0,2
D,0.044971679189688266,0.768616548845539,0.01619596319153759,9,0.214518571621873,21.02433156967163,1.0,0.14285714285714285,0.2222222222222222,0.0,0.0,1
E,0.016949810971742328,0.6419561272569559,0.11774918031597603,20,0.8068855102259936,25.9070987701416,1.0,0.7142857142857143,0.6666666666666666,0.7777777777777778,0.0,4
