models,igd,delta,spacing,onvg,hypervolume,time,c_Prufer,c_NetKeys,c_Prim,c_Kruskal,c_GPrim,score
Prufer,0.10031966243640444,0.8591759863452869,0.05491512005724335,6,0.5917853013294505,17.56154751777649,0.0,0.1111111111111111,0.14285714285714285,0.1111111111111111,0.0,0
NetKeys,0.08798024038010294,0.7838701579850588,0.05902655575695916,9,0.6561278770200771,22.725561141967773,0.8333333333333334,0.0,0.42857142857142855,0.1111111111111111,0.1,2
Prim,0.09677000126456559,0.810069839485508,0.03810222198603498,7,0.5985424691394802,17.756216287612915,0.8333333333333334,0.2222222222222222,0.0,0.1111111111111111,0.0,1
Kruskal,0.08736336401645206,0.7481547954190109,0.04413996383320536,9,0.6278462457231823,20.222694635391235,0.8333333333333334,0.2222222222222222,0.5714285714285714,0.0,0.1,3
GPrim,0.0007596139682303746,0.9119960803699031,0.23823693201900698,20,2.4958744752137965,24.509984254837036,0.8333333333333334,0.7777777777777778,0.7142857142857143,0.6666666666666666,0.0,4
