models,delta,spacing,onvg,hypervolume,c_1.6.9.0.0.1,c_1.6.9.0.1.1,c_1.6.9.0.2.1,c_1.6.9.0.3.1,c_1.6.9.0.4.1,c_1.6.9.0.5.1,score
1.6.9.0.0.1,0.4712261969536585,0.0011503117179433972,21.8,0.264994410011143,0.0,0.41510378510378504,0.4043071446732774,0.5169444444444444,0.3997843137254902,0.5021256038647344,3.4
1.6.9.0.1.1,0.4860365579846146,0.0008763617088191781,21.4,0.22548290612536448,0.35467579204421307,0.0,0.3924390686862082,0.44757936507936513,0.41645098039215683,0.608792270531401,3.4
1.6.9.0.2.1,0.5533802752791088,0.0005144647738135643,18.6,0.15564889768880016,0.3439946018893387,0.23895604395604395,0.0,0.4483730158730159,0.2988235294117647,0.5465700483091787,3.2
1.6.9.0.3.1,0.5658927137751094,0.0005012694106616913,18.4,0.15815521012702827,0.2482083413662361,0.26300366300366296,0.27168428317169735,0.0,0.29405882352941176,0.6132367149758454,2.2
1.6.9.0.4.1,0.6506411129882437,0.0003375679155685016,14.8,0.10070644069598829,0.274324272219009,0.24570207570207572,0.27037993534561044,0.3168055555555555,0.0,0.6462525879917184,2.4
1.6.9.0.5.1,0.7020979436917252,0.041775592817220035,12.8,0.06580424480948864,0.1284570400359874,0.05102564102564102,0.07080926955068831,0.06626984126984127,0.03333333333333333,0.0,0.2
