models,delta,spacing,onvg,hypervolume,c_1.6.4.0.0.1,c_1.6.4.0.1.1,c_1.6.4.0.2.1,c_1.6.4.0.3.1,c_1.6.4.0.4.1,c_1.6.4.0.5.1,score
1.6.4.0.0.1,0.8356782764666184,0.0001203075565358244,7.8,0.05207576031607135,0.0,0.2733333333333333,0.16666666666666666,0.17835497835497835,0.3472222222222222,0.35,1.8
1.6.4.0.1.1,0.8808547118943553,0.00022715886785290058,6.2,0.04405647820681789,0.5335714285714286,0.0,0.22666666666666666,0.252987012987013,0.5572222222222223,0.5107142857142858,2.8
1.6.4.0.2.1,0.8569800466650628,0.24212979115288907,7.0,0.05912914512473437,0.687142857142857,0.7233333333333334,0.0,0.4144588744588744,0.6016666666666668,0.6321428571428571,3.4
1.6.4.0.3.1,0.8639316434944198,0.0896191321963979,6.8,0.04777699075941242,0.6807142857142857,0.5233333333333333,0.5488888888888889,0.0,0.5572222222222223,0.6285714285714286,3.6
1.6.4.0.4.1,0.8479487257983955,0.08949203683050425,7.2,0.054439145516280485,0.5685714285714286,0.16666666666666666,0.2533333333333333,0.22502164502164498,0.0,0.45,2.0
1.6.4.0.5.1,0.8437118548164951,0.3853379966718669,7.4,0.06289718232290883,0.37857142857142856,0.27666666666666667,0.22222222222222224,0.1667532467532468,0.31333333333333335,0.0,1.2
