models,delta,spacing,onvg,hypervolume,time,c_Prufer,c_NetKeys,c_Prim,c_Kruskal,c_GPrim,score
Prufer,0.945743421648537,0.011547005383792622,4,0.10346734080559417,114.75766777992249,0.0,0.5,0.0,0.0,0.0,1
NetKeys,0.9205646347570181,0.0,2,0.1364871345350812,148.98155522346497,0.0,0.0,0.0,0.0,0.0,0
Prim,0.978324131359669,0.10792081123488144,3,0.3291655850230761,100.4888424873352,1.0,1.0,0.0,0.0,0.0,2
Kruskal,0.9587512625290668,0.0,2,0.13733045682119113,122.65475344657898,0.25,1.0,0.0,0.0,0.0,2
GPrim,0.9249622171001275,0.451166485580602,6,3.327839676982936,212.31813669204712,1.0,1.0,1.0,1.0,0.0,4
