models,delta,spacing,onvg,hypervolume,time,c_Prufer,c_NetKeys,c_Prim,c_Kruskal,c_GPrim,score
Prufer,0.9883809341925863,0.019245895049455147,4,0.5036217614397238,56.7195942401886,0.0,0.0,0.0,0.0,0.0,0
NetKeys,0.9944685415579305,0.006602692175323215,7,0.6804032657966818,124.96168279647827,1.0,0.0,0.2222222222222222,0.0,0.0,1
Prim,0.9423870559666371,0.010038782706036963,9,0.6518464228844204,66.15173864364624,1.0,0.2857142857142857,0.0,0.0,0.0,2
Kruskal,0.9632609111109627,0.018662067603967627,6,0.6521925568677215,82.75803589820862,1.0,0.7142857142857143,0.8888888888888888,0.0,0.0,3
GPrim,0.7850518017179511,0.0008076945822423451,41,0.8698494626517412,119.81304836273193,1.0,1.0,1.0,1.0,0.0,4
