models,delta,spacing,onvg,hypervolume,time,c_Prufer,c_NetKeys,c_Prim,c_Kruskal,c_GPrim,score
Prufer,0.9139377936018713,0.011105152411688211,11,0.6555981813540821,65.08104038238525,0.0,0.2857142857142857,0.0,0.0,0.0,0
NetKeys,0.9694769480511651,0.004565081872127825,7,0.7031334473564899,129.60374808311462,0.5454545454545454,0.0,0.0,0.0,0.0,1
Prim,0.9722034864293211,0.012089980796524907,4,0.6665870362274074,68.46737480163574,1.0,0.7142857142857143,0.0,0.2857142857142857,0.0,2
Kruskal,0.9649627514913199,0.009416320139791766,7,0.7324529794710902,80.37873840332031,1.0,1.0,0.5,0.0,0.0,3
GPrim,0.7243127705536193,0.022227247303796552,75,0.9396246777398571,105.08094429969788,1.0,1.0,1.0,1.0,0.0,4
