models,delta,spacing,onvg,hypervolume,time,c_Prufer,c_NetKeys,c_Prim,c_Kruskal,c_GPrim,score
Prufer,0.8784277446615476,0.021776256929634107,10.0,0.7632599160359831,27.8520165681839,0.0,0.07234848484848484,0.03587662337662337,0.03392857142857142,0.0,0.0
NetKeys,0.8917381396583732,0.01192867425959137,9.6,0.7744339155130716,39.47379648685455,0.8086435786435787,0.0,0.2692640692640692,0.19075549450549448,0.0026315789473684197,1.3
Prim,0.8676981229530281,0.00806354359098102,11.0,0.7649464603893785,29.66539704799652,0.8722871572871573,0.5388888888888889,0.0,0.30828296703296704,0.0026315789473684197,2.1
Kruskal,0.8285478560233365,0.01517098359817536,14.0,0.8580467031951642,34.54053609371185,0.94011544011544,0.6191919191919193,0.43730158730158725,0.0,0.0026315789473684197,2.5
GPrim,0.5991964635361139,0.03585264784553403,38.0,0.929611728271723,42.17617568969727,1.0,0.9791666666666667,0.9805555555555555,0.9712225274725274,0.0,4.0
