models,delta,spacing,onvg,hypervolume,time,c_A,c_B,c_C,c_D,c_E,score
A,0.8653235683011076,0.5957121594976786,6.7,0.03969367115616604,18.38685722351074,0.0,0.0,0.0,0.0,0.0,0.0
B,0.7883850076661358,0.613834565433669,10.6,0.059692198589353276,40.18353238105774,1.0,0.0,0.28006160506160505,0.2268692418692419,0.0,1.3
C,0.7499073741224783,0.18403970563813227,11.9,0.06295384374889422,28.754918813705444,1.0,0.5764074814074813,0.0,0.2769308469308469,0.0,2.0
D,0.7088415404693076,0.13492140908112932,13.6,0.08135154428134427,36.82834703922272,1.0,0.5823923298923298,0.476973026973027,0.0,0.0028571428571428567,2.7
E,0.13318020676899756,0.0006994102252841463,34.9,0.259057028747841,43.61996941566467,1.0,1.0,1.0,0.9733333333333334,0.0,4.0
