models,delta,spacing,onvg,hypervolume,time,c_A,c_B,c_C,c_D,c_E,score
A,0.9525450862611857,0.013140317050143766,6.1,0.06498666788586335,35.65325057506561,0.0,0.0,0.0,0.0,0.0,0.0
B,0.9451288785176514,0.011836822222062967,10.5,0.1108339669359519,127.49948732852936,1.0,0.0,0.3625937950937951,0.17235982112143106,0.0,1.8
C,0.9423394366330514,0.010546513693053736,9.5,0.10414504338549488,68.95472121238708,1.0,0.2596853146853147,0.0,0.19234315048556533,0.0,2.1
D,0.8958997986430365,0.0145957411171525,16.7,0.2013144551369229,102.36457176208496,0.9833333333333332,0.45392579642579645,0.23906565656565654,0.0,0.0,2.1
E,0.9272439039404483,0.06262609109150877,71.9,0.8327880427724921,102.46986424922943,1.0,1.0,1.0,1.0,0.0,4.0
