models,delta,spacing,onvg,hypervolume,time,c_Prufer,c_NetKeys,c_Prim,c_Kruskal,c_GPrim,score
Prufer,0.964178060763398,0.0057735026918962675,3,0.509849902934694,55.25755167007446,0.0,0.0,0.0,0.0,0.0,0
NetKeys,0.9065271326946264,0.010888614478928428,12,0.749056385705845,119.1732747554779,1.0,0.0,0.0,0.0,0.0,1
Prim,0.9617474183140289,0.003540754650693945,8,0.6429434505528402,68.11019039154053,1.0,0.4166666666666667,0.0,0.5454545454545454,0.0,3
Kruskal,0.946663905428832,0.01778016380171729,11,0.671642379220402,85.25862860679626,1.0,0.5833333333333334,0.125,0.0,0.0,2
GPrim,0.7791608822137974,0.004384913863122593,44,0.8849009342779255,118.80260491371155,1.0,1.0,1.0,1.0,0.0,4
