models,delta,spacing,onvg,hypervolume,time,c_Prufer,c_NetKeys,c_Prim,c_Kruskal,c_GPrim,score
Prufer,0.9695523550131717,0.0,2,0.6303234509875851,39.69571352005005,0.0,0.3333333333333333,0.5,0.0,0.0,0
NetKeys,0.9673657332077684,0.009552491451319565,3,0.6370395442688495,57.56640100479126,0.5,0.0,0.5,0.0,0.0,1
Prim,0.939279939571966,0.0,2,0.6357421306381441,45.290247440338135,0.5,0.6666666666666666,0.0,0.0,0.0,1
Kruskal,0.8581041854194276,0.0,2,0.6884796472760241,54.9199321269989,1.0,1.0,1.0,0.0,0.0,3
GPrim,0.8637861103774618,0.206590883248095,4,0.7055759606879234,76.35368371009827,1.0,1.0,1.0,0.5,0.0,4
