models,delta,spacing,onvg,hypervolume,time,c_Prufer,c_NetKeys,c_Prim,c_Kruskal,c_GPrim,score
Prufer,0.984646984534761,0.008362496724838712,5,0.6446352353920208,122.04595637321472,0.0,0.5,0.25,0.0,0.0,0
NetKeys,0.95487644529616,0.019869717517191028,6,0.653305837672329,132.9752848148346,0.6,0.0,0.0,0.0,0.0,1
Prim,0.9771032972799271,0.003021248184665819,4,0.6618185873754353,104.05372190475464,0.8,0.8333333333333334,0.0,0.0,0.0,2
Kruskal,0.9844893347200703,0.01012581664205839,4,0.7013901933370115,120.78471231460571,1.0,1.0,1.0,0.0,0.0,3
GPrim,0.9694256559267583,0.08585508024414747,24,1.1542964432292708,186.16686010360718,1.0,1.0,1.0,1.0,0.0,4
