models,delta,spacing,onvg,hypervolume,time,c_Prufer,c_NetKeys,c_Prim,c_Kruskal,c_GPrim,score
Prufer,0.9455360233148975,0.007335071958129478,11,0.7103236025877592,131.21379041671753,0.0,0.0,0.0,0.0,0.0,0
NetKeys,0.9511515935865452,0.005317980107281634,9,0.7700909307087999,144.63875675201416,1.0,0.0,0.8,0.0,0.0,2
Prim,0.975590153732159,0.019528292227754214,5,0.7297518024758414,113.40183925628662,0.9090909090909091,0.2222222222222222,0.0,0.0,0.0,1
Kruskal,0.9667152608110833,0.01744694019630725,7,0.8132451676285802,122.12669134140015,0.9090909090909091,0.7777777777777778,1.0,0.0,0.0,3
GPrim,1.0898939034930204,0.10540405756909274,24,0.9260270619867926,182.66466283798218,1.0,1.0,1.0,1.0,0.0,4
