models,delta,spacing,onvg,hypervolume,time,c_A,c_B,c_C,c_D,c_E,score
A,0.9459575442060676,0.01593052217145193,8,0.07418179178376058,35.77713632583618,0.0,0.0,0.0,0.0,0.0,0
B,0.9583586321013945,0.003667661091150235,10,0.07232620290462445,128.3732671737671,1.0,0.0,0.875,0.4666666666666667,0.0,3
C,0.9379581695773437,0.010240969973148146,8,0.10318405170824041,70.1357262134552,1.0,0.0,0.0,0.4666666666666667,0.0,2
D,0.9148441456351664,0.005869632993668104,15,0.1540364236589862,103.8903226852417,1.0,0.0,0.125,0.0,0.0,1
E,0.9283038957536508,0.062380654128805606,72,0.8385823746436482,100.99290537834167,1.0,1.0,1.0,1.0,0.0,4
