models,igd,delta,spacing,onvg,hypervolume,time,c_Prufer,c_NetKeys,c_Prim,c_Kruskal,c_GPrim,score
Prufer,0.09529897959903218,0.7885296118898099,0.032617079373126565,8,0.5526981033807625,16.055776119232178,0.0,0.1,0.0,0.0,0.0,0
NetKeys,0.07924422806014889,0.7387775859230076,0.06293019717378642,10,0.6155834304102974,21.196320056915283,0.75,0.0,0.3,0.1111111111111111,0.0,1
Prim,0.08041837885149748,0.775335578660601,0.043499907996922285,10,0.6151405277500874,15.970058917999268,1.0,0.6,0.0,0.1111111111111111,0.0,2
Kruskal,0.08445238554603354,0.7459551597812585,0.04822336554819199,9,0.645618983301131,18.201536893844604,0.75,0.7,0.5,0.0,0.0,3
GPrim,0.002006205129247422,0.9191275394508142,0.240808269501479,20,2.5376265617131164,22.609752416610718,1.0,1.0,0.7,0.7777777777777778,0.0,4
