models,igd,delta,spacing,onvg,hypervolume,time,c_A,c_B,c_C,c_D,c_E,score
A,0.024276409603609776,0.6920054179352924,0.013158692853870535,12,0.3201557501400113,16.55483603477478,0.0,0.3,0.16666666666666666,0.0,0.0,0
B,0.03532740776642591,0.7334062540619692,0.024194757867381733,10,0.2670129597785311,20.56119990348816,0.5,0.0,0.3333333333333333,0.09090909090909091,0.0,2
C,0.025943933470532844,0.6833363916110715,0.01952146399540616,12,0.30152081114081836,16.33193039894104,0.5,0.3,0.0,0.18181818181818182,0.0,1
D,0.029739611816450955,0.709197516716057,0.014551942213928675,11,0.26192075721751273,19.375386238098145,0.9166666666666666,0.7,0.6666666666666666,0.0,0.0,3
E,0.01223108359682731,0.6425349559011434,0.11741841750547706,20,0.8064421840744781,23.73013925552368,1.0,1.0,1.0,0.45454545454545453,0.0,4
