models,delta,spacing,onvg,hypervolume,c_A,c_B,c_C,c_D,c_E,c_F,score
A,0.7455236602369383,1.0852082071077216,7,4.396274969671492,0.0,0.0,0.0,0.0,0.0,0.0,0
B,0.3284282521644781,0.06894688143389396,15,1.0883985222491006,1.0,0.0,0.1111111111111111,0.46153846153846156,0.1,0.0,2
C,0.5853222565012031,0.08382923748818046,9,0.7481179962290767,1.0,0.4666666666666667,0.0,0.38461538461538464,0.05,0.0,2
D,0.4056683239801579,0.1720270558552274,13,4.888375400728439,1.0,0.4,0.4444444444444444,0.0,0.05,0.0,2
E,0.2755260633057861,0.45153006226870374,20,25.848460913817632,1.0,0.5333333333333333,0.6666666666666666,0.9230769230769231,0.0,0.16666666666666666,4
F,0.2460933077063577,0.20519207891277214,18,11.007212348475784,1.0,0.6,0.7777777777777778,0.9230769230769231,0.3,0.0,5
