models,igd,delta,spacing,onvg,hypervolume,time,c_Prufer,c_NetKeys,c_Prim,c_Kruskal,c_GPrim,score
Prufer,0.04434929120192361,0.6920054179352924,0.013158692853870535,12,0.6836130527987594,16.55483603477478,0.0,0.3,0.16666666666666666,0.0,0.0,0
NetKeys,0.04866099808872944,0.7334062540619692,0.024194757867381733,10,0.7226751547014452,20.56119990348816,0.5,0.0,0.3333333333333333,0.09090909090909091,0.0,2
Prim,0.045079652597386846,0.6833363916110715,0.01952146399540616,12,0.6881680085494293,16.33193039894104,0.5,0.3,0.0,0.18181818181818182,0.0,1
Kruskal,0.05010414909506433,0.709197516716057,0.014551942213928675,11,0.6490887453495056,19.375386238098145,0.9166666666666666,0.7,0.6666666666666666,0.0,0.0,3
GPrim,0.000271677023310807,0.6425349559011434,0.11741841750547706,20,0.7933991616872409,23.73013925552368,1.0,1.0,1.0,0.45454545454545453,0.0,4
