models,delta,spacing,onvg,hypervolume,c_A,c_B,c_C,c_D,c_E,c_F,score
A,0.7368421138084038,0.7562544120253237,7,0.023728813079671493,0.0,0.0,0.0,0.0,0.0,0.0,0
B,0.3082707391800513,6.894688143385344e-05,15,0.0333092953722491,1.0,0.0,0.1111111111111111,0.46153846153846156,0.1,0.0,2
C,0.578947396833597,8.382923748820797e-05,9,0.01793259631622908,1.0,0.4666666666666667,0.0,0.38461538461538464,0.05,0.0,2
D,0.3684211082228619,0.00017202705585522905,13,0.03066509288072844,1.0,0.4,0.4444444444444444,0.0,0.05,0.0,2
E,6.5348102293539685e-06,0.0004515300622686972,20,0.06246198594699318,1.0,0.5333333333333333,0.6666666666666666,0.9230769230769231,0.0,0.15,4
F,6.407207140766579e-06,0.00045789572691869434,20,0.06290048299482927,1.0,0.6666666666666666,0.7777777777777778,1.0,0.3,0.0,5
