models,igd,delta,spacing,onvg,hypervolume,time,c_Prufer,c_NetKeys,c_Prim,c_Kruskal,c_GPrim,score
Prufer,0.046811283298936954,0.7905080985922703,0.01949842430168211,8,0.6116637052955886,16.055776119232178,0.0,0.1,0.0,0.0,0.0,0
NetKeys,0.037908675775458825,0.7368370035265208,0.027668763800601195,10,0.6970410719163963,21.196320056915283,0.75,0.0,0.3,0.1111111111111111,0.0,1
Prim,0.04062319389605324,0.7425354271921015,0.017138084964767233,10,0.6968665772158021,15.970058917999268,1.0,0.6,0.0,0.1111111111111111,0.0,2
Kruskal,0.04760756313008451,0.7612767157568334,0.018999031816582638,9,0.7391753820674476,18.201536893844604,0.75,0.7,0.5,0.0,0.0,3
GPrim,0.0007904042915269381,0.6037950060884467,0.09487359337005745,20,0.8245058883600305,22.609752416610718,1.0,1.0,0.7,0.7777777777777778,0.0,4
