models,igd,delta,spacing,onvg,hypervolume,time,c_A,c_B,c_C,c_D,c_E,score
A,0.04691534776876437,0.8775455814927291,0.056433771970000324,4,0.1355485220513789,11.749207973480225,0.0,0.0,0.0,0.0,0.0,0
B,0.03532740776642591,0.7334062540619692,0.024194757867381733,10,0.2670129597785311,20.56119990348816,1.0,0.0,0.3333333333333333,0.09090909090909091,0.0,2
C,0.025943933470532844,0.6833363916110715,0.01952146399540616,12,0.30152081114081836,16.33193039894104,1.0,0.3,0.0,0.09090909090909091,0.0,1
D,0.029839716807234056,0.7095309228942613,0.014447184671735542,11,0.2596217646360176,19.487823963165283,1.0,0.5,0.6666666666666666,0.0,0.0,3
E,0.01223108359682731,0.6425349559011434,0.11741841750547706,20,0.8064421840744781,23.73013925552368,1.0,1.0,1.0,0.36363636363636365,0.0,4
