models,igd,delta,spacing,onvg,hypervolume,c_A,c_B,c_C,c_D,c_E,score
A,0.038897748187417695,0.7995653534779296,0.10641164277822969,7,0.2903620148787878,0.0,0.0,0.0,0.0,0.0,0
B,0.021518529210311308,0.6784487068889654,0.02074798509059819,13,0.36199179839303275,1.0,0.0,0.0,0.21428571428571427,0.0,1
C,0.018035378434826867,0.6262376719478396,0.03545729245846094,15,0.4253477255826984,1.0,0.9230769230769231,0.0,0.5,0.1,3
D,0.021789199500596938,0.6239146934239386,0.023172608395581697,14,0.379116072920822,1.0,0.6923076923076923,0.2,0.0,0.0,2
E,0.012205089757282047,0.645137195388233,0.11725196279393839,20,0.805977731628249,1.0,1.0,0.5333333333333333,0.7857142857142857,0.0,4
