models,igd,delta,spacing,onvg,hypervolume,c_A,c_B,c_C,c_D,c_E,c_F,score
A,0.5567764529935657,0.7368421134721266,0.7561864884698799,7,0.022650560056664482,0.0,0.0,0.0,0.0,0.0,0.0,0
B,0.2692582490978701,0.4122807461624298,8.092544104738368e-05,13,0.028238256209043695,1.0,0.0,0.0,0.21428571428571427,0.0,0.0,1
C,0.21794495917681425,0.2631579672048664,0.0001382976235049773,15,0.03318052537725513,1.0,0.9230769230769231,0.0,0.5,0.1,0.1,3
D,0.29580399708533156,0.3157895434446521,9.038244178610331e-05,14,0.029574086616407487,1.0,0.6923076923076923,0.2,0.0,0.0,0.0,2
E,0.00012437059237803313,6.324088676596941e-06,0.0004577317275639317,20,0.06290018291166528,1.0,1.0,0.5333333333333333,0.7857142857142857,0.0,0.1,4
F,0.00012413522849236678,6.5411293083710605e-06,0.00045732955568148506,20,0.06287271088885646,1.0,1.0,0.5333333333333333,0.7857142857142857,0.25,0.0,5
