models,delta,spacing,onvg,hypervolume,c_A,c_B,c_C,c_D,c_E,c_F,score
A,0.7455236602369383,1.0852082071077216,7,4.396274969671492,0.0,0.0,0.0,0.0,0.0,0.0,0
B,0.1980942585811887,0.06543930074387397,17,0.796219973430123,1.0,0.0,0.07142857142857142,0.14285714285714285,0.0,0.0,1
C,0.32872826793052784,0.06993546552409875,14,-0.7463081836553744,1.0,0.35294117647058826,0.0,0.14285714285714285,0.05,0.0,2
D,0.4098509208818195,0.18589372832195183,14,7.504869725552595,1.0,0.4117647058823529,0.35714285714285715,0.0,0.05,0.1,3
E,0.28223785141330665,0.45855097983682036,20,26.297043910170068,1.0,0.5294117647058824,0.35714285714285715,0.5714285714285714,0.0,0.3,5
F,0.2819611261467347,0.45758286525271125,20,26.27685862160054,1.0,0.5294117647058824,0.42857142857142855,0.5,0.05,0.0,4
