models,delta,spacing,onvg,hypervolume,time,c_A,c_B,c_C,c_D,c_E,score
A,0.9670233405910723,0.00581656265970701,6,0.03264014606480364,168.73389387130737,0.0,0.0,0.0,0.0,0.0,0
B,0.9870730872448141,0.016411077833679507,5,0.08384512601194051,1386.0597858428955,1.0,0.0,0.0,0.16666666666666666,0.0,1
C,0.9772015313901083,0.012884400058557347,4,0.04540537161375241,285.8980596065521,1.0,0.4,0.0,0.25,0.0,2
D,0.9433541698292489,0.004605731360579483,12,0.08948955120011909,600.4426417350769,1.0,0.2,0.25,0.0,0.0,2
E,0.9319587105625725,0.0016817080581411636,28,0.1020077077503154,467.01905703544617,1.0,1.0,1.0,1.0,0.0,4
