models,delta,spacing,onvg,hypervolume,time,c_A,c_B,c_C,c_D,c_E,score
A,0.9059828949425605,0.5771746774306905,4,0.04824080760052158,23.960387706756592,0.0,0.0,0.0,0.0,0.0,0
B,0.9743589615793378,0.0,2,0.023681730219077386,56.29578137397766,1.0,0.0,0.0,0.0,0.0,1
C,1.0,inf,1,0.0,41.351492166519165,1.0,1.0,0.0,0.0,0.0,2
D,1.0,inf,1,0.0,53.69644641876221,1.0,1.0,1.0,0.0,0.0,3
E,0.9230771786380284,0.003246373572844328,4,0.2359227311442737,77.98096799850464,1.0,1.0,1.0,1.0,0.0,4
