models,delta,spacing,onvg,hypervolume,c_A,c_B,c_C,c_D,c_E,score
A,0.8800086289756298,0.0032506936918011956,4,0.07680884280518518,0.0,0.0,0.0,0.0,0.0,0
B,0.9497005932991434,0.0,2,0.037705966882118504,1.0,0.0,0.0,0.0,0.0,1
C,1.0,inf,1,0.0,1.0,1.0,0.0,0.0,0.0,2
D,1.0,inf,1,0.0,1.0,1.0,1.0,0.0,0.0,3
E,0.8604632020928357,0.20675457965659252,4,0.37563533597299387,1.0,1.0,1.0,1.0,0.0,4
