models,igd,delta,spacing,onvg,hypervolume,time,c_Prufer,c_NetKeys,c_Prim,c_Kruskal,c_GPrim,score
Prufer,0.049464848071215727,0.739285288538235,0.015936764749748776,10,0.6809340670749829,16.467997312545776,0.0,0.5,0.0,0.2,0.0,0
NetKeys,0.04288266699687262,0.7149591168231232,0.03466441885518542,10,0.7198894184483358,22.073670387268066,0.5,0.0,0.08333333333333333,0.2,0.0,0
Prim,0.049179284925366384,0.6809196388630694,0.0006175444642014654,12,0.6468201752731834,16.559650897979736,0.8,0.6,0.0,0.5,0.0,3
Kruskal,0.04712558758650656,0.7290952533568258,0.02412554143010597,10,0.6439948178100814,19.65944743156433,0.6,0.5,0.16666666666666666,0.0,0.0,2
GPrim,7.938774433072098e-05,0.6433613275266064,0.11769624348897922,20,0.793782220143259,23.84779405593872,1.0,1.0,0.5,0.5,0.0,4
