models,delta,spacing,onvg,hypervolume,time,c_Prufer,c_NetKeys,c_Prim,c_Kruskal,c_GPrim,score
Prufer,0.9431810510109282,0.00894521323714005,12,0.5750499955481962,241.9676239490509,0.0,0.26666666666666666,0.0,0.0,0.0,1
NetKeys,0.9350989760142188,0.01050965527913939,15,0.6660774846016977,1144.941044807434,0.0,0.0,0.0,0.0,0.0,0
Prim,0.9775701489242248,0.0026753148203642273,9,0.6049622935712644,191.4112377166748,0.8333333333333334,0.4,0.0,0.3333333333333333,0.0,3
Kruskal,0.8745764990410085,0.012029298765168776,15,0.7553113300117938,345.87106370925903,0.4166666666666667,1.0,0.0,0.0,0.0,2
GPrim,0.7404509267436657,0.0023186488426372898,99,0.8194612792248073,248.88516879081726,1.0,1.0,1.0,1.0,0.0,4
