models,delta,spacing,onvg,hypervolume,time,c_Prufer,c_NetKeys,c_Prim,c_Kruskal,c_GPrim,score
Prufer,0.9344184557665985,0.0076693666594919874,11,0.7316976994318726,130.95950841903687,0.0,0.0,0.0,0.3,0.0,1
NetKeys,0.950960474501623,0.00655670872270191,10,0.7524107236918652,401.7393662929535,0.9090909090909091,0.0,0.0,0.35,0.0,2
Prim,0.9645541201031508,0.006040903033306732,12,0.7159216982454737,158.54372787475586,0.7272727272727273,0.5,0.0,0.3,0.0,3
Kruskal,0.8655387473403692,0.03490206502770865,20,0.8472533992767739,198.61450695991516,0.09090909090909091,0.1,0.0,0.0,0.0,0
GPrim,0.7895718470144518,0.005848825210778371,99,0.9324885094302977,216.07927417755127,1.0,1.0,1.0,1.0,0.0,4
