models,delta,spacing,onvg,hypervolume,time,c_A,c_B,c_C,c_D,c_E,score
A,0.9815745346316144,1.414023228285452,4,0.39202736280020734,167.98426795005798,0.0,0.0,0.0,0.0,0.0,0
B,0.9575656112933388,1.1007598549052302,10,1.664947384951075,1386.2798976898193,1.0,0.0,0.0,0.7142857142857143,0.0,2
C,0.9824120634647155,0.44734783496920394,5,0.2394723587276939,285.0784125328064,1.0,0.4,0.0,0.5714285714285714,0.0,3
D,0.9715242921366545,3.5589903939941263,7,1.0343328341259452,630.4165484905243,1.0,0.5,0.0,0.0,0.0,1
E,0.9088299040823071,0.21319107664192333,22,1.3908896632069419,471.80000615119934,1.0,1.0,1.0,1.0,0.0,4
