models,delta,spacing,onvg,hypervolume,time,c_Prufer,c_NetKeys,c_Prim,c_Kruskal,c_GPrim,score
Prufer,0.9182133614324389,0.008679494264539012,6,0.10729907843553135,24.657011032104492,0.0,0.0,0.0,0.0,0.0,0
NetKeys,0.850087358346,0.032371442220167114,10,0.21423499154148998,23.507049560546875,1.0,0.0,0.3,0.2222222222222222,0.0,1
Prim,0.8701409908526277,0.003021857607462565,10,0.1356624317383624,27.695332765579224,1.0,0.4,0.0,0.0,0.0,2
Kruskal,0.8813879323803026,0.006176609363435726,9,0.11845397512994135,31.925273895263672,1.0,0.7,0.7,0.0,0.0,3
GPrim,0.7227127236714903,0.03613275074066607,26,0.4820148934873908,40.84207272529602,1.0,1.0,1.0,1.0,0.0,4
