models,delta,spacing,onvg,hypervolume,c_A,c_B,c_C,c_D,c_E,score
A,0.8571428614078042,0.0001588311288728435,8,0.04153102069712391,0.0,0.0,0.0,0.0,0.0,0
B,0.798534807735863,0.7559049130281454,8,0.05926116727511211,1.0,0.0,0.07142857142857142,0.0,0.0,1
C,0.6666666907324724,0.00017718146932617438,14,0.06426552883963307,1.0,0.75,0.0,0.2,0.0,2
D,0.6996337071967448,0.2581999042702235,15,0.09456018369660867,1.0,0.875,0.5,0.0,0.0,3
E,0.230769334551283,5.90032034129025e-05,31,0.12990237050421302,1.0,1.0,1.0,1.0,0.0,4
