models,delta,spacing,onvg,hypervolume,c_A,c_B,c_C,c_D,c_E,c_F,score
A,0.8571428631603167,8.385624570624206e-05,8,0.03939457950211519,0.0,0.0,0.0,0.0,0.0,0.0,0
B,0.8461538569393487,1.1126712437869828,7,0.051764477475211186,1.0,0.0,0.0,0.14285714285714285,0.0,0.0,1
C,0.7743589919175228,0.4044919975737492,11,0.05720233356329256,1.0,1.0,0.0,0.5,0.0,0.0,3
D,0.7080868164297995,0.0001102675465873821,14,0.0785263194386834,1.0,0.8571428571428571,0.36363636363636365,0.0,0.0,0.0,2
E,0.12820765227489658,0.000700874809852134,35,0.25890843861856994,1.0,1.0,1.0,1.0,0.0,0.22857142857142856,4
F,0.12820765185404406,0.0006996351782546964,35,0.25904361974157525,1.0,1.0,1.0,1.0,0.22857142857142856,0.0,4
