models,delta,spacing,onvg,hypervolume,time,c_Prufer,c_NetKeys,c_Prim,c_Kruskal,c_GPrim,score
Prufer,0.9646651962567424,0.06324887329903427,4,0.43041888137732676,21.920857667922974,0.0,0.0,0.0,0.0,0.0,0
NetKeys,0.8749960025547207,0.03490717295633108,9,0.5498768528121387,23.514044046401978,1.0,0.0,0.6666666666666666,0.1111111111111111,0.0,2
Prim,0.8562924172488213,0.05009956573188392,9,0.5588667838331316,27.1770122051239,1.0,0.2222222222222222,0.0,0.0,0.0,1
Kruskal,0.8744628096143608,0.0169291060849231,9,0.54473482463208,31.847443342208862,1.0,0.5555555555555556,0.6666666666666666,0.0,0.0,3
GPrim,0.7197035154836542,0.007567408037474127,19,0.6263796593244355,39.178070068359375,1.0,1.0,1.0,1.0,0.0,4
