models,delta,spacing,onvg,hypervolume,c_A,c_B,c_C,c_D,c_E,score
A,0.8974358867006565,0.5474585329187961,5,0.0365475337845214,0.0,0.0,0.0,0.0,0.0,0
B,0.7897436009754325,8.020626614415927e-05,11,0.0590565937097197,1.0,0.0,0.16666666666666666,0.13333333333333333,0.0,1
C,0.7529137479840843,0.2886406037412243,12,0.0770187492332324,1.0,0.7272727272727273,0.0,0.3333333333333333,0.0,2
D,0.6410256860404504,0.0003037390796595791,15,0.08518165561405583,1.0,0.6363636363636364,0.3333333333333333,0.0,0.0,2
E,0.40811970488487853,3.237758643888159e-05,25,0.10176886203034619,1.0,1.0,1.0,0.8,0.0,4
