models,igd,delta,spacing,onvg,hypervolume,c_A,c_B,c_C,c_D,c_E,score
A,0.8366600366011088,0.7368421171018874,0.00015669980295631488,6,0.011614606593559947,0.0,0.0,0.0,0.0,0.0,0
B,0.3427827450343963,0.6140350910872713,0.42157428373577155,10,0.030412943440813578,1.0,0.0,0.7142857142857143,0.5,0.0,2
C,0.8046738577406594,0.6842105454177633,5.144380071340812e-06,7,0.012669030322541061,1.0,0.1,0.0,0.3,0.0,1
D,0.620483690785625,0.5263158373955616,0.0003072493459985947,10,0.02648409324817431,1.0,0.5,0.42857142857142855,0.0,0.0,2
E,6.658252368149162e-05,6.4256409979596116e-06,0.00045638244437191803,20,0.06286140357566661,1.0,1.0,1.0,1.0,0.0,4
