models,igd,delta,spacing,onvg,hypervolume,c_A,c_B,c_C,c_D,c_E,c_F,score
A,0.8366600366011088,0.7368421171018874,0.00015669980295631485,6,0.011614606593559947,0.0,0.0,0.0,0.0,0.0,0.0,0
B,0.331662496302639,0.36842110276601014,8.606340076785817e-05,13,0.026538826832830927,1.0,0.0,0.08333333333333333,0.07142857142857142,0.0,0.0,1
C,0.3872983560095535,0.42105267478675357,6.990852822731355e-06,12,0.0221656844401105,1.0,0.46153846153846156,0.0,0.2857142857142857,0.1,0.1,3
D,0.29580400211950925,0.3157895428787986,0.0001604466549546981,14,0.031309891076449964,1.0,0.5384615384615384,0.25,0.0,0.1,0.05,2
E,6.628202966313577e-05,6.5580336407276206e-06,0.00045807262560265043,20,0.06286594462198872,1.0,0.6153846153846154,0.3333333333333333,0.2857142857142857,0.0,0.0,4
F,6.620329733551893e-05,6.558011306918536e-06,0.00045835331444238825,20,0.06287660223489347,1.0,0.6153846153846154,0.3333333333333333,0.42857142857142855,0.15,0.0,5
