models,igd,delta,spacing,onvg,hypervolume,c_A,c_B,c_C,c_D,c_E,c_F,score
A,0.6800735369394576,0.710526316143641,0.547533341569701,5,0.01633006592796842,0.0,0.0,0.0,0.0,0.0,0.0,0
B,0.5123475520333218,0.47368425707956113,5.691723214473052e-05,11,0.02121103123717824,1.0,0.0,0.4,0.3,0.0,0.0,1
C,0.6204836922230841,0.5263158290889361,3.0737611997375193e-06,10,0.020604582982804577,1.0,0.5454545454545454,0.0,0.3,0.0,0.0,2
D,0.8455767292389081,0.5263158546955449,0.0002133343630025238,10,0.027025787813594528,1.0,0.45454545454545453,0.4,0.0,0.05,0.0,3
E,6.657535256287018e-05,6.451833807251272e-06,0.000458306285748478,20,0.06288670995901835,1.0,0.9090909090909091,0.8,0.7,0.0,0.1,4
F,6.631120296904479e-05,6.428918263295404e-06,0.0004592065749211226,20,0.06292745727930676,1.0,1.0,0.8,0.9,0.35,0.0,5
