models,igd,delta,spacing,onvg,hypervolume,c_A,c_B,c_C,c_D,c_E,score
A,0.6800735369394576,0.710526316143641,0.547533341569701,5,0.01633006592796842,0.0,0.0,0.0,0.0,0.0,0
B,0.6244998093737093,0.6766917537191566,0.3536893207497481,8,0.020455436426302247,1.0,0.0,0.3333333333333333,0.36363636363636365,0.0,1
C,0.5172040326612755,0.6315789679630043,0.00010181111397883304,9,0.023330842685726494,1.0,0.375,0.0,0.36363636363636365,0.0,3
D,0.48476799102350504,0.5368421297875975,0.3014687627418156,11,0.033677921676633964,1.0,0.375,0.3333333333333333,0.0,0.05,2
E,6.72722728945516e-05,5.807653935563306e-06,0.00045822225133724734,20,0.0629661660732034,1.0,1.0,1.0,0.9090909090909091,0.0,4
