models,delta,spacing,onvg,hypervolume,time,c_Prufer,c_NetKeys,c_Prim,c_Kruskal,c_GPrim,score
Prufer,0.9890489989235163,0.004475206795716638,5,0.5277135500121369,517.902813911438,0.0,0.0,0.0,0.0,0.0,0
NetKeys,0.972880956951892,0.0072907030710457465,11,0.633568093018258,1444.1694152355194,0.8,0.0,0.0,0.0,0.0,1
Prim,1.0,inf,1,0.6555647626993836,287.40781569480896,0.6,0.9090909090909091,0.0,1.0,0.0,3
Kruskal,0.9874915240536669,0.0028861730474043774,3,0.5997801350716525,457.9981801509857,0.2,0.36363636363636365,0.0,0.0,0.0,2
GPrim,0.9375469268239561,0.0029612138514593512,27,0.7945113898104207,564.3591322898865,1.0,1.0,1.0,1.0,0.0,4
