models,delta,spacing,onvg,hypervolume,time,c_HMOEA,c_Prufer,c_NetKeys,c_Prim,c_Kruskal,c_GPrim,score
HMOEA,0.8549301909183313,0.007429294468268148,7,0.9148012794232667,4512.739371776581,0.0,0.0,0.2222222222222222,0.0,0.0,0.0,1
Prufer,0.995034895393634,0.019185659330504264,5,0.5350452950094627,563.1896483898163,0.0,0.0,0.0,0.0,0.0,0.0,0
NetKeys,0.9776444466462069,0.0009733120411653926,9,0.5988161672806889,1402.9841647148132,0.14285714285714285,0.8,0.0,0.0,0.0,0.0,1
Prim,0.9819656960671332,0.014996024985798348,3,0.5947335814456404,283.0465204715729,0.14285714285714285,1.0,0.8888888888888888,0.0,0.0,0.0,3
Kruskal,0.9941877574919309,0.0,2,0.6844634323387206,458.6214818954468,0.42857142857142855,0.2,0.5555555555555556,0.0,0.0,0.0,3
GPrim,0.9383190482817744,0.003935575745004515,21,0.7976988255903565,545.9087743759155,0.5714285714285714,1.0,1.0,1.0,1.0,0.0,5
