models,igd,delta,spacing,onvg,hypervolume,time,c_Prufer,c_NetKeys,c_Prim,c_Kruskal,c_GPrim,score
Prufer,0.056649921132126566,0.776620212399788,0.022270281368733907,8,0.22985606254375934,17.128451347351074,0.0,0.1111111111111111,0.0,0.0,0.0,0
NetKeys,0.05155229020285148,0.7572250166579747,0.03621837205301171,9,0.26138503489968345,23.037964820861816,0.5,0.0,0.14285714285714285,0.0,0.05,1
Prim,0.04389827258987174,0.6341395434487845,0.020347729601670694,14,0.3713397215658026,19.420642137527466,0.625,0.3333333333333333,0.0,0.0,0.0,2
Kruskal,0.05019786231904855,0.7158764525958599,0.00038860142887641407,11,0.2596040785287257,20.310965061187744,0.875,0.6666666666666666,0.42857142857142855,0.0,0.15,4
GPrim,0.01107591408452926,0.6425684108187715,0.11743841456247853,20,0.8062105574461225,25.08261775970459,1.0,0.7777777777777778,0.42857142857142855,0.09090909090909091,0.0,3
