models,igd,delta,spacing,onvg,hypervolume,time,c_Prufer,c_NetKeys,c_Prim,c_Kruskal,c_GPrim,score
Prufer,0.08974965411225636,0.7557421560637918,0.04360484518005798,7,0.5823108094161223,17.675730228424072,0.0,0.14285714285714285,0.2222222222222222,0.0,0.0,0
NetKeys,0.09036523694494322,0.7585444300214199,0.04511616054611039,7,0.6248894681266282,22.221951246261597,0.5714285714285714,0.0,0.4444444444444444,0.25,0.0,1
Prim,0.08694571718310343,0.7462942255368477,0.043138108492021515,9,0.6255100251872248,17.124257802963257,0.7142857142857143,0.5714285714285714,0.0,0.3333333333333333,0.0,2
Kruskal,0.08378148457974315,0.7127724463702008,0.041473268021396476,12,0.6257662291653182,19.66341280937195,0.7142857142857143,0.5714285714285714,0.4444444444444444,0.0,0.05,3
GPrim,0.0005890921755623337,0.9172194933631471,0.23650837499440786,20,2.481648948219013,24.491619348526,0.8571428571428571,0.8571428571428571,0.7777777777777778,0.5833333333333334,0.0,4
