models,igd,delta,spacing,onvg,hypervolume,time,c_A,c_B,c_C,c_D,c_E,score
A,0.0631464577708049,0.8897995672021961,0.0680725106020463,5,0.1456098038933021,12.506336450576782,0.0,0.0,0.0,0.0,0.0,0
B,0.05155229020285148,0.7572250166579747,0.03621837205301171,9,0.26138503489968345,23.037964820861816,1.0,0.0,0.14285714285714285,0.1111111111111111,0.05,1
C,0.04389827258987174,0.6341395434487845,0.020347729601670694,14,0.3713397215658026,19.420642137527466,1.0,0.3333333333333333,0.0,0.0,0.0,2
D,0.053919860029533806,0.7679624693389373,0.015984768273900267,9,0.21434177953814076,20.92060923576355,1.0,0.4444444444444444,0.2857142857142857,0.0,0.0,3
E,0.01107591408452926,0.6425684108187715,0.11743841456247853,20,0.8062105574461225,25.08261775970459,1.0,0.7777777777777778,0.42857142857142855,0.4444444444444444,0.0,4
