models,delta,spacing,onvg,hypervolume,time,c_Prufer,c_NetKeys,c_Prim,c_Kruskal,c_GPrim,score
Prufer,0.924686145010177,0.0,2,0.5808992258050676,41.52232909202576,0.0,0.0,0.0,0.0,0.0,0
NetKeys,0.8984081452493351,0.03662110205891812,8,0.7141302637031268,54.385318994522095,1.0,0.0,0.4,0.16666666666666666,0.0,2
Prim,0.9143437545013472,0.07548876774648484,5,0.6808986407126254,43.12515568733215,1.0,0.375,0.0,0.16666666666666666,0.0,1
Kruskal,0.9347468867279783,0.04015783515744112,6,0.724460207807497,46.96301245689392,1.0,0.75,0.4,0.0,0.0,3
GPrim,0.9556508594246598,0.1605987819880041,9,0.8232428534763131,74.10169577598572,1.0,1.0,1.0,1.0,0.0,4
