models,igd,delta,spacing,onvg,hypervolume,c_A,c_B,c_C,c_D,c_E,c_F,score
A,0.610327796275271,0.76842103621599,0.516310444954217,6,0.021730259790031292,0.0,0.0,0.0,0.0,0.0,0.0,0
B,0.3316624984829234,0.36842109136390294,8.464605487420883e-05,13,0.026142052557330875,1.0,0.0,0.0,0.0,0.0,0.0,1
C,0.33166249437282536,0.3684210996920146,0.0001210717000365093,13,0.02790103583444966,1.0,0.6923076923076923,0.0,0.0,0.0,0.0,2
D,0.5937171085475024,0.4210527066022379,0.000230503282224717,12,0.031975284679649385,1.0,0.6923076923076923,0.38461538461538464,0.0,0.0,0.1,3
E,6.636849150680845e-05,6.451934140268447e-06,0.00045841714565982006,20,0.06291363812687734,1.0,0.6923076923076923,0.5384615384615384,0.6666666666666666,0.0,0.35,5
F,6.647209447533312e-05,6.427848083670655e-06,0.0004580247044612818,20,0.06290628880381535,1.0,0.6923076923076923,0.5384615384615384,0.5833333333333334,0.1,0.0,4
