models,igd,delta,spacing,onvg,hypervolume,c_A,c_B,c_C,c_D,c_E,score
A,0.6082762688106762,0.7192982335322726,0.4878794901875313,7,0.02153349196927542,0.0,0.0,0.0,0.0,0.0,0
B,0.6982120127618636,0.631578967364051,9.077827667007111e-05,8,0.015841021407761856,1.0,0.0,0.42857142857142855,0.2222222222222222,0.0,1
C,0.6082762670053516,0.7192982602983563,0.37796441489879123,7,0.016484655187929798,1.0,0.625,0.0,0.3333333333333333,0.0,3
D,0.6224949884224985,0.6184210708177067,0.33330146829668733,9,0.02204957117457601,1.0,0.375,0.2857142857142857,0.0,0.0,2
E,6.669407929296264e-05,6.246372752342754e-06,0.0004590494377329301,20,0.06292538878521763,1.0,1.0,0.8571428571428571,1.0,0.0,4
