models,delta,spacing,onvg,hypervolume,time,c_A,c_B,c_C,c_D,c_E,score
A,0.9783370923397838,0.004929067466315296,7,0.04638597354601987,118.76816415786743,0.0,0.0,0.0,0.0,0.0,0
B,0.938194823836028,0.006363546113380738,15,0.163042037812491,1141.8869278430939,0.5714285714285714,0.0,0.0,0.0,0.0,1
C,0.971487396940984,0.003119171673205737,14,0.07790818459181326,189.45208978652954,1.0,0.6,0.0,0.0,0.0,2
D,0.9260436245578535,0.006023207789264191,22,0.13248979961265858,407.40381050109863,1.0,1.0,0.35714285714285715,0.0,0.0,3
E,0.722156290793461,0.0025571346246179767,98,0.4059323096211697,254.19449615478516,1.0,1.0,1.0,0.9090909090909091,0.0,4
