models,delta,spacing,onvg,hypervolume,time,c_A,c_B,c_C,c_D,c_E,score
A,0.9382674208232927,0.0,2,0.02751077843345935,52.35512042045593,0.0,0.0,0.0,0.0,0.0,0
B,1.0,inf,1,0.0,152.97118544578552,1.0,0.0,0.0,0.0,0.0,1
C,1.0,inf,1,0.0,103.11289501190186,1.0,1.0,0.0,0.0,0.0,2
D,1.0,inf,1,0.0,150.17113065719604,1.0,1.0,1.0,0.0,0.0,3
E,0.9065945962130699,0.1833015913288731,6,0.4247674162142544,230.57135391235352,1.0,1.0,1.0,1.0,0.0,4
