models,delta,spacing,onvg,hypervolume,c_A,c_B,c_C,c_D,c_E,score
A,0.9382674208232927,0.0,2,0.02751077843345935,0.0,0.0,0.0,0.0,0.0,0
B,1.0,inf,1,0.0,1.0,0.0,0.0,0.0,0.0,1
C,1.0,inf,1,0.0,1.0,1.0,0.0,0.0,0.0,2
D,1.0,inf,1,0.0,1.0,1.0,1.0,0.0,0.0,3
E,0.9065945962130699,0.1833015913288731,6,0.4247674162142544,1.0,1.0,1.0,1.0,0.0,4
