models,delta,spacing,onvg,hypervolume,time,c_Prufer,c_NetKeys,c_Prim,c_Kruskal,c_GPrim,score
Prufer,0.91015196277881,0.017038863087792424,10,0.5311419044853148,607.766850233078,0.0,0.0,0.0,0.0,0.0,0
NetKeys,1.0488257875278573,0.0010563659832152064,6,0.6713988425686224,1376.121594429016,1.0,0.0,0.0,0.8,0.0,2
Prim,0.9695857522449743,0.021121034378059633,3,0.5718417020205244,290.14244508743286,1.0,0.3333333333333333,0.0,0.0,0.0,2
Kruskal,0.9583624693250139,0.02411767041353272,5,0.6507150195383251,437.69362902641296,0.8,0.0,0.3333333333333333,0.0,0.0,2
GPrim,0.9386584319491375,0.0029053794629117138,28,0.7867264475048589,462.45292019844055,1.0,1.0,1.0,1.0,0.0,4
