models,delta,spacing,onvg,hypervolume,time,c_A,c_B,c_C,c_D,c_E,score
A,0.8925506159337382,0.008857367938201029,8,0.12161367240799387,29.50738215446472,0.0,0.0,0.0,0.0,0.0,0
B,0.920393289707572,0.019470245080862734,7,0.1104426975714513,40.56622910499573,0.75,0.0,0.3,0.25,0.0,2
C,0.8703163471104403,0.010159141420525283,10,0.13658562596843438,29.633249521255493,1.0,0.2857142857142857,0.0,0.25,0.0,1
D,0.9025348124241171,0.017357739140572353,8,0.11701304668050043,36.481138706207275,0.75,0.42857142857142855,0.4,0.0,0.0,3
E,0.7931992361602158,0.08738432116616453,35,0.8187286358338529,43.0388822555542,1.0,1.0,1.0,1.0,0.0,4
