models,delta,spacing,onvg,hypervolume,time,c_Prufer,c_NetKeys,c_Prim,c_Kruskal,c_GPrim,score
Prufer,0.8796290712382291,0.01830792638459665,6,0.4513837517192772,26.029505968093872,0.0,0.0,0.0,0.0,0.0,0
NetKeys,0.8776773104661387,0.04520639518353715,11,0.5930092152016567,40.65332007408142,0.8333333333333334,0.0,0.07692307692307693,0.0,0.0,1
Prim,0.8338990543589592,0.0156598584177113,13,0.571629254750929,27.929919958114624,1.0,0.5454545454545454,0.0,0.25,0.0,3
Kruskal,0.909209683291735,0.01632451725018014,8,0.5696147285096413,34.99472427368164,1.0,0.8181818181818182,0.23076923076923078,0.0,0.02857142857142857,2
GPrim,0.5931433740413984,0.03400329965592525,35,0.7735176936952737,41.80096793174744,1.0,1.0,1.0,0.875,0.0,4
