models,delta,spacing,onvg,hypervolume,c_A,c_B,c_C,c_D,c_E,score
A,0.9597989963741175,2.4494150801630985,5,0.36930030688255,0.0,0.0,0.0,0.0,0.0,0
B,0.9287614299541979,1.4950942548845454,18,1.5220363509647166,0.6,0.0,0.0,0.0,0.0,1
C,0.9154103871785811,1.3204208875882164,13,0.6714701140572166,1.0,0.3333333333333333,0.0,0.2,0.0,2
D,0.9005554035951001,0.6050116369527541,20,1.3114971971223177,1.0,1.0,0.46153846153846156,0.0,0.0,3
E,0.9040657879038477,0.3443504574985854,23,0.7701580257374201,1.0,0.4444444444444444,1.0,0.4,0.0,4
