models,delta,spacing,onvg,hypervolume,time,c_Prufer,c_NetKeys,c_Prim,c_Kruskal,c_GPrim,score
Prufer,1.0,inf,1,0.24489059176107592,35.053844928741455,0.0,0.0,0.0,0.0,0.0,0
NetKeys,0.9146155766270988,0.31641388063696496,4,0.9026976044941705,55.19580030441284,1.0,0.0,0.0,0.0,0.0,1
Prim,0.8961739775576519,0.0,2,0.3439533023924679,40.998586893081665,1.0,1.0,0.0,0.0,0.0,2
Kruskal,0.7528185844991427,0.0,2,0.3477087822350498,47.230639696121216,1.0,0.5,0.5,0.0,0.0,3
GPrim,0.866308165504216,0.41017824239577166,4,2.3347420556750738,75.56894493103027,1.0,1.0,1.0,1.0,0.0,4
