models,delta,spacing,onvg,hypervolume,time,c_Prufer,c_NetKeys,c_Prim,c_Kruskal,c_GPrim,score
Prufer,1.0,inf,1,0.5562911875490968,40.397478103637695,0.0,0.0,0.0,0.0,0.0,0
NetKeys,0.8358188206837207,0.0,2,0.631452652547898,59.43919563293457,1.0,0.0,0.0,0.0,0.0,1
Prim,0.961944890005006,0.0,2,0.655466383641744,45.25293827056885,1.0,1.0,0.0,0.0,0.0,2
Kruskal,1.0,inf,1,0.6756782255763787,47.562031507492065,1.0,1.0,1.0,0.0,0.0,3
GPrim,0.858458566778295,0.2075273358251163,4,0.7054306014793975,78.13694190979004,1.0,1.0,1.0,0.0,0.0,3
