models,delta,spacing,onvg,hypervolume,c_A,c_B,c_C,c_D,c_E,c_F,score
A,0.7664639579530261,0.4914951294496487,6,4.007539122542035,0.0,0.0,0.0,0.0,0.0,0.0,0
B,0.5789408992703503,0.07926132275784128,10,1.4787305338945202,1.0,0.0,0.2222222222222222,0.3333333333333333,0.0,0.0,1
C,0.5866745688637269,0.09742497244687194,9,-0.5792041104978942,1.0,0.7,0.0,0.5833333333333334,0.0,0.0,3
D,0.4531756420402028,0.09471539444455236,12,1.773564822836672,1.0,0.5,0.2222222222222222,0.0,0.0,0.0,2
E,0.2604824526741754,0.2916171630518437,19,19.42839019807478,1.0,1.0,1.0,1.0,0.0,0.45,5
F,0.478539762478798,0.874844865094343,20,53.56762466556545,1.0,1.0,1.0,1.0,0.10526315789473684,0.0,4
