models,delta,spacing,onvg,hypervolume,c_A,c_B,c_C,c_D,c_E,c_F,score
A,0.768421007899906,0.0004920927698514676,6,0.028865747002190155,0.0,0.0,0.0,0.0,0.0,0.0,0
B,0.5157895279537817,0.3014805940084839,11,0.049415787141280934,1.0,0.0,0.3333333333333333,0.2727272727272727,0.0,0.0,1
C,0.6184211197984549,0.33336122670496776,9,0.03705410119286927,1.0,0.6363636363636364,0.0,0.36363636363636365,0.0,0.0,2
D,0.5157895909035357,0.3015317927897938,11,0.049916365602473894,1.0,0.6363636363636364,0.4444444444444444,0.0,0.0,0.0,3
E,0.1578960087771329,0.00013781873414199893,17,0.06741334971849663,1.0,1.0,1.0,1.0,0.0,0.17647058823529413,4
F,0.1578960226102843,0.00011894300703194312,17,0.06655421284906948,1.0,1.0,1.0,1.0,0.47058823529411764,0.0,5
