models,delta,spacing,onvg,hypervolume,c_A,c_B,c_C,c_D,c_E,score
A,0.9245924260822985,0.024087815047952914,4,0.09098111264145856,0.0,0.0,0.0,0.0,0.0,0
B,0.8660438475480825,0.020736575336807814,10,0.1785296805431172,1.0,0.0,0.38461538461538464,0.16666666666666666,0.0,2
C,0.824133263940894,0.007518696856229951,13,0.1744570296736736,1.0,0.2,0.0,0.16666666666666666,0.0,1
D,0.8424780082643647,0.018860818640508713,12,0.21331726974352355,1.0,0.5,0.38461538461538464,0.0,0.0,3
E,0.911751239331931,0.10917910531986569,22,0.6532840458391693,1.0,1.0,1.0,1.0,0.0,4
