models,delta,spacing,onvg,hypervolume,c_A,c_B,c_C,c_D,c_E,score
A,0.9059829083879499,1.4141243147510116,4,0.028752942990305445,0.0,0.0,0.0,0.0,0.0,0
B,0.7897436002932273,0.6030000038658866,11,0.05590376792726613,1.0,0.0,0.375,0.25,0.0,1
C,0.8424908468536254,0.35351778531521744,8,0.04231549880116323,1.0,0.45454545454545453,0.0,0.25,0.0,2
D,0.7529137827636591,0.3892305998969594,12,0.07946485672965374,1.0,0.36363636363636365,0.375,0.0,0.0,3
E,0.6153846479216203,8.089059936946059e-05,16,0.06605721502372329,1.0,1.0,1.0,0.75,0.0,4
