models,delta,spacing,onvg,hypervolume,c_A,c_B,c_C,c_D,c_E,score
A,0.8861421205870784,0.009040150429488632,8,0.11189214439213728,0.0,0.0,0.0,0.0,0.0,0
B,0.8515933718582241,0.030076047870764757,9,0.22225417816574933,1.0,0.0,0.2727272727272727,0.25,0.0,1
C,0.853784520870197,0.006333874926686623,11,0.15029903397068003,1.0,0.7777777777777778,0.0,0.3333333333333333,0.0,2
D,0.8498622757357753,0.024086295924789038,12,0.22720508336281592,1.0,0.4444444444444444,0.45454545454545453,0.0,0.0,3
E,0.7908075974850709,0.08835144575439775,35,0.8195994203258083,1.0,1.0,1.0,1.0,0.0,4
