models,delta,spacing,onvg,hypervolume,time,c_Prufer,c_NetKeys,c_Prim,c_Kruskal,c_GPrim,score
Prufer,0.7968774045978805,0.010767126121883441,15,0.2016025610499369,28.371037006378174,0.0,0.1111111111111111,0.0,0.0,0.0,0
NetKeys,0.8515933718582241,0.030076047870764757,9,0.22225417816574933,39.397112131118774,0.7333333333333333,0.0,0.2727272727272727,0.3333333333333333,0.0,1
Prim,0.853784520870197,0.006333874926686623,11,0.15029903397068003,28.548123598098755,1.0,0.7777777777777778,0.0,0.5,0.0,3
Kruskal,0.7598192144280848,0.006575345165583357,18,0.2684801943027865,34.354666233062744,1.0,0.4444444444444444,0.18181818181818182,0.0,0.0,2
GPrim,0.7908075974850709,0.08835144575439775,35,0.8195994203258083,42.61091423034668,1.0,1.0,1.0,1.0,0.0,4
