models,delta,spacing,onvg,hypervolume,time,c_Prufer,c_NetKeys,c_Prim,c_Kruskal,c_GPrim,score
Prufer,0.8649348639045102,0.09046379496649504,10,0.6426562971193583,27.356326580047607,0.0,0.0,0.0,0.0,0.0,0
NetKeys,0.8300086251838416,0.024873419123625538,11,0.6831967764243041,39.264352798461914,1.0,0.0,0.4166666666666667,0.07692307692307693,0.0,1
Prim,0.8148891229401501,0.01451675782723754,12,0.6811501377937429,29.674328565597534,1.0,0.5454545454545454,0.0,0.15384615384615385,0.0,2
Kruskal,0.7965840535019925,0.06766409978842498,13,0.7222652503115945,34.859811544418335,1.0,0.7272727272727273,0.75,0.0,0.0,3
GPrim,1.0164774267922525,0.166647256932301,38,2.7354313434828357,42.75335931777954,1.0,1.0,1.0,1.0,0.0,4
