models,delta,spacing,onvg,hypervolume,time,c_Prufer,c_NetKeys,c_Prim,c_Kruskal,c_GPrim,score
Prufer,0.9790474996006864,0.00668805237038123,6.3,0.535410685599499,558.8905161380768,0.0,0.10194444444444443,0.08412698412698412,0.0,0.0,0.3
NetKeys,0.9860273982989802,0.01601375759979035,6.1,0.6085301715236575,1403.9011167526246,0.5461904761904762,0.0,0.27984126984126984,0.24166666666666664,0.0,1.5
Prim,0.9836365783304537,inf,5.2,0.587792828587175,280.85091483592987,0.7936507936507936,0.36666666666666664,0.0,0.2166666666666667,0.0,1.9
Kruskal,0.9786177617261552,inf,3.2,0.6529200933424919,459.8618249177933,0.5325396825396826,0.48888888888888893,0.22984126984126982,0.0,0.0,1.9
GPrim,0.9465026460550959,0.0020750220347414902,22.9,0.8151791725148417,550.5879489183426,1.0,1.0,1.0,1.0,0.0,4.0
