models,delta,spacing,onvg,hypervolume,time,c_Prufer,c_NetKeys,c_Prim,c_Kruskal,c_GPrim,score
Prufer,0.9693831365222174,0.006154682122858992,6.9,0.5278575905112777,543.7564107179642,0.0,0.08888888888888888,0.05952380952380952,0.0,0.0,0.3
NetKeys,0.9741803481510111,inf,7.3,0.6114560221934913,1439.1365075349809,0.5346031746031746,0.0,0.2214285714285714,0.15833333333333333,0.0,1.3
Prim,0.9788684088770309,inf,4.1,0.5845257332530845,284.4333075761795,0.713452380952381,0.47932178932178937,0.0,0.23333333333333334,0.0,1.9
Kruskal,0.9902648699451897,inf,3.0,0.6151917276151618,462.0572242498398,0.38003968253968246,0.4717171717171718,0.330952380952381,0.0,0.0,2.2
GPrim,0.9401871156281334,0.0021655783405640215,26.1,0.7976301336304321,575.4675607919693,1.0,1.0,1.0,1.0,0.0,4.0
