models,igd,delta,spacing,onvg,hypervolume,time,c_Prufer,c_NetKeys,c_Prim,c_Kruskal,c_GPrim,score
Prufer,0.04886183353939065,0.7346502171489334,0.02142311212458989,10,0.6421133234527033,17.18574595451355,0.0,0.3333333333333333,0.2,0.1,0.0,0
NetKeys,0.04926384752393231,0.7566484554714225,0.024609540474892506,9,0.6887270273712963,23.957062005996704,0.5,0.0,0.1,0.0,0.0,1
Prim,0.05239159828101768,0.7343508001021986,0.016028515335582586,10,0.6048585534925078,17.438900470733643,0.7,0.5555555555555556,0.0,0.1,0.0,2
Kruskal,0.05222009741706364,0.7443819502537212,0.0006683831189641074,10,0.6915562029319499,21.664835691452026,0.9,0.7777777777777778,0.2,0.0,0.0,3
GPrim,4.0440067814439223e-05,0.642762074947856,0.11780760987878268,20,0.7943386534119012,25.382773637771606,1.0,1.0,0.4,0.6,0.0,4
