models,igd,delta,spacing,onvg,hypervolume,time,c_Prufer,c_NetKeys,c_Prim,c_Kruskal,c_GPrim,score
Prufer,0.044673658195664476,0.7923851751527411,0.01861413416056534,8,0.6539357031818126,17.153167247772217,0.0,0.2222222222222222,0.125,0.16666666666666666,0.0,0
NetKeys,0.04743854999406823,0.7612153208045305,0.020015442808177603,9,0.7409373754347064,22.666959762573242,0.5,0.0,0.375,0.16666666666666666,0.0,1
Prim,0.04972013302943517,0.795298644529743,0.0014889026857372774,8,0.658057007891081,18.197109937667847,0.75,0.4444444444444444,0.0,0.16666666666666666,0.0,2
Kruskal,0.058171387504659874,0.8519709352895275,0.0007779295615552198,6,0.6579294523358258,20.06318426132202,0.875,0.5555555555555556,0.25,0.0,0.0,3
GPrim,0.00017237254315285668,0.599735500396278,0.09342120043926413,20,0.8258555446629013,24.47136950492859,1.0,0.8888888888888888,0.5,0.5,0.0,4
