models,igd,delta,spacing,onvg,hypervolume,time,c_Prufer,c_NetKeys,c_Prim,c_Kruskal,c_GPrim,score
Prufer,0.040302964548164934,0.7346502171489334,0.02142311212458989,10,0.24992836110032204,17.18574595451355,0.0,0.3333333333333333,0.2,0.1,0.0,0
NetKeys,0.040732633062166415,0.7566484554714225,0.024609540474892506,9,0.25425843241268964,23.957062005996704,0.5,0.0,0.1,0.0,0.0,1
Prim,0.043217863653109645,0.7343508001021986,0.016028515335582586,10,0.23862177373515708,17.438900470733643,0.7,0.5555555555555556,0.0,0.1,0.0,2
Kruskal,0.04305663391162446,0.7443819502537212,0.0006683831189641074,10,0.23655076382349793,21.664835691452026,0.9,0.7777777777777778,0.2,0.0,0.0,3
GPrim,0.016939791398332717,0.642762074947856,0.11780760987878268,20,0.8070000222297796,25.382773637771606,1.0,1.0,0.4,0.6,0.0,4
