models,delta,spacing,onvg,hypervolume,time,c_Prufer,c_NetKeys,c_Prim,c_Kruskal,c_GPrim,score
Prufer,0.7589338988243666,0.01609151083049605,13,0.5715234676899936,22.6994731426239,0.0,0.0,0.0,0.0,0.0,0
NetKeys,0.7777215719933116,0.035783311708710214,13,0.6531403017383733,25.115137338638306,1.0,0.0,0.4,0.06666666666666667,0.0,2
Prim,0.8478937314463509,0.018310722772863806,10,0.5972464016541456,29.7817964553833,0.9230769230769231,0.38461538461538464,0.0,0.26666666666666666,0.0,1
Kruskal,0.7325264630743337,0.04522737736055439,15,0.6943528713674301,31.89334750175476,1.0,0.6923076923076923,0.5,0.0,0.03571428571428571,3
GPrim,0.9076249523944777,0.11449686179907845,28,1.5834064749745456,40.627930641174316,1.0,1.0,1.0,0.9333333333333333,0.0,4
