models,delta,spacing,onvg,hypervolume,c_A,c_B,c_C,c_D,c_E,score
A,0.9669706106200869,0.005970720130346187,8,0.04540588474233567,0.0,0.0,0.0,0.0,0.0,0
B,0.9480612188393599,0.004988795878509759,19,0.13525950371496875,1.0,0.0,0.0,0.0,0.0,1
C,0.998513357630264,0.0027801952038807327,5,0.0370109888652812,1.0,0.42105263157894735,0.0,0.4,0.0,3
D,0.9374380411860913,0.004096190470195063,15,0.13458687650166343,1.0,1.0,0.0,0.0,0.0,2
E,0.7605232086830428,0.0024400336139607797,100,0.3835556727424638,1.0,1.0,1.0,0.9333333333333333,0.0,4
