models,delta,spacing,onvg,hypervolume,time,c_A,c_B,c_C,c_D,c_E,score
A,0.9619526208476683,1.388640048849968,8,0.36237528495163285,93.70086765289307,0.0,0.0,0.0,0.0,0.0,0
B,0.9385818003726184,0.9642565929188114,19,1.0794790472484228,1135.449526309967,1.0,0.0,0.0,0.0,0.0,1
C,0.9974874373193909,0.5477242167508792,5,0.29537729993603623,165.258695602417,1.0,0.42105263157894735,0.0,0.4,0.0,3
D,0.902368995837705,1.1463447536807805,15,1.074110943984475,368.42053985595703,1.0,1.0,0.0,0.0,0.0,2
E,0.5751485079132863,0.48367190648173364,100,3.0610811130230564,233.0424406528473,1.0,1.0,1.0,0.9333333333333333,0.0,4
