models,delta,spacing,onvg,hypervolume,time,c_Prufer,c_NetKeys,c_Prim,c_Kruskal,c_GPrim,score
Prufer,0.9398012803013747,0.00026953958010185594,4,0.49349437318740896,53.29872536659241,0.0,0.0,0.0,0.0,0.0,0
NetKeys,0.9534203621789141,0.011796203088894468,10,0.6453025935451991,114.05937361717224,1.0,0.0,0.0,0.0,0.0,1
Prim,0.9735970260786893,0.0075784205162755984,3,0.6152180296021416,65.90132188796997,1.0,0.7,0.0,1.0,0.0,3
Kruskal,0.9720176181573571,0.00037133216213796797,3,0.5959486916111144,81.664715051651,1.0,0.5,0.0,0.0,0.0,2
GPrim,0.8180037137588699,0.008806258604871834,42,0.8609279638892129,113.77177000045776,1.0,1.0,1.0,1.0,0.0,4
