models,delta,spacing,onvg,hypervolume,time,c_Prufer,c_NetKeys,c_Prim,c_Kruskal,c_GPrim,score
Prufer,0.9924982745290765,0.05913423561100478,6,0.4809192548758508,599.0705614089966,0.0,0.0,0.0,0.0,0.0,0
NetKeys,0.9894448165899983,0.019869267647407454,5,0.5860726480513566,1463.062097787857,1.0,0.0,1.0,1.0,0.0,3
Prim,0.9968549587939247,0.0,2,0.5652487377770029,287.72122287750244,1.0,0.0,0.0,0.75,0.0,2
Kruskal,0.9468893771668995,0.0580121044486811,4,0.5376029501273357,471.15785336494446,1.0,0.0,0.0,0.0,0.0,1
GPrim,0.9353544009771122,0.0032856052754010306,27,0.7755577087146934,808.4816570281982,1.0,1.0,1.0,1.0,0.0,4
