models,delta,spacing,onvg,hypervolume,time,c_A,c_B,c_C,c_D,c_E,score
A,0.9107403700647444,0.015930047887560708,7,0.08721099178549133,661.360030412674,0.0,0.0,0.0,0.0,0.0,0
B,0.9939567360299633,0.036091241606081834,3,0.03236567447236399,1501.3000020980835,1.0,0.0,0.7142857142857143,0.3333333333333333,0.0,3
C,0.9828997916808012,0.005237006565814633,7,0.024072751415946912,302.95002460479736,1.0,0.0,0.0,0.0,0.0,1
D,0.9931247126281961,0.02589527564686164,3,0.0243060443519503,635.2821507453918,0.8571428571428571,0.0,0.42857142857142855,0.0,0.0,2
E,0.9386601255525092,0.0036565231838791954,21,0.10781379369965222,540.3410775661469,1.0,1.0,1.0,1.0,0.0,4
