models,delta,spacing,onvg,hypervolume,c_A,c_B,c_C,c_D,c_E,score
A,0.8632478677871994,4.741664236214975e-05,7,0.028126690813564816,0.0,0.0,0.0,0.0,0.0,0
B,0.8461538567064001,7.719902910176709e-05,7,0.026821131928362933,1.0,0.0,0.08333333333333333,0.07692307692307693,0.0,1
C,0.7389277600318652,4.768629559280657e-05,12,0.05579374117813401,1.0,0.8571428571428571,0.0,0.23076923076923078,0.0,2
D,0.6923077359088332,0.00014432585186414373,13,0.06817599768765353,1.0,0.7142857142857143,0.5,0.0,0.0,3
E,0.4615386001338597,0.0003045287965770677,22,0.13456390189044354,1.0,1.0,1.0,0.9230769230769231,0.0,4
