models,delta,spacing,onvg,hypervolume,time,c_Prufer,c_NetKeys,c_Prim,c_Kruskal,c_GPrim,score
Prufer,0.764409494194307,0.0369825881244851,9,0.5729127644977687,22.735437870025635,0.0,0.0,0.0,0.07692307692307693,0.0,0
NetKeys,0.8176092306779857,0.029215775680466714,10,0.6202287133505006,23.82525110244751,1.0,0.0,0.09090909090909091,0.07692307692307693,0.0,1
Prim,0.8352827726862624,0.051030126159536074,11,0.6253493250197631,28.731485843658447,1.0,0.8,0.0,0.38461538461538464,0.0,3
Kruskal,0.7621737019973926,0.0549906410359643,13,0.6754995435159462,32.02828097343445,0.8888888888888888,0.7,0.2727272727272727,0.0,0.06896551724137931,2
GPrim,0.8090723485935434,0.07876347556798742,29,1.169236208576517,40.04614472389221,1.0,1.0,1.0,0.8461538461538461,0.0,4
