models,delta,spacing,onvg,hypervolume,time,c_Prufer,c_NetKeys,c_Prim,c_Kruskal,c_GPrim,score
Prufer,0.9001043963776022,0.018665608584375264,6.6,0.12503830296302,23.946170210838318,0.0,0.01,0.0125,0.0,0.0,0.0
NetKeys,0.8700714396143354,0.018888679748377525,10.0,0.16934840288811354,23.52677364349365,0.9547619047619047,0.0,0.4960064935064934,0.25198135198135196,0.004166666666666666,1.9
Prim,0.8834826767615471,0.01551355724845061,9.5,0.1391253060071765,27.754054808616637,0.9347619047619048,0.23979797979797982,0.0,0.11674825174825176,0.0,1.4
Kruskal,0.8706454119013545,0.02198380650318609,10.5,0.19396970715037068,33.54302949905396,0.9714285714285713,0.5156005106005106,0.531598124098124,0.0,0.027584249084249085,2.7
GPrim,0.809374910478548,0.07195716617126152,25.4,0.5960947982512662,41.428439474105836,1.0,0.990909090909091,1.0,0.9183022533022533,0.0,4.0
