models,delta,spacing,onvg,hypervolume,time,c_Prufer,c_NetKeys,c_Prim,c_Kruskal,c_GPrim,score
Prufer,0.9768882648187627,0.009600853138769218,4,0.4347644944764007,237.96413350105286,0.0,0.2857142857142857,0.0,0.0,0.0,1
NetKeys,0.9590674012847377,0.008026876878754436,21,0.5810432030097902,1177.7798399925232,0.0,0.0,0.0,0.0,0.0,0
Prim,0.9914405806146028,0.008161401439532997,6,0.523132738043845,188.69117069244385,1.0,0.42857142857142855,0.0,0.0,0.0,2
Kruskal,0.9835853390694193,0.0060909517234920855,7,0.5335003806596021,346.3127534389496,1.0,0.42857142857142855,0.6666666666666666,0.0,0.0,3
GPrim,0.7625248010210378,0.0007535473890492077,93,0.6997978339796114,281.32777094841003,1.0,1.0,1.0,1.0,0.0,4
