models,delta,spacing,onvg,hypervolume,time,c_Prufer,c_NetKeys,c_Prim,c_Kruskal,c_GPrim,score
Prufer,0.7859425764962117,0.031237750462985978,6,0.5725790779928431,22.958472728729248,0.0,0.0,0.0,0.0,0.0,0
NetKeys,0.8206486786968888,0.046398800811893744,11,0.6503986217520069,23.363319873809814,1.0,0.0,0.9090909090909091,0.15789473684210525,0.0,2
Prim,0.7897442471120054,0.07424160399271389,11,0.6342381634997168,29.013680934906006,1.0,0.0,0.0,0.0,0.0,1
Kruskal,0.801520938101542,0.06470690536687061,19,0.6940234142925995,31.535576105117798,1.0,0.5454545454545454,1.0,0.0,0.07142857142857142,3
GPrim,0.8507861346637001,0.07524783484762916,28,1.2601593115615708,40.443275451660156,1.0,1.0,1.0,0.8947368421052632,0.0,4
