models,igd,delta,spacing,onvg,hypervolume,c_A,c_B,c_C,c_D,c_E,score
A,0.858778210991456,0.7368421164565451,9.757628849828481e-05,6,0.01198135596029272,0.0,0.0,0.0,0.0,0.0,0
B,0.6224949883661379,0.6184210658777549,0.3332841670442907,9,0.02324301940247546,0.8333333333333334,0.0,0.2222222222222222,0.2222222222222222,0.0,1
C,0.466368966240605,0.63157896752461,0.3334574472032492,9,0.022359462107325208,0.8333333333333334,0.3333333333333333,0.0,0.1111111111111111,0.0,2
D,0.4663689680730389,0.631578966985348,0.440933954373991,9,0.021285747067747753,0.8333333333333334,0.5555555555555556,0.5555555555555556,0.0,0.05,3
E,6.920122661467579e-05,6.412133835998524e-06,0.00042759188175438354,20,0.06262570094971953,1.0,1.0,1.0,0.8888888888888888,0.0,4
