models,igd,delta,spacing,onvg,hypervolume,c_A,c_B,c_C,c_D,c_E,c_F,score
A,0.858778210991456,0.7368421164565451,9.757628849828481e-05,6,0.01198135596029272,0.0,0.0,0.0,0.0,0.0,0.0,0
B,0.512347547518684,0.4736842500571447,0.00018105421937461615,11,0.025564848823710275,1.0,0.0,0.2,0.25,0.0,0.0,1
C,0.46368094006827043,0.567251486923779,5.949728276900123e-05,10,0.021431924905658442,1.0,0.36363636363636365,0.0,0.25,0.1,0.05,3
D,0.38729835302165216,0.4210526711686262,5.592056503230866e-05,12,0.023232876938264202,1.0,0.36363636363636365,0.2,0.0,0.05,0.0,2
E,6.667200760329309e-05,6.434924853339753e-06,0.00045627152349453067,20,0.06285371518486703,1.0,0.8181818181818182,0.6,0.6666666666666666,0.0,0.15,4
F,6.661595999006055e-05,6.328058969682961e-06,0.00045782325022255345,20,0.06288939508647738,1.0,0.8181818181818182,0.6,0.75,0.35,0.0,5
