models,delta,spacing,onvg,hypervolume,time,c_Prufer,c_NetKeys,c_Prim,c_Kruskal,c_GPrim,score
Prufer,0.9588445867298883,0.005265578290755488,7,0.424568348525644,233.958829164505,0.0,0.35714285714285715,0.0,0.0,0.0,1
NetKeys,0.8968748791649187,0.028087838949071242,28,0.6008644857715842,1183.050443649292,0.2857142857142857,0.0,0.0,0.0,0.0,0
Prim,0.9940533291976087,0.0027594954678403054,7,0.5426375855669885,189.22168731689453,1.0,0.5,0.0,0.0,0.0,2
Kruskal,0.9938658240214118,0.04664568708871641,3,0.5434385573028515,341.52466893196106,1.0,0.5,1.0,0.0,0.0,3
GPrim,0.7908208504800279,0.0007476191129092062,89,0.6950142282383643,281.0947504043579,1.0,1.0,1.0,1.0,0.0,4
