models,delta,spacing,onvg,hypervolume,time,c_Prufer,c_NetKeys,c_Prim,c_Kruskal,c_GPrim,score
Prufer,0.9735004452109212,0.003796290484983513,7,0.4327415726973053,233.958829164505,0.0,0.35714285714285715,0.0,0.0,0.0,1
NetKeys,0.9225545584593363,0.007108056756977753,28,0.6354448976791958,1183.050443649292,0.2857142857142857,0.0,0.0,0.0,0.0,0
Prim,0.9939254671285,0.002689310366388018,7,0.552323562903999,189.22168731689453,1.0,0.5,0.0,0.0,0.0,2
Kruskal,0.9939220442262416,0.04628710294927984,3,0.5524969677225097,341.52466893196106,1.0,0.5,1.0,0.0,0.0,3
GPrim,0.7906948628477347,0.0007447782030051595,89,0.7028380732618467,281.0947504043579,1.0,1.0,1.0,1.0,0.0,4
