models,igd,delta,spacing,onvg,hypervolume,c_A,c_B,c_C,c_D,c_E,score
A,0.5545268389217332,0.6766917367163899,0.35365408543219573,8,0.02177148746101746,0.0,0.0,0.0,0.0,0.0,0
B,0.5147815165364042,0.5672514758646,0.3162005090959845,10,0.02541367074990103,1.0,0.0,0.2222222222222222,0.18181818181818182,0.0,1
C,0.46636896619149937,0.6315789624070948,0.3333157349983645,9,0.022548938634560867,1.0,0.5,0.0,0.18181818181818182,0.0,2
D,0.5123475501633079,0.47368425217609667,7.941980263426472e-05,11,0.022433090375530727,1.0,0.7,0.5555555555555556,0.0,0.0,3
E,6.63758000221708e-05,6.3567081092312766e-06,0.00045890245719729556,20,0.06293789346792486,1.0,1.0,1.0,0.9090909090909091,0.0,4
