models,igd,delta,spacing,onvg,hypervolume,c_A,c_B,c_C,c_D,c_E,c_F,score
A,0.5567764495656066,0.7368421104135917,0.37807665690637077,7,0.021964037863436654,0.0,0.0,0.0,0.0,0.0,0.0,0
B,0.41533120449444283,0.42105267480897896,0.00017643116832660066,12,0.027479899728444813,1.0,0.0,0.15384615384615385,0.16666666666666666,0.0,0.0,1
C,0.3316625001017953,0.36842109597626255,7.224734712882212e-05,13,0.025318575840798878,1.0,0.3333333333333333,0.0,0.3333333333333333,0.0,0.0,3
D,0.41533120738717005,0.4210526776894989,7.703813536310494e-05,12,0.024498046349890612,1.0,0.4166666666666667,0.23076923076923078,0.0,0.0,0.0,2
E,6.627341390690316e-05,6.356685823320033e-06,0.00045921137971685096,20,0.06295144160502136,1.0,0.75,0.46153846153846156,0.75,0.0,0.0,4
F,6.615499061805172e-05,6.400223574735664e-06,0.00045959538707577923,20,0.06295573841113879,1.0,0.75,0.46153846153846156,0.75,0.45,0.0,5
