models,delta,spacing,onvg,hypervolume,time,c_A,c_B,c_C,c_D,c_E,score
A,0.90027034948963,0.011318350087344888,8,0.1333809040330679,28.54807949066162,0.0,0.0,0.0,0.0,0.0,0
B,0.8888168585285995,0.008748720462189878,9,0.14164679367319777,41.60219407081604,1.0,0.0,0.14285714285714285,0.3333333333333333,0.0,2
C,0.9380167993644397,0.0032669236495182284,7,0.1185640650965746,29.7965304851532,0.75,0.5555555555555556,0.0,0.3333333333333333,0.0,2
D,0.882847278646364,0.007262347986071734,9,0.10952408730508448,37.50589632987976,1.0,0.2222222222222222,0.42857142857142855,0.0,0.0,2
E,0.6150058319962465,0.03088560760607425,34,0.575155372848926,45.00978970527649,1.0,1.0,1.0,1.0,0.0,4
