models,delta,spacing,onvg,hypervolume,time,c_Prufer,c_NetKeys,c_Prim,c_Kruskal,c_GPrim,score
Prufer,0.9301130483010103,0.024094505916018628,6,0.5604773060674183,26.70469307899475,0.0,0.0,0.0,0.0,0.0,0
NetKeys,0.8798029661120648,0.0014626320489464835,9,0.6113421669078528,38.95503306388855,1.0,0.0,0.3333333333333333,0.1111111111111111,0.0,1
Prim,0.8637766845632991,0.009597687802800379,12,0.7085344319231194,28.13849925994873,1.0,0.4444444444444444,0.0,0.3333333333333333,0.0,2
Kruskal,0.9007266945674446,0.011105524312408445,9,0.5883710605212987,33.40708255767822,1.0,0.5555555555555556,0.3333333333333333,0.0,0.0,2
GPrim,0.5419706053600906,0.007765271723253708,35,0.8733773392943293,42.55695462226868,1.0,1.0,1.0,0.8888888888888888,0.0,4
