models,delta,spacing,onvg,hypervolume,time,c_Prufer,c_NetKeys,c_Prim,c_Kruskal,c_GPrim,score
Prufer,0.9468122998283172,0.07169312629926353,6,0.5067700867282511,26.70469307899475,0.0,0.0,0.0,0.0,0.0,0
NetKeys,0.8761001913311153,0.00687182331623298,9,0.5608335530097578,38.95503306388855,1.0,0.0,0.3333333333333333,0.1111111111111111,0.0,1
Prim,0.8387769544993872,0.023860513481692956,12,0.6476423416598556,28.13849925994873,1.0,0.4444444444444444,0.0,0.3333333333333333,0.0,2
Kruskal,0.8824114294505196,0.013703013518470062,9,0.5453657561956524,33.40708255767822,1.0,0.5555555555555556,0.3333333333333333,0.0,0.0,2
GPrim,0.5876456246110121,0.036483253134768336,35,0.7749221388473956,42.55695462226868,1.0,1.0,1.0,0.8888888888888888,0.0,4
