models,igd,delta,spacing,onvg,hypervolume,time,c_A,c_B,c_C,c_D,c_E,score
A,0.04951442585031004,0.8265005522868258,0.03761095584909492,7,0.1740738317569859,12.445884704589844,0.0,0.0,0.0,0.0,0.0,0
B,0.03963408250247474,0.7399562307013102,0.015630774678016292,10,0.27119120515997336,24.462085723876953,1.0,0.0,0.18181818181818182,0.2,0.0,1
C,0.03823855651748826,0.7057652373321942,0.020375559410910078,11,0.27597552841351347,18.135889291763306,1.0,0.6,0.0,0.3,0.0,3
D,0.03947398845218889,0.7398520352602409,0.020524411544933,10,0.27442651215045694,21.030391454696655,1.0,0.8,0.2727272727272727,0.0,0.05,2
E,0.01695817722952584,0.6427844203681704,0.11779543161874437,20,0.8070178839316273,26.019518852233887,1.0,1.0,0.5454545454545454,0.8,0.0,4
