models,igd,delta,spacing,onvg,hypervolume,time,c_Prufer,c_NetKeys,c_Prim,c_Kruskal,c_GPrim,score
Prufer,0.04675533645724316,0.8370016459243945,0.037919500529620564,7,0.6599251988536472,16.90532374382019,0.0,0.7777777777777778,0.23076923076923078,0.7142857142857143,0.0,2
NetKeys,0.04304316855603016,0.7673991386562994,0.027337641454985386,9,0.7423327402651859,23.39620327949524,0.0,0.0,0.15384615384615385,0.0,0.0,0
Prim,0.03663683391311452,0.6533836485539661,0.01105461174569561,13,0.6998742659053625,17.758549213409424,0.42857142857142855,0.6666666666666666,0.0,0.7142857142857143,0.0,3
Kruskal,0.053593811588741214,0.8245579066746773,0.01554333045090544,7,0.6598622417010842,20.079134464263916,0.2857142857142857,0.7777777777777778,0.15384615384615385,0.0,0.0,1
GPrim,0.0002718909175914528,0.6020746375935138,0.0937485992404943,20,0.8257767827340134,24.84540343284607,1.0,1.0,0.38461538461538464,1.0,0.0,4
