models,igd,delta,spacing,onvg,hypervolume,time,c_Prufer,c_NetKeys,c_Prim,c_Kruskal,c_GPrim,score
Prufer,0.05052090798128713,0.8543932286557872,0.021825121162913595,6,0.16711789233932223,19.200562715530396,0.0,0.4,0.0,0.35714285714285715,0.0,2
NetKeys,0.03963408250247474,0.7399562307013102,0.015630774678016292,10,0.27119120515997336,24.462085723876953,0.3333333333333333,0.0,0.18181818181818182,0.07142857142857142,0.0,0
Prim,0.03823855651748826,0.7057652373321942,0.020375559410910078,11,0.27597552841351347,18.135889291763306,0.6666666666666666,0.6,0.0,0.5714285714285714,0.0,3
Kruskal,0.03833196998661828,0.6255764795583862,0.0002409397432558552,14,0.32823214214207613,22.810871839523315,0.3333333333333333,0.3,0.09090909090909091,0.0,0.0,1
GPrim,0.01695817722952584,0.6427844203681704,0.11779543161874437,20,0.8070178839316273,26.019518852233887,0.8333333333333334,1.0,0.5454545454545454,0.6428571428571429,0.0,4
