models,igd,delta,spacing,onvg,hypervolume,time,c_Prufer,c_NetKeys,c_Prim,c_Kruskal,c_GPrim,score
Prufer,0.09512804516787594,0.8106606150921586,0.04765622550096778,7,0.5982856806099649,16.90532374382019,0.0,0.7777777777777778,0.23076923076923078,0.7142857142857143,0.0,2
NetKeys,0.08160563803978882,0.7497203238288337,0.06603119247210183,9,0.6536329936994513,23.39620327949524,0.0,0.0,0.15384615384615385,0.0,0.0,0
Prim,0.08430702981621577,0.6862387551637579,0.028058828910467293,13,0.6227746468216312,17.758549213409424,0.42857142857142855,0.6666666666666666,0.0,0.7142857142857143,0.0,3
Kruskal,0.09846157036249888,0.8380433767528943,0.03945210015997435,7,0.5981258826891432,20.079134464263916,0.2857142857142857,0.7777777777777778,0.15384615384615385,0.0,0.0,1
GPrim,0.0006901138560546055,0.9157873553251061,0.23795280804043012,20,2.492647841503847,24.84540343284607,1.0,1.0,0.38461538461538464,1.0,0.0,4
