models,igd,delta,spacing,onvg,hypervolume,c_A,c_B,c_C,c_D,c_E,score
A,0.8587782483871207,0.7368421390537827,0.0003291773345577858,6,0.024770418902498405,0.0,0.0,0.0,0.0,0.0,0
B,0.6041523073601057,0.5789474592924616,0.00014303376819342097,9,0.033653044622994614,1.0,0.0,0.4166666666666667,0.25,0.0,1
C,0.3354102266135688,0.46411497642405025,0.00017212083830105986,12,0.05202168949356599,1.0,0.4444444444444444,0.0,0.25,0.0,2
D,0.6062177992175684,0.6691729789040519,0.00023337473618917213,8,0.036646920191773874,1.0,0.6666666666666666,0.6666666666666666,0.0,0.0,3
E,0.00038165807964419586,1.577602865593937e-05,0.0009142379014787015,20,0.12673983743372852,1.0,1.0,1.0,1.0,0.0,4
