models,delta,spacing,onvg,hypervolume,time,c_Prufer,c_NetKeys,c_Prim,c_Kruskal,c_GPrim,score
Prufer,0.9752991606145216,0.009240643861682687,5.1,0.42718217708296313,238.22676780223847,0.0,0.14820836239634194,0.0,0.0,0.0,0.4
NetKeys,0.9117560575067347,0.012520260815083973,21.2,0.58980005112954,1184.0608460903168,0.3269047619047619,0.0,0.0,0.0,0.0,0.6
Prim,0.9771240940828205,0.007220230688592219,7.5,0.5393499996505264,189.2120442390442,1.0,0.5819768769167746,0.0,0.24246031746031743,0.0,2.3
Kruskal,0.9808123375997356,0.005891990430770444,7.3,0.5429409452621479,348.84908413887024,1.0,0.6124257758439343,0.4500974025974026,0.0,0.0,2.7
GPrim,0.7945635572572918,0.002096492640447031,85.6,0.6992477355886025,286.58314456939695,1.0,1.0,1.0,1.0,0.0,4.0
