models,delta,spacing,onvg,hypervolume,time,c_Prufer,c_NetKeys,c_Prim,c_Kruskal,c_GPrim,score
Prufer,0.82136637940597,0.04886481504917297,9,0.6554725978197783,27.741475820541382,0.0,0.09090909090909091,0.0,0.0,0.0,0
NetKeys,0.753005434834174,0.028549893983547667,11,0.6947490423447032,39.388455390930176,0.8888888888888888,0.0,0.25,0.0,0.0,1
Prim,0.8391750450076195,0.055818288427707224,12,0.6993147364574834,29.34442710876465,1.0,0.6363636363636364,0.0,0.25,0.0,2
Kruskal,0.7326324837165278,0.06366272223956153,12,0.7328201455511456,33.55412793159485,1.0,0.9090909090909091,0.5,0.0,0.0,3
GPrim,1.0185537534301214,0.1711155228832863,38,2.8490560911187806,41.95329928398132,1.0,1.0,0.9166666666666666,1.0,0.0,4
