models,delta,spacing,onvg,hypervolume,time,c_A,c_B,c_C,c_D,c_E,score
A,0.9025641049020149,0.8164977857617038,6,0.03384657377966276,18.442188262939453,0.0,0.0,0.0,0.0,0.0,0
B,0.8388278491968065,9.018139394013419e-05,8,0.03787159298622958,40.022441387176514,1.0,0.0,0.45454545454545453,0.18181818181818182,0.0,2
C,0.7948718120567644,5.0768513466675434e-05,11,0.06309448253061153,28.901875019073486,1.0,0.25,0.0,0.2727272727272727,0.0,1
D,0.7641025897681077,0.00015897182417059502,11,0.06655507476817174,36.149123430252075,1.0,0.625,0.36363636363636365,0.0,0.0,3
E,0.12820691680144158,0.0007023850572181695,35,0.25957329045450933,43.39162230491638,1.0,1.0,1.0,1.0,0.0,4
