models,igd,delta,spacing,onvg,hypervolume,c_A,c_B,c_C,c_D,c_E,score
A,1.019803917709455,0.8157894958668563,0.4472757457674997,5,0.018901387828841196,0.0,0.0,0.0,0.0,0.0,0
B,0.4213075056608284,0.5847953878999137,0.00018006572247039994,10,0.04648981164143542,1.0,0.0,0.14285714285714285,0.0,0.0,1
C,0.6557438694767435,0.7543860008623289,0.7559970926813118,7,0.03218624137601614,1.0,0.7,0.0,0.3,0.0,2
D,0.46368094337663457,0.567251554119119,9.59632096116063e-05,10,0.040511214143347456,1.0,0.9,0.5714285714285714,0.0,0.0,3
E,0.0002565726192276306,6.885616049324327e-06,0.0009102404610897455,20,0.12682543584539885,1.0,1.0,1.0,1.0,0.0,4
