models,delta,spacing,onvg,hypervolume,time,c_Prufer,c_NetKeys,c_Prim,c_Kruskal,c_GPrim,score
Prufer,0.9647844665957905,0.007050686549863171,7,0.6361809571293356,60.92205023765564,0.0,0.0,0.0,0.0,0.0,0
NetKeys,0.9716926079681252,0.004263240301022259,6,0.6844152242622913,119.03153133392334,1.0,0.0,0.0,0.0,0.0,1
Prim,0.9402981674979732,0.010193370931336094,10,0.6997064496696657,68.98614239692688,1.0,0.8333333333333334,0.0,0.0,0.0,2
Kruskal,0.9764993591961765,0.003906124695860187,5,0.6955544886394648,82.77359890937805,1.0,1.0,0.6,0.0,0.0,3
GPrim,0.7664298785118396,0.023678975683362153,65,0.939545904710833,106.96716690063477,1.0,1.0,1.0,1.0,0.0,4
