Instance,Prufer-mean,Prufer-std,NetKeys-mean,NetKeys-std,Prim-mean,Prim-std,Kruskal-mean,Kruskal-std,GPrim-mean,GPrim-std
NIn1,8.8,2.039607805437114,9.9,0.7,11.6,2.1071307505705477,11.0,1.4832396974191326,20.0,0.0
NIn2,8.4,1.2,10.6,1.3564659966250536,11.8,2.181742422927143,9.0,1.61245154965971,20.0,0.0
NIn3,8.9,1.374772708486752,9.4,1.1135528725660042,11.0,2.32379000772445,10.4,1.42828568570857,20.0,0.0
NIn4,8.7,1.4177446878757827,10.0,1.7888543819998317,11.7,1.676305461424021,12.4,1.3564659966250536,20.0,0.0
NIn5,8.5,1.4317821063276353,10.5,1.91049731745428,10.6,1.6852299546352716,9.9,1.0440306508910548,20.0,0.0
NIn6,8.7,1.268857754044952,10.8,1.98997487421324,12.3,2.193171219946131,10.7,1.9000000000000001,20.0,0.0
