Instance,Prufer-mean,Prufer-std,NetKeys-mean,NetKeys-std,Prim-mean,Prim-std,Kruskal-mean,Kruskal-std,GPrim-mean,GPrim-std
NIn1,0.6543414628386495,0.018437333861051328,0.6979628533043665,0.026065833488503436,0.670539827378566,0.02062729496565661,0.6785044083673488,0.033093488734357766,0.793605542835865,0.00013321712062116763
NIn2,0.6421135489865931,0.022881296827642512,0.7179977854184211,0.0215017506354117,0.6717216183903596,0.018874887684120347,0.6687206986721892,0.02586667914074759,0.7942618824552194,0.00017588396335234125
NIn3,0.6683449178131744,0.02806055241736678,0.7183611376113588,0.029782066841799147,0.67346669157763,0.03238475979171588,0.6904063130229051,0.031224472645084753,0.794136837211353,0.00010537424215886293
NIn4,0.6433268623203363,0.024296094139631706,0.7073830742030537,0.021673790020198945,0.6535770052170997,0.02407141490361293,0.6640224547334224,0.027977780760175097,0.794186031482873,0.00013047821074877993
NIn5,0.6637886352632714,0.02995031017462063,0.7215055518454203,0.021781888160347675,0.650895697517113,0.027691134316214415,0.6837083796329436,0.021359272017126153,0.7936898949934907,0.00010924300994351161
NIn6,0.6484418783098755,0.038638446781217445,0.6941785181093437,0.028996813215889268,0.676846792608132,0.028654154802467444,0.6752950582775215,0.03132482895957119,0.7933356229435444,0.00020983271446861211
