models,igd,delta,spacing,onvg,hypervolume,time,c_Prufer,c_NetKeys,c_Prim,c_Kruskal,c_GPrim,score
Prufer,0.04820246598962885,0.7952982982038828,0.03211587166091094,8,0.6984664261143003,17.134586334228516,0.0,0.375,0.18181818181818182,0.1,0.0,0
NetKeys,0.04286824703501029,0.8026026190725016,0.03571397081320083,8,0.6993652808649092,23.19273066520691,0.5,0.0,0.18181818181818182,0.2,0.05,1
Prim,0.03999851179231021,0.7095587624319312,0.011584020993320756,11,0.7000037798162497,17.512800693511963,0.75,0.75,0.0,0.6,0.0,3
Kruskal,0.04261377776758848,0.7382804414126581,0.012994921305149693,10,0.6997687284938937,20.11759924888611,0.875,0.625,0.2727272727272727,0.0,0.0,2
GPrim,0.0006094244692954063,0.5960026238668961,0.09326913242584155,20,0.8255741980342349,24.328895807266235,1.0,0.875,0.45454545454545453,0.8,0.0,4
