models,delta,spacing,onvg,hypervolume,time,c_Prufer,c_NetKeys,c_Prim,c_Kruskal,c_GPrim,score
Prufer,0.9679283383087551,0.00924343165430562,7,0.6658138177740468,125.80672192573547,0.0,0.0,0.0,0.0,0.0,0
NetKeys,0.9719626076646056,0.0037557879250510163,6,0.7484086967860311,139.85151314735413,1.0,0.0,0.9,0.0,0.0,2
Prim,0.9505263106853106,0.0031141310575279555,10,0.7567640470763491,106.35977578163147,1.0,0.0,0.0,0.0,0.0,1
Kruskal,0.9873308178035979,0.006824094524598101,3,0.769519732324398,118.10908532142639,0.8571428571428571,0.5,0.6,0.0,0.0,3
GPrim,1.0866596983678802,0.10941017716807902,22,0.9224556650694402,189.5472903251648,1.0,1.0,1.0,1.0,0.0,4
