models,igd,delta,spacing,onvg,hypervolume,c_A,c_B,c_C,c_D,c_E,score
A,0.7369678228170131,0.7419298297142691,0.2713761850491535,5.7,0.01492851110314312,0.0,0.0,0.0,0.0,0.0,0.0
B,0.6552336727058783,0.5310821486490095,0.12687403973246336,10.3,0.027425473619258067,0.9800000000000001,0.0,0.2594444444444445,0.2030769230769231,0.015263157894736843,1.5
C,0.5782594072644004,0.6157477237850689,0.11708101858009352,8.9,0.019802971267092385,0.9800000000000001,0.47373071373071374,0.0,0.2888111888111888,0.025526315789473685,1.8
D,0.5046279467294427,0.4987719683573844,0.093503963292861,11.0,0.026116466681270028,1.0,0.6110900210900211,0.46333333333333326,0.0,0.0,2.7
E,0.04241270579074225,0.036846354734185224,0.00032781835826693306,19.3,0.0538646860119665,1.0,0.9354545454545455,0.9119444444444443,0.9378321678321679,0.0,4.0
