models,delta,spacing,onvg,hypervolume,time,c_Prufer,c_NetKeys,c_Prim,c_Kruskal,c_GPrim,score
Prufer,0.9341575449675898,0.0,2,0.4399296485051457,22.76446771621704,0.0,0.0,0.0,0.0,0.0,0
NetKeys,0.8924124983378952,0.0008254201863148682,8,0.6010098305624625,24.12876057624817,1.0,0.0,0.0,0.0,0.0,1
Prim,0.9844190909008645,0.0,2,0.5487603689824684,28.09693455696106,1.0,0.25,0.0,0.2,0.0,2
Kruskal,0.9383268490341158,0.0018224453916183697,5,0.6177315703688238,33.182305097579956,1.0,0.5,0.5,0.0,0.0625,3
GPrim,0.779026240083818,0.003514257218521945,16,0.7385490019370585,42.31127715110779,1.0,1.0,1.0,0.8,0.0,4
